tree
version=v4
num_class=1
num_tree_per_iteration=1
label_index=0
max_feature_idx=26
objective=regression
feature_names=ret_1d mom_3d mom_5d mom_10d mom_20d mom_20d_skip1 volatility_5d volatility_20d range_1d gap_1d true_range_1d intraday_ret close_position body_direction body_ratio upper_shadow lower_shadow log_amount log_volume delta_log_amount delta_log_volume amount_shock_5d amount_shock_20d limit_up limit_down missing_price_volume history_available_count_20d
feature_infos=[-0.20022556185722351:0.20158103108406067] [-0.34494772553443909:0.72866517305374146] [-0.43065696954727173:0.99616718292236328] [-0.59903717041015625:1.5960264205932617] [-0.65051484107971191:5.7313346862792969] [-0.63453453779220581:5.1193461418151855] [0:0.18176354467868805] [0:0.16661569476127625] [0:0.29611653089523315] [-0.18309858441352844:0.20046894252300262] [0:0.29962065815925598] [-0.19282510876655579:0.26025637984275818] [0:1] [-1:1] [0:0.23888887465000153] [0:0.15593476593494415] [0:0.17104464769363403] [0:23.836166381835938] [0:21.84943962097168] [-20.877862930297852:21.764255523681641] [-18.551750183105469:18.871057510375977] [-20.936689376831055:21.764255523681641] [-21.120197296142578:21.764255523681641] [0:1] [0:1] none [16:20]
tree_sizes=3305 3329 3321 3332 3337 3343 3356 3361 3341 3350 3332 3345 3338 3373 3368 3339 3349 3371 3368 3358 3402 3375 3347 3354 3340 3347 3361 3346 3347 3370 3381 3360 3332 3345 3337 3378 3353 3376 3348 3389 3368 3374 3372 3357 3329 3368 3396 3383 3332 3390 3382 3390 3345 3329 3352 3347 3365 3324 3402 3339 3363 3300 3366 3324 3363 3342 3381 3357 3357 3379 3322 3350 3306 3335 3407 3311 3355 3324 3377 3363 3245 3373 3320 3315 3362 3237 3225 3355 3336 3388 3362 3374 3326 3385 3344 3297 3360 3306 3340 3389

Tree=0
num_leaves=31
num_cat=0
split_feature=23 24 8 22 8 3 10 16 6 10 20 2 0 6 3 11 12 0 22 20 16 17 22 19 21 17 17 3 0 1
split_gain=24.4625 16.153 7.22954 4.29948 3.47982 2.96211 1.97537 1.92584 1.20715 1.19903 1.15252 0.883048 0.797148 0.634142 1.02559 0.594685 0.531503 0.529265 0.508204 0.506847 0.503899 0.498134 0.489852 0.463927 0.462509 0.41396 0.372206 0.370726 0.352018 0.346097
threshold=1.0000000180025095e-35 1.0000000180025095e-35 1.0000000180025095e-35 1.4205748438835146 1.0000000180025095e-35 -0.15991287678480146 0.098605554550886168 0.014634101185947658 0.064474463462829604 0.098605554550886168 -0.13368713110685346 0.088306959718465819 -0.026645354926586148 0.024314719252288345 0.002107127802446485 0.021978009492158893 0.24619074165821078 0.10007363557815553 2.2795250415802006 -0.63527524471282948 0.0069771702401340016 17.981256484985355 1.5092073678970339 -0.38813190162181849 0.36481021344661718 19.858320236206058 17.873459815979007 -0.2058937922120094 -0.05132468789815902 -0.0010021917405538259
decision_type=2 2 2 10 2 8 10 2 8 8 8 10 10 10 8 2 2 8 10 8 2 2 10 8 10 2 2 10 10 10
left_child=1 3 9 5 22 12 -5 13 -6 -2 -4 26 21 14 29 -13 -16 -12 -8 -10 28 27 -3 -14 -21 -19 -9 -1 -15 -7
right_child=2 4 10 6 8 7 18 11 19 -11 17 15 23 20 16 -17 -18 25 -20 24 -22 -23 -24 -25 -26 -27 -28 -29 -30 -31
leaf_value=0.0012733304583690398 0.0015497779705945602 -0.0017971594637201085 0.0015289335932557439 0.00013094385162388207 -0.00038116171869231348 0.00024449611052981417 -0.00023099786172271346 0.00028786231314007502 -0.0022466543872323602 0.003141310123526652 0.00083206982956357577 0.00015855692933743762 0.00022145825600481149 0.0004990413406943514 0.00039916384892233218 -0.00012402942006587065 0.00031165624982144196 0.0012894732409092467 -0.00068202806197969492 -0.00068045589430291704 0.00029990294220135513 0.00058686255729477061 -0.0031807794812026033 0.00050945556641522843 -0.0015759674995804941 0.0008559904432080634 0.00021163697687589782 0.00075901435790488121 0.00035728768622056201 0.00029846068233928513
leaf_weight=5395 1551 4958 10059 64250 17523 832353 26805 254516 915 5025 36822 59920 17949 47224 223064 27010 781273 15366 8145 4204 476558 28759 737 63283 2198 8592 431936 10003 603259 462038
leaf_count=5395 1551 4958 10059 64250 17523 832353 26805 254516 915 5025 36822 59920 17949 47224 223064 27010 781273 15366 8145 4204 476558 28759 737 63283 2198 8592 431936 10003 603259 462038
internal_value=0.000299241 0.000283926 0.00118042 0.000291837 -0.000862107 0.000299303 -3.36212e-05 0.000292152 -0.000606464 0.00276618 0.00103318 0.000220886 0.000538772 0.00030824 0.000293177 7.07507e-05 0.000331092 0.000951113 -0.000336134 -0.00114586 0.000338963 0.000709761 -0.0019768 0.00044582 -0.000988157 0.00113404 0.000239899 0.000939267 0.000367579 0.000263759
internal_weight=4.53169e+06 4.45428e+06 77415 4.42374e+06 30535 4.32454e+06 99200 4.19915e+06 24840 6576 70839 773382 125389 3.42577e+06 2.29873e+06 86930 1.00434e+06 60780 34950 7317 1.12704e+06 44157 5695 81232 6402 23958 686452 15398 650483 1.29439e+06
internal_count=4531690 4454275 77415 4423740 30535 4324540 99200 4199151 24840 6576 70839 773382 125389 3425769 2298728 86930 1004337 60780 34950 7317 1127041 44157 5695 81232 6402 23958 686452 15398 650483 1294391
is_linear=0
shrinkage=1


Tree=1
num_leaves=31
num_cat=0
split_feature=23 24 8 22 8 3 10 16 6 10 20 2 0 6 3 12 11 17 0 17 12 22 20 20 22 21 22 9 0 19
split_gain=22.0776 14.5786 6.52489 3.8803 3.14071 2.6796 1.78279 1.75201 1.08956 1.08211 1.04016 0.802423 0.726931 0.597628 0.922789 0.565119 0.543731 0.538291 0.487957 0.464119 0.462937 0.458665 0.457519 0.454063 0.442237 0.417445 0.410515 0.403823 0.373225 0.344578
threshold=1.0000000180025095e-35 1.0000000180025095e-35 1.0000000180025095e-35 1.4205748438835146 1.0000000180025095e-35 -0.16632041335105893 0.098605554550886168 0.014634101185947658 0.064474463462829604 0.098605554550886168 -0.13368713110685346 0.088306959718465819 -0.026645354926586148 0.026393735781311992 0.0034767464967444543 0.24050626903772357 0.013356676790863277 18.466685295104984 0.10043858364224435 18.391923904418949 0.56914871931076061 2.2795250415802006 -0.63527524471282948 -0.43644270300865168 1.5092073678970339 0.36481021344661718 1.9460360407829287 -0.012859788257628678 0.011287184897810222 -0.38813190162181849
decision_type=2 2 2 10 2 8 10 2 8 8 8 10 10 10 8 2 2 2 10 2 2 10 8 10 10 10 10 10 8 10
left_child=1 3 9 5 24 12 -5 13 -6 -2 -4 -9 19 14 28 -16 -13 23 26 -1 -19 -8 -10 -15 -3 -24 -12 -22 -7 -14
right_child=2 4 10 6 8 7 21 11 22 -11 18 16 29 17 15 -17 -18 20 -20 -21 27 -23 25 -25 -26 -27 -28 -29 -30 -31
leaf_value=0.00059813320483874323 0.0011880504641635292 -0.0019916016051630394 0.0011682140277929139 -0.00015988243083347022 -0.00064638453167774009 -4.1132479375488319e-05 -0.00050372793427215133 -5.6004933655732162e-05 -0.0024187396330970284 0.0026999937153032536 0.00060922575880104969 -0.00011089391450129791 -5.8798454486052059e-05 -1.5040003098291018e-05 9.9927535586547152e-05 1.1950223262499457e-05 -0.00036426710882779442 4.3584859682604029e-05 0.00094305449455318435 0.00025249404649071994 -0.00022766822292264019 -0.00093221168966205236 -0.0009307237891147069 0.00010684852292520127 -0.0033062553279234984 -0.0017814907232480131 0.00017004930516194554 -2.4397603060035032e-05 2.9921001438637133e-05 0.00020801537984272857
leaf_weight=18659 1551 4958 10059 64250 17523 1202793 26805 691154 915 5025 44976 50486 15567 96571 234602 822383 36470 312117 9768 20260 28974 8145 4204 365917 737 2198 6036 155881 218369 54337
leaf_count=18659 1551 4958 10059 64250 17523 1202793 26805 691154 915 5025 44976 50486 15567 96571 234602 822383 36470 312117 9768 20260 28974 8145 4204 365917 737 2198 6036 155881 218369 54337
internal_value=-4.72945e-11 -1.45494e-05 0.000837123 -7.03399e-06 -0.0011033 5.84566e-08 -0.00031622 -6.2651e-06 -0.000860432 0.00234363 0.000697243 -7.40151e-05 0.000245026 9.07028e-06 -3.90174e-06 3.14772e-05 -0.000217164 4.25751e-05 0.00061928 0.000418216 6.4466e-06 -0.000603609 -0.00137288 8.13973e-05 -0.00216228 -0.00122305 0.000557265 -5.62591e-05 -3.02147e-05 0.000148598
internal_weight=4.53169e+06 4.45428e+06 77415 4.42374e+06 30535 4.32454e+06 99200 4.21572e+06 24840 6576 70839 778110 108823 3.43761e+06 2.47815e+06 1.05698e+06 86956 959460 60780 38919 496972 34950 7317 462488 5695 6402 51012 184855 1.42116e+06 69904
internal_count=4531690 4454275 77415 4423740 30535 4324540 99200 4215717 24840 6576 70839 778110 108823 3437607 2478147 1056985 86956 959460 60780 38919 496972 34950 7317 462488 5695 6402 51012 184855 1421162 69904
is_linear=0
shrinkage=0.05


Tree=2
num_leaves=31
num_cat=0
split_feature=23 24 8 22 8 3 10 16 6 10 20 17 10 11 0 1 22 0 17 16 2 19 22 3 17 20 4 0 20 14
split_gain=19.9253 13.1577 5.88892 3.51225 2.83465 2.43197 1.72696 1.53941 0.984976 0.976587 0.938762 0.873509 0.714861 0.686391 0.662345 0.540585 0.463478 0.459484 0.698981 0.455689 0.455426 0.409458 0.399249 0.395564 0.355483 0.315174 0.314491 0.297829 0.297524 0.295264
threshold=1.0000000180025095e-35 1.0000000180025095e-35 1.0000000180025095e-35 1.3460187315940859 1.0000000180025095e-35 -0.15991287678480146 0.098605554550886168 0.010843825060874225 0.074586093425750746 0.098605554550886168 -0.13368713110685346 18.249352455139164 0.024327220395207409 0.023934877477586273 -0.032286001369357102 -0.011437512934207915 2.2795250415802006 0.099904209375381484 19.825480461120609 0.0049556880258023748 0.085889589041471495 -0.38813190162181849 1.5092073678970339 -0.19192335009574887 18.391923904418949 -0.63527524471282948 0.32482688128948217 -0.056870233267545693 -0.62075775861740101 0.086012408137321486
decision_type=2 2 2 10 2 8 10 2 10 8 8 2 8 2 10 10 10 8 2 2 8 10 10 10 2 10 8 8 10 2
left_child=1 3 9 5 22 14 -5 12 28 -2 -4 -9 15 -13 23 -7 -8 -12 -19 27 -15 -16 -3 24 -1 -10 -11 -14 -6 -30
right_child=2 4 10 6 8 7 16 11 25 26 17 13 19 20 21 -17 -18 18 -20 -21 -22 -23 -24 -25 -26 -27 -28 -29 29 -31
leaf_value=0.00078199657932772097 0.0011286862066486889 -0.0018920415757616698 0.0011098091407103596 -0.00014078840829720313 -0.001456272062600324 -6.6367278540104335e-05 -0.00046143123270087419 -9.8784133162446423e-06 -0.0023627422363162527 0.0022487656634865589 0.0004132621565277206 -7.0473383006797042e-05 0.0002208124515760887 -0.00014003160552253005 -6.0915024892473318e-05 6.989571755246136e-06 -0.00088560677927930476 0.00087020035960923975 0.00042891935583253124 7.1033070757307537e-06 -0.00036516050534546004 0.00020011269129539778 -0.0031411665884030515 0.00022018188005701509 0.00035575855923871932 -0.0012639073553722272 0.0030639942471579217 5.2695456348680669e-05 -0.00047390472378065903 -0.00090836002185149033
leaf_weight=8912 1551 4958 10059 76124 1090 373937 30785 614321 764 3079 23191 530722 27125 71436 19205 764795 8145 22775 14814 854250 32770 68997 737 17222 10849 4518 1946 914145 12842 5626
leaf_count=8912 1551 4958 10059 76124 1090 373937 30785 614321 764 3079 23191 530722 27125 71436 19205 764795 8145 22775 14814 854250 32770 68997 737 17222 10849 4518 1946 914145 12842 5626
internal_value=-1.05758e-10 -1.3822e-05 0.000795271 -6.6823e-06 -0.00104815 5.97983e-07 -0.000279321 -5.90009e-06 -0.000817422 0.00222647 0.000662383 -5.23838e-05 1.38902e-05 -9.35096e-05 0.000217752 -1.70994e-05 -0.000550198 0.000588317 0.000696305 3.35441e-05 -0.000210831 0.000143277 -0.00205422 0.000395363 0.000548017 -0.00142326 0.00256502 5.75404e-05 -0.00065374 -0.000606297
internal_weight=4.53169e+06 4.45428e+06 77415 4.42374e+06 30535 4.30869e+06 115054 4.1835e+06 24840 6576 70839 1.24925e+06 2.93425e+06 634928 125185 1.13873e+06 38930 60780 37589 1.79552e+06 104206 88202 5695 36983 19761 5282 5025 941270 19558 18468
internal_count=4531690 4454275 77415 4423740 30535 4308686 115054 4183501 24840 6576 70839 1249249 2934252 634928 125185 1138732 38930 60780 37589 1795520 104206 88202 5695 36983 19761 5282 5025 941270 19558 18468
is_linear=0
shrinkage=0.05


Tree=3
num_leaves=31
num_cat=0
split_feature=23 24 8 22 8 3 16 10 22 10 20 2 19 20 3 12 6 17 11 3 0 0 0 14 18 0 1 9 11 17
split_gain=17.9828 11.8752 5.31508 3.18796 2.55841 2.20514 1.50078 1.3535 0.926142 0.881391 0.847247 0.706775 0.684848 0.670608 0.493186 1.11027 0.898799 0.564554 0.466839 0.433839 0.46139 0.422761 0.409677 0.389741 0.380853 0.399293 0.37561 0.364876 0.416676 0.315527
threshold=1.0000000180025095e-35 1.0000000180025095e-35 1.0000000180025095e-35 1.5092073678970339 1.0000000180025095e-35 -0.14459017664194104 0.016326542943716053 0.098605554550886168 1.2846517562866213 0.098605554550886168 -0.13368713110685346 0.090909067541360869 -0.4397295862436294 -0.63527524471282948 0.002107127802446485 0.18868022412061694 0.030270474031567577 18.176493644714359 0.02617804799228907 -0.19192335009574887 -0.032286001369357102 0.10043858364224435 0.01103045651689172 0.10969864577054979 16.695810317993168 0.047104930505156524 -0.16245489567518231 -0.011684725526720284 0.034988289698958404 17.981256484985355
decision_type=2 2 2 10 2 8 2 10 10 8 8 10 8 10 8 2 8 2 2 10 10 10 10 2 2 10 8 8 2 2
left_child=1 3 9 5 26 12 14 -5 13 -2 -4 -8 -1 -6 16 -16 22 -17 -13 20 29 24 -7 -9 25 -12 -3 28 -19 -14
right_child=2 4 10 7 8 6 11 23 -10 -11 21 18 19 -15 15 17 -18 27 -20 -21 -22 -23 -24 -25 -26 -27 -28 -29 -30 -31
leaf_value=-7.2905951918437841e-05 0.0010722881799276516 -0.0026949311359974275 0.0010543242160952059 -0.00015930349002280577 -0.00165272065738767 -4.0106383377089913e-05 -6.0003753914530998e-05 -0.00052627327061010676 -0.0014705031288179899 0.002436822780657997 -0.00014990213061193128 -0.00014885298659795773 0.00083370402180825854 -0.00056243699182612712 0.00010813841549096385 3.4952921579872148e-05 6.1963846220017591e-05 -4.8063523012280888e-05 -0.00043328620555410614 0.00015142192752018465 0.00021938230354981458 0.00086026992278874839 2.8081557954043916e-05 -0.001206046833305714 0.00037449062916816863 0.00070155507982556204 -0.0017286833795670264 -1.5697975717702783e-05 -0.00029104851348644929 0.00039046517655298853
leaf_weight=24185 1551 1311 10059 53016 1521 1296642 544684 28324 4028 5025 1468 53722 5845 19291 321500 712640 332925 51629 19722 97372 33698 9768 265354 2278 27432 22112 4384 540568 26802 12834
leaf_count=24185 1551 1311 10059 53016 1521 1296642 544684 28324 4028 5025 1468 53722 5845 19291 321500 712640 332925 51629 19722 97372 33698 9768 265354 2278 27432 22112 4384 540568 26802 12834
internal_value=-1.31639e-10 -1.31311e-05 0.000755513 -6.34819e-06 -0.000995764 -4.56599e-07 -7.73878e-06 -0.000312143 -0.000776564 0.0021152 0.000629265 -7.96366e-05 0.00017397 -0.000642194 4.78697e-06 2.47451e-05 -1.26246e-05 4.61127e-06 -0.000225237 0.000213842 0.000329879 0.000558903 -2.85225e-05 -0.000576913 0.00050118 0.000648543 -0.00195155 -3.03204e-05 -0.000131101 0.0005292
internal_weight=4.53169e+06 4.45428e+06 77415 4.42374e+06 30535 4.34012e+06 4.16619e+06 83618 24840 6576 70839 618128 173934 20812 3.54806e+06 1.65314e+06 1.89492e+06 1.33164e+06 73444 149749 52377 60780 1.562e+06 30602 51012 23580 5695 618999 78431 18679
internal_count=4531690 4454275 77415 4423740 30535 4340122 4166188 83618 24840 6576 70839 618128 173934 20812 3548060 1653139 1894921 1331639 73444 149749 52377 60780 1561996 30602 51012 23580 5695 618999 78431 18679
is_linear=0
shrinkage=0.05


Tree=4
num_leaves=31
num_cat=0
split_feature=23 24 8 22 8 3 16 10 6 10 20 2 19 11 3 12 0 17 3 0 0 1 9 22 20 21 6 17 17 14
split_gain=16.2297 10.7177 4.79703 2.8973 2.3091 2.0027 1.41589 1.12633 0.863618 0.795443 0.764652 0.697922 0.692913 0.521959 0.519747 0.977222 0.81455 0.466704 0.461943 0.414212 0.397959 0.377807 0.366446 0.352613 0.352099 0.359724 0.338187 0.354644 0.332624 0.329878
threshold=1.0000000180025095e-35 1.0000000180025095e-35 1.0000000180025095e-35 1.6149969696998598 1.0000000180025095e-35 -0.13633378595113751 0.014634101185947658 0.098605554550886168 0.064474463462829604 0.098605554550886168 -0.13368713110685346 0.048410421237349517 -0.4397295862436294 0.025051448494195942 0.0034767464967444543 0.24050626903772357 0.013793114107102157 18.305568695068363 -0.19192335009574887 -0.032286001369357102 0.10007363557815553 0.048899730667471893 -0.017713364213705059 1.5092073678970339 -0.63527524471282948 0.36481021344661718 0.04698628559708596 18.278040885925297 18.872226715087894 0.10969864577054979
decision_type=2 2 2 10 2 8 2 10 10 8 8 10 8 2 8 2 8 2 10 10 8 10 8 10 10 10 10 2 2 2
left_child=1 3 9 5 23 12 14 -5 -6 -2 -4 -8 -1 -13 16 -16 21 -17 19 -14 -12 -7 -19 -3 -10 -26 27 -18 -22 -9
right_child=2 4 10 7 8 6 11 29 24 -11 20 13 18 -15 15 17 26 22 -20 -21 28 -23 -24 -25 25 -27 -28 -29 -30 -31
leaf_value=-7.707066183245358e-05 0.0010187083318294416 -0.0017016404689437718 0.0010016132465340414 -0.00017105515328529793 -0.00055011043787906897 -3.0899532992177158e-05 -4.2698599902883036e-05 -0.00053594732315917449 -0.0021264139023900903 0.0023150058343332268 0.00042773637620825033 -0.00010867854883804343 0.00050050773192347124 -0.0003077632224380637 9.3996484796194426e-05 3.0543554113307812e-05 9.145765875672704e-05 -0.00020081478084690735 0.00013547926876368644 0.00020733528892299217 0.00098008391609095643 0.00015214096750349116 -2.260583041289292e-05 -0.0028753534598499782 -0.00079033688810477808 -0.0015862169434442048 0.00024615645502237951 -2.4818981691817306e-05 0.00057002663176193081 -0.0011985533687830492
leaf_weight=28769 1551 4958 10059 43197 17682 1503686 572915 23834 899 5025 36822 145657 18735 42538 399648 664329 172242 30786 126209 33760 6983 28729 457644 737 4078 2181 23132 105891 16975 2039
leaf_count=28769 1551 4958 10059 43197 17682 1503686 572915 23834 899 5025 36822 145657 18735 42538 399648 664329 172242 30786 126209 33760 6983 28729 457644 737 4078 2181 23132 105891 16975 2039
internal_value=-1.5449e-10 -1.24746e-05 0.000717742 -6.03079e-06 -0.000945989 -9.34646e-07 -8.51875e-06 -0.000327324 -0.000737743 0.00200947 0.000597804 -7.01403e-05 0.000150664 -0.000153679 5.33229e-06 2.66223e-05 -1.2692e-05 3.2644e-06 0.000187327 0.000311973 0.000530959 -2.74679e-05 -3.38388e-05 -0.00185401 -0.0012011 -0.00106788 6.24669e-05 4.71888e-05 0.000689581 -0.00058821
internal_weight=4.53169e+06 4.45428e+06 77415 4.42374e+06 30535 4.35467e+06 4.1472e+06 69070 24840 6576 70839 761110 207473 188195 3.38609e+06 1.55241e+06 1.83368e+06 1.15276e+06 178704 52495 60780 1.53242e+06 488430 5695 7158 6259 301265 278133 23958 25873
internal_count=4531690 4454275 77415 4423740 30535 4354670 4147197 69070 24840 6576 70839 761110 207473 188195 3386087 1552407 1833680 1152759 178704 52495 60780 1532415 488430 5695 7158 6259 301265 278133 23958 25873
is_linear=0
shrinkage=0.05


Tree=5
num_leaves=31
num_cat=0
split_feature=23 24 8 22 8 3 10 16 22 17 10 10 20 11 20 0 1 9 22 0 21 9 17 0 17 1 9 19 16 21
split_gain=14.6475 9.67307 4.32947 2.66825 2.08408 1.8272 1.35124 1.17879 0.796676 0.778382 0.717876 0.712908 0.690428 0.594152 0.568822 0.533765 0.457802 0.437322 0.416563 0.39642 0.426619 0.458544 0.389818 0.365062 0.588069 0.331662 0.324291 0.304499 0.302628 0.291276
threshold=1.0000000180025095e-35 1.0000000180025095e-35 1.0000000180025095e-35 1.2846517562866213 1.0000000180025095e-35 -0.17342533171176908 0.098605554550886168 0.00932833179831505 1.2846517562866213 18.249352455139164 0.098605554550886168 0.024174908176064495 -0.12984439730644223 0.016128970310091976 -0.63527524471282948 -0.025090533308684822 -0.015701678581535813 -0.0082872784696519358 2.2795250415802006 -0.049688475206494324 0.35704794526100164 -0.021519406698644158 17.981256484985355 0.099904209375381484 19.825480461120609 -0.16245489567518231 0.0065322171431034812 -0.29373635351657862 0.016119898296892646 -0.65496292710304249
decision_type=2 2 2 10 2 8 8 2 10 2 8 8 8 2 10 10 10 8 10 8 10 10 2 8 2 8 10 10 2 10
left_child=1 3 10 5 25 15 28 11 14 -9 -2 16 -4 -11 -6 22 -7 -15 -8 20 21 27 -1 -14 -25 -3 -21 -13 -5 -12
right_child=2 4 12 6 8 7 18 9 -10 13 29 19 23 17 -16 -17 -18 -19 -20 26 -22 -23 -24 24 -26 -27 -28 -29 -30 -31
leaf_value=0.00060361596646637964 0.00096780579435715652 -0.0024597935201032262 0.00094906867443084707 -6.0427597824450489e-05 -0.0015069205235436946 -7.1297989022696564e-05 -0.00038363931265331032 -3.9975929298430287e-06 -0.0013444735885736556 -5.0224988887009299e-05 0.0026779190947763829 0.00016026448688162765 0.00034772013309687265 -0.00028717520764134327 -0.00050278903644880308 0.00012663823086566484 3.7908663442361891e-06 -0.0001087235063242507 -0.00078135562070726994 2.1898783122728282e-05 -6.9791407500447255e-05 0.00014988522517672405 0.00025350242089672352 0.00075986879865323938 0.00035478011388071043 -0.0015519734574148663 8.4379668463854555e-05 0.00072069333699171264 -0.00026931903614571312 0.0018944692638572125
leaf_weight=12117 1551 1311 10175 64419 1521 275192 34365 782093 4028 565328 1952 3783 23134 46198 19291 57345 773615 133668 8145 1309579 16094 41391 23125 22743 14787 4384 246812 6748 23723 3073
leaf_count=12117 1551 1311 10175 64419 1521 275192 34365 782093 4028 565328 1952 3783 23134 46198 19291 57345 773615 133668 8145 1309579 16094 41391 23125 22743 14787 4384 246812 6748 23723 3073
internal_value=-1.98547e-10 -1.1851e-05 0.000681859 -5.72927e-06 -0.000898706 1.04501e-06 -0.000228323 -3.79787e-06 -0.000700866 -3.88403e-05 0.00190902 1.62229e-05 0.000567916 -7.54082e-05 -0.000576243 0.000220756 -1.59114e-05 -0.00015456 -0.000459859 3.69706e-05 0.000155125 0.000224842 0.000373893 0.000503972 0.000600276 -0.00176135 3.1807e-05 0.000519408 -0.000116652 0.00219928
internal_weight=4.53169e+06 4.45428e+06 77415 4.42374e+06 30535 4.29309e+06 130652 4.2005e+06 24840 1.52729e+06 6576 2.67321e+06 70839 745194 20812 92587 1.04881e+06 179866 42510 1.62441e+06 68016 51922 35242 60664 37530 5695 1.55639e+06 10531 88142 5025
internal_count=4531690 4454275 77415 4423740 30535 4293088 130652 4200501 24840 1527287 6576 2673214 70839 745194 20812 92587 1048807 179866 42510 1624407 68016 51922 35242 60664 37530 5695 1556391 10531 88142 5025
is_linear=0
shrinkage=0.05


Tree=6
num_leaves=31
num_cat=0
split_feature=23 24 8 22 8 3 10 16 6 10 22 17 19 20 0 22 11 4 1 11 9 9 22 0 17 15 2 1 16 0
split_gain=13.2196 8.7302 3.90759 2.40935 1.88099 1.6759 1.44319 0.97064 0.746485 0.647898 0.646559 0.645225 0.640031 0.623256 0.587062 0.469401 0.451211 0.398599 0.377345 0.428966 0.377215 0.367797 0.362951 0.396111 0.380973 0.357748 0.364882 0.333874 0.313408 0.312871
threshold=1.0000000180025095e-35 1.0000000180025095e-35 1.0000000180025095e-35 1.135221064090729 1.0000000180025095e-35 -0.13633378595113751 0.098605554550886168 0.00932833179831505 0.064474463462829604 0.098605554550886168 1.0000000180025095e-35 18.249352455139164 -0.34320400655269617 -0.13368713110685346 0.019338340498507026 1.7571945786476137 0.013356676790863277 -0.10914691165089606 -0.053571423515677445 -0.012076833751052616 -0.009653486777096985 0.0091851805336773413 1.9460360407829287 0.099275790154933943 18.670222282409672 0.011889024171978237 -0.17470269650220868 0.050082808360457427 0.020748140290379528 -0.056870233267545693
decision_type=2 2 2 10 2 8 10 2 10 8 10 2 10 8 8 8 2 8 8 2 8 10 8 10 2 2 8 10 2 8
left_child=1 3 9 5 -3 12 28 10 -6 -2 14 -9 18 -4 27 -8 -13 25 19 -1 -18 -16 23 -15 -25 -14 -27 -7 -5 -12
right_child=2 4 13 6 8 7 15 11 -10 -11 29 16 17 22 21 -17 20 -19 -20 -21 -22 -23 -24 24 -26 26 -28 -29 -30 -31
leaf_value=8.8140869689168656e-05 0.00091944660881655693 -0.0016733182308661524 0.0009040888627637342 -5.977213038428856e-05 -0.00049138682392406159 -1.8608500991506312e-05 -0.00028551234669948582 -5.4168947189974366e-06 -0.0010966178158553158 0.0020893601623472691 0.00021252960233408204 -4.7516946372469618e-05 0.00016322370500371908 0.00023769503982289049 6.4436811976315318e-05 -0.00059306815320511156 -0.00027032990480214405 6.1834050706352533e-05 0.00013125424572243708 -0.00034027704956816749 -0.00010048081284102116 0.00031980390340836462 0.0001818356253173053 0.00085973374251442896 0.00051006836160586236 0.00069364086029154951 0.00028738950377819888 0.00017198367050255838 -0.00027159748878961989 3.9995692368219187e-05
leaf_weight=10044 1551 5695 10059 106627 17682 1427220 31348 750135 7158 5025 26995 510117 68224 9512 107400 20535 41780 45302 20433 13967 150232 16230 8782 10279 32207 6378 41429 23353 20881 985110
leaf_count=10044 1551 5695 10059 106627 17682 1427220 31348 750135 7158 5025 26995 510117 68224 9512 107400 20535 41780 45302 20433 13967 150232 16230 8782 10279 32207 6378 41429 23353 20881 985110
internal_value=-1.80142e-10 -1.12585e-05 0.000647771 -5.4428e-06 -0.000853782 2.14334e-06 -0.000184928 -4.94873e-06 -0.00066583 0.00181361 1.34195e-05 -3.76604e-05 0.000141332 0.000539522 -6.62597e-06 -0.00040725 -7.21084e-05 0.000187614 -2.66749e-05 -0.00016107 -0.00013744 9.79634e-05 0.000479173 0.000529386 0.000594684 0.000236721 0.000341601 -1.554e-05 -9.4463e-05 4.45977e-05
internal_weight=4.53169e+06 4.45428e+06 77415 4.42374e+06 30535 4.24435e+06 179391 4.03857e+06 24840 6576 2.58631e+06 1.45226e+06 205777 70839 1.5742e+06 51883 702129 161333 44444 24011 192012 123630 60780 51998 42486 116031 47807 1.45057e+06 127508 1.0121e+06
internal_count=4531690 4454275 77415 4423740 30535 4244349 179391 4038572 24840 6576 2586308 1452264 205777 70839 1574203 51883 702129 161333 44444 24011 192012 123630 60780 51998 42486 116031 47807 1450573 127508 1012105
is_linear=0
shrinkage=0.05


Tree=7
num_leaves=31
num_cat=0
split_feature=23 24 8 22 8 3 16 10 22 2 10 19 20 20 3 12 0 17 1 17 11 9 11 0 22 0 1 9 3 21
split_gain=11.9308 7.87911 3.52673 2.19314 1.69763 1.51677 1.12034 0.816871 0.700942 0.589958 0.584719 0.567255 0.562863 0.551493 0.432984 0.886326 0.720454 0.4685 0.391486 0.384014 0.383053 0.348736 0.340159 0.338734 0.33253 0.332415 0.417891 0.446891 0.367077 0.32176
threshold=1.0000000180025095e-35 1.0000000180025095e-35 1.0000000180025095e-35 1.6149969696998598 1.0000000180025095e-35 -0.13633378595113751 0.016326542943716053 0.098605554550886168 1.5092073678970339 0.096774246543645873 0.098605554550886168 -0.4397295862436294 -0.12984439730644223 -0.63527524471282948 0.002107127802446485 0.24619074165821078 0.017441849224269394 18.176493644714359 0.012920688372105362 17.926969528198246 0.02617804799228907 -0.011684725526720284 0.039456658065319068 0.10043858364224435 1.9460360407829287 -0.018896661698818203 -0.020806639455258843 -0.0050761334132403127 -0.19192335009574887 0.36481021344661718
decision_type=2 2 2 10 2 8 2 10 10 10 8 8 8 10 8 2 8 2 10 2 2 8 2 10 10 10 8 10 10 10
left_child=1 3 10 5 -3 11 14 -5 13 -8 -2 -1 -4 -6 16 -16 18 -17 29 25 -11 22 -19 24 -14 28 -27 -28 -13 -7
right_child=2 4 12 7 8 6 9 -9 -10 20 -12 19 23 -15 15 17 -18 21 -20 -21 -22 -23 -24 -25 -26 26 27 -29 -30 -31
leaf_value=-7.4858580209068447e-05 0.00087350390773344394 -0.0015896669970398248 0.00085669245543494523 -0.00015162521788715218 -0.0014294100190711174 -2.8990271528880196e-05 -5.2260859948745911e-05 -0.00050688223719376165 -0.001348021595397678 -0.00013433420960164835 0.0019849129718657178 0.00067469259499820875 0.00044991583013682306 -0.00046335418163274787 8.4973354420200871e-05 2.9411800266041395e-05 6.8216889648837277e-05 -5.9208793438979388e-05 3.1284088498871372e-05 0.00010365655011436923 -0.00039772392913237428 -1.7318102081416568e-05 -0.00028942756487601319 0.00072474746393494892 5.4418825653393379e-05 7.9032583498215065e-06 0.00067138096838784719 0.00018243715295331291 0.00027283630128046763 -0.00012507079012157035
leaf_weight=28769 1551 5695 10175 43197 1593 1277200 546240 25873 3008 49513 5025 8013 44881 20239 418902 667082 238257 49240 260840 105991 19140 503467 23800 9754 6029 21236 6369 17550 19545 93516
leaf_count=28769 1551 5695 10175 43197 1593 1277200 546240 25873 3008 49513 5025 8013 44881 20239 418902 667082 238257 49240 260840 105991 19140 503467 23800 9754 6029 21236 6369 17550 19545 93516
internal_value=-1.4149e-10 -1.06956e-05 0.000615386 -5.17066e-06 -0.000811099 -7.36838e-07 -7.33703e-06 -0.000284707 -0.000632542 -6.96238e-05 0.00172295 0.000131194 0.000512548 -0.000533906 3.50569e-06 2.20707e-05 -1.30009e-05 8.81992e-07 -2.48612e-05 0.000164366 -0.00020777 -3.21301e-05 -0.000134228 0.000454812 0.000403081 0.000252858 0.000169335 0.000312653 0.000389704 -3.55454e-05
internal_weight=4.53169e+06 4.45428e+06 77415 4.42374e+06 30535 4.35467e+06 4.1472e+06 69070 24840 614893 6576 207473 70839 21832 3.5323e+06 1.66249e+06 1.86981e+06 1.24359e+06 1.63156e+06 178704 68653 576507 73040 60664 50910 72713 45155 23919 27558 1.37072e+06
internal_count=4531690 4454275 77415 4423740 30535 4354670 4147197 69070 24840 614893 6576 207473 70839 21832 3532304 1662491 1869813 1243589 1631556 178704 68653 576507 73040 60664 50910 72713 45155 23919 27558 1370716
is_linear=0
shrinkage=0.05


Tree=8
num_leaves=31
num_cat=0
split_feature=23 24 8 22 8 3 10 16 10 22 17 10 20 11 0 21 20 1 0 9 9 22 0 22 0 16 2 1 3 3
split_gain=10.7677 7.11104 3.18298 2.014 1.53214 1.42791 1.2036 0.856348 0.676677 0.652306 0.616271 0.52796 0.508001 0.481294 0.479071 0.420829 0.417321 0.358147 0.334109 0.397613 0.331043 0.311726 0.308271 0.308769 0.317925 0.280756 0.280324 0.279216 0.387084 0.343913
threshold=1.0000000180025095e-35 1.0000000180025095e-35 1.0000000180025095e-35 1.135221064090729 1.0000000180025095e-35 -0.17342533171176908 0.098605554550886168 0.0077820939477533111 0.024174908176064495 0.99406358599662792 18.670222282409672 0.05263165012001992 -0.13368713110685346 0.022922613658010963 -0.035675546154379838 1.9338862299919131 -0.74194946885108937 -0.015701678581535813 -0.05132468789815902 -0.022581205703318116 -0.011411891784518955 1.5092073678970339 0.10043858364224435 1.2846517562866213 0.080701943486928954 0.011837472207844259 -0.20076528936624524 -0.009229984134435652 -0.0067030049394816152 -0.10951168462634085
decision_type=2 2 2 10 2 8 10 2 8 10 2 8 8 2 10 10 8 10 8 10 8 10 10 8 10 2 10 8 8 10
left_child=1 3 11 5 21 14 25 8 17 16 27 -2 -4 -12 26 -8 -6 -7 19 -10 -15 -3 23 24 -14 -5 -1 28 -9 -29
right_child=2 4 12 6 9 7 15 10 18 -11 13 -13 22 20 -16 -17 -18 -19 -20 -21 -22 -23 -24 -25 -26 -27 -28 29 -30 -31
leaf_value=0.00073829916951479466 0.0008154561994163092 -0.0013670433083467928 0.00081605850708973851 -2.783769189744671e-05 -0.0014255624925282402 -6.6268293884265878e-05 -0.00032293928227528128 -6.4799732870298682e-05 0.00043849809301422024 -0.0010579966759989554 -4.6872201063187022e-05 0.001881438163624278 0.0001789068007417596 -0.00032340469152546413 0.00012624902102147454 -0.00078509177435920384 -0.00040021916261975951 3.6542993763932699e-06 3.5177289606887502e-05 9.5160475558737873e-05 -0.00011615616446037584 -0.0024700780156927267 0.00068977635061133827 0.00021459164400933567 0.00055416218507450506 -0.00018039877247340381 0.00030412652521764444 0.00018685639816667417 2.8733268216645882e-05 6.8752760486169021e-06
leaf_weight=4520 1510 4958 10059 78566 1050 249216 46372 344736 10505 5939 518429 5066 7205 24253 66622 5511 17851 690629 1330190 42731 93746 737 9768 17730 26077 48942 20947 27658 162877 657290
leaf_count=4520 1510 4958 10059 78566 1050 249216 46372 344736 10505 5939 518429 5066 7205 24253 66622 5511 17851 690629 1330190 42731 93746 737 9768 17730 26077 48942 20947 27658 162877 657290
internal_value=-1.29802e-10 -1.01609e-05 0.00058462 -4.91212e-06 -0.000770552 2.02375e-06 -0.000169012 -2.2952e-06 1.78517e-05 -0.000600921 -2.78868e-05 0.00163683 0.000486922 -6.76165e-05 0.000196762 -0.000372043 -0.000457252 -1.48869e-05 4.0093e-05 0.000162918 -0.000158756 -0.0015102 0.000432438 0.000383149 0.000472933 -8.63969e-05 0.000381211 -6.68437e-06 -3.47879e-05 1.41431e-05
internal_weight=4.53169e+06 4.45428e+06 77415 4.42374e+06 30535 4.24435e+06 179391 4.15226e+06 2.32327e+06 24840 1.82899e+06 6576 70839 636428 92089 51883 18901 939845 1.38343e+06 53236 117999 5695 60780 51012 33282 127508 25467 1.19256e+06 507613 684948
internal_count=4531690 4454275 77415 4423740 30535 4244349 179391 4152260 2323271 24840 1828989 6576 70839 636428 92089 51883 18901 939845 1383426 53236 117999 5695 60780 51012 33282 127508 25467 1192561 507613 684948
is_linear=0
shrinkage=0.05


Tree=9
num_leaves=31
num_cat=0
split_feature=23 24 8 22 8 3 16 10 6 2 10 20 16 10 0 17 1 9 21 1 9 17 12 9 1 2 22 22 0 17
split_gain=9.71793 6.41791 2.87274 1.8281 1.38284 1.27006 0.975297 0.667753 0.621012 0.554241 0.4771 0.463398 0.438708 0.527663 0.402163 0.361273 0.355428 0.350901 0.313615 0.388397 0.304916 0.29587 0.376738 0.471211 0.314896 0.309628 0.295181 0.29406 0.329622 0.340096
threshold=1.0000000180025095e-35 1.0000000180025095e-35 1.0000000180025095e-35 1.6149969696998598 1.0000000180025095e-35 -0.15991287678480146 0.019270221702754501 0.098605554550886168 0.064474463462829604 0.032690871506929405 0.098605554550886168 -0.064056932926177965 0.0049556880258023748 0.023041494190692905 -0.019230801612138745 17.981256484985355 -0.020806639455258843 0.013565443456172945 0.26406015455722814 -0.089357152581214891 -0.0040650300215929738 17.834502220153812 0.53448227047920238 -0.043291673064231866 -0.007367432350292801 0.053571471944451339 -0.04350056312978267 1.9460360407829287 0.099275790154933943 18.670222282409672
decision_type=2 2 2 10 2 8 2 10 8 10 8 8 2 10 10 2 8 10 10 10 10 2 2 8 8 8 10 8 10 2
left_child=1 3 10 5 -3 14 12 -5 -6 -8 -2 -4 13 -7 15 -1 17 18 19 -16 -18 24 -23 26 -14 -25 -24 28 -13 -30
right_child=2 4 11 7 8 6 9 -9 -10 -11 -12 27 21 -15 16 -17 20 -19 -20 -21 -22 22 23 25 -26 -27 -28 -29 29 -31
leaf_value=0.00042894955452276704 0.00078770237818947316 -0.001434721387985892 0.00074386876868538711 -0.00013955783000702994 -0.00040929106682731722 -1.4689315125980357e-05 -3.7391110071902102e-05 -0.00046075679776814239 -0.00095775248825095646 -0.00015768439423127656 0.0017916338442884778 0.00017804630751844231 -2.4384197947986547e-05 4.4673068332069452e-05 -0.00041480992767014169 0.00016093226904119871 0.00043539361376019188 0.00033480974771740247 0.00036892520057458237 -2.0894535929249255e-05 9.6948493156295796e-05 -3.4473862104897188e-06 -0.0015093022466498521 -3.3304961750161625e-05 3.1978810300250432e-05 -0.00011981134794288256 -0.00035669333521998138 0.00013271932547858091 0.00076469055056019883 0.00042927542456306072
leaf_weight=19773 1551 5695 12134 43197 17523 593572 301856 25873 7317 140240 5025 9091 430514 1013573 8564 34534 9940 6049 3542 23229 20135 647437 841 372041 583922 143273 1635 8515 9985 31114
leaf_count=19773 1551 5695 12134 43197 17523 593572 301856 25873 7317 140240 5025 9091 430514 1013573 8564 34534 9940 6049 3542 23229 20135 647437 841 372041 583922 143273 1635 8515 9985 31114
internal_value=-1.4172e-10 -9.65295e-06 0.000555392 -4.66652e-06 -0.000732035 -6.1847e-07 -5.27511e-06 -0.000259881 -0.000570881 -7.55504e-05 0.001555 0.000462577 2.92928e-06 2.27486e-05 0.000155961 0.000258523 7.80139e-05 -1.70479e-05 -7.72902e-05 -0.000127012 0.000208818 -1.16842e-05 -2.88725e-05 -6.06636e-05 8.05905e-06 -5.73566e-05 -0.000748641 0.000404424 0.000450517 0.000510781
internal_weight=4.53169e+06 4.45428e+06 77415 4.42374e+06 30535 4.35467e+06 4.2289e+06 69070 24840 442096 6576 70839 3.78681e+06 1.60714e+06 125766 54307 71459 41384 35335 31793 30075 2.17966e+06 1.16523e+06 517790 1.01444e+06 515314 2476 58705 50190 41099
internal_count=4531690 4454275 77415 4423740 30535 4354670 4228904 69070 24840 442096 6576 70839 3786808 1607145 125766 54307 71459 41384 35335 31793 30075 2179663 1165227 517790 1014436 515314 2476 58705 50190 41099
is_linear=0
shrinkage=0.05


Tree=10
num_leaves=31
num_cat=0
split_feature=23 24 8 22 8 3 10 16 10 22 17 1 20 21 10 0 21 0 2 16 1 1 3 4 9 4 14 0 9 21
split_gain=8.77054 5.79224 2.59274 1.70354 1.24804 1.17988 1.11834 0.717509 0.596187 0.574103 0.523149 0.471863 0.454533 0.438602 0.430767 0.40013 0.366151 0.366 0.354139 0.340274 0.293195 0.275124 0.376668 0.327488 0.287706 0.273297 0.270635 0.270451 0.35111 0.292024
threshold=1.0000000180025095e-35 1.0000000180025095e-35 1.0000000180025095e-35 1.135221064090729 1.0000000180025095e-35 -0.17342533171176908 0.098605554550886168 0.0077820939477533111 0.028225855901837352 1.5092073678970339 17.873459815979007 0.013698623515665533 -0.63527524471282948 -0.020090846344828602 0.05263165012001992 -0.035675546154379838 1.9338862299919131 0.10007363557815553 0.02798294369131327 0.022158850915730003 -0.16245489567518231 -0.01946420036256313 -0.011448281351476906 -0.12025197222828864 -0.0091224606148898584 0.26100924611091619 0.076804336160421385 -0.056870233267545693 -0.022581205703318116 0.20342729985713962
decision_type=2 2 2 8 2 8 10 2 10 10 2 8 8 10 8 10 10 10 10 2 8 10 10 10 10 8 2 8 10 10
left_child=1 3 14 5 20 15 -5 8 11 12 21 -7 -6 -4 -2 -1 -8 -15 -12 -20 -3 22 -9 24 -23 -16 -14 28 29 -10
right_child=2 4 13 6 9 7 16 10 27 -11 18 -13 26 17 25 -17 -18 -19 19 -21 -22 23 -24 -25 -26 -27 -28 -29 -30 -31
leaf_value=0.00035047539125264773 0.000735351269065594 -0.0020193465976556736 0.00077929564336538326 -7.5918162384597157e-05 -0.0012786879025958675 -2.4611836511154906e-05 -0.0002950955846853186 -7.6843721253041513e-05 0.00066504187927041896 -0.0011898501819300718 -2.5960203011916189e-05 5.0649546285719401e-05 -0.00024187292841803388 0.00029659685974683524 0.0013379899022465099 0.00011589073427826347 -0.00072212928898401961 0.0005444658397914464 -6.2453636881178715e-05 -0.00017972929920893744 -0.0011663063640062548 0.00042463684958117342 6.3940142107935988e-05 1.2290319950312935e-05 9.4678486561073798e-05 0.0020740604371786461 -0.00061521710955476689 3.8788088472639691e-05 9.0116592943231775e-05 6.6164906603393675e-05
leaf_weight=25140 1510 1311 8372 159907 1548 917554 48052 173383 5685 3008 664211 269412 12237 37949 2589 65639 5605 24518 301402 77822 4384 7548 65443 472371 52924 2477 8047 1080034 28437 3171
leaf_count=25140 1510 1311 8372 159907 1548 917554 48052 173383 5685 3008 664211 269412 12237 37949 2589 65639 5605 24518 301402 77822 4384 7548 65443 472371 52924 2477 8047 1080034 28437 3171
internal_value=-1.26561e-10 -9.17035e-06 0.000527626 -4.43321e-06 -0.000695438 2.55501e-06 -0.000142197 -1.37431e-06 1.7146e-05 -0.000542339 -2.4886e-05 -7.52933e-06 -0.000453075 0.00043945 0.00147727 0.000180859 -0.000339716 0.000393891 -4.79702e-05 -8.65206e-05 -0.001363 6.32793e-06 -3.82661e-05 2.63155e-05 0.00013587 0.00169823 -0.000390008 4.33593e-05 0.00017574 0.000450638
internal_weight=4.53169e+06 4.45428e+06 77415 4.42374e+06 30535 4.21018e+06 213564 4.1194e+06 2.30429e+06 24840 1.8151e+06 1.18697e+06 21832 70839 6576 90779 53657 62467 1.04344e+06 379224 5695 771669 238826 532843 60472 5066 20284 1.11733e+06 37293 8856
internal_count=4531690 4454275 77415 4423740 30535 4210176 213564 4119397 2304293 24840 1815104 1186966 21832 70839 6576 90779 53657 62467 1043435 379224 5695 771669 238826 532843 60472 5066 20284 1117327 37293 8856
is_linear=0
shrinkage=0.05


Tree=11
num_leaves=31
num_cat=0
split_feature=23 24 8 10 8 3 16 22 6 19 17 3 0 12 20 10 2 1 4 11 6 1 11 17 22 0 18 6 9 15
split_gain=7.91553 5.22767 2.34009 1.54845 1.12642 1.06641 0.729436 0.704268 0.543804 0.533271 0.514111 0.5103 0.621792 0.566356 0.399886 0.389035 0.364084 0.340529 0.335675 0.332745 0.30796 0.290176 0.286949 0.277447 0.275384 0.268103 0.273675 0.297441 0.256815 0.255275
threshold=1.0000000180025095e-35 1.0000000180025095e-35 1.0000000180025095e-35 0.10020921006798746 1.0000000180025095e-35 -0.13633378595113751 0.010843825060874225 1.7571945786476137 0.080532535910606398 -0.34320400655269617 17.873459815979007 0.0034767464967444543 0.014418576844036581 0.14285714179277423 -0.037833169102668755 0.098605554550886168 0.02798294369131327 -0.049334567040204995 -0.10914691165089606 -0.012076833751052616 0.04698628559708596 0.048899730667471893 0.015452540945261719 17.04613018035889 1.5092073678970339 0.10043858364224435 16.695810317993168 1.0000000180025095e-35 0.0085588991641998308 0.011286634951829912
decision_type=2 2 2 10 2 10 2 8 10 8 2 10 8 2 8 8 10 10 8 2 8 10 2 2 10 8 2 10 8 2
left_child=1 3 15 5 24 9 11 -5 -6 17 -8 12 21 -13 -4 -2 -12 19 29 -1 28 -7 -18 -17 -3 26 27 -16 -14 -11
right_child=2 4 14 7 8 6 10 -9 -10 18 16 13 20 -15 25 23 22 -19 -20 -21 -22 -23 -24 -25 -26 -27 -28 -29 -30 -31
leaf_value=5.9922371511593509e-05 0.00071056556675637363 -0.0011603799081039718 0.00066816680918365626 -0.00013286376134658492 -0.00041029577253469418 -2.6727050079426219e-05 3.6395247533597319e-06 -0.0004745830509272714 -0.001036946684640407 0.00013554742004634698 -3.4598043335687127e-05 0.00010197917452554329 2.5166827192639522e-05 1.6346667620789224e-05 -0.00025197520191436005 0.002190456412562122 -7.3418070813326795e-05 0.00011828045314670214 3.8393578939793278e-05 -0.00030413072743113611 0.00026624714733247809 0.00015226231825156791 -0.00017942814019374491 0.0013753674600271155 -0.0021968695450125218 0.00060408122778149583 0.00020309196649093256 0.00048960053728627252 0.00017349691773657346 0.00028626145123555386
leaf_weight=10533 1551 4958 12991 94491 20682 1326368 464873 17940 4158 65230 443575 235830 195600 1065309 1445 1488 208456 19742 44298 15530 17265 23036 92010 3537 737 9495 25987 20921 34297 49357
leaf_count=10533 1551 4958 12991 94491 20682 1326368 464873 17940 4158 65230 443575 235830 195600 1065309 1445 1488 208456 19742 44298 15530 17265 23036 92010 3537 737 9495 25987 20921 34297 49357
internal_value=-1.2416e-10 -8.7119e-06 0.000501248 -4.21154e-06 -0.000660677 5.65554e-07 -4.98626e-06 -0.000187394 -0.000515229 0.000111949 -3.76113e-05 8.6248e-06 -1.03171e-05 3.18675e-05 0.000417479 0.00140344 -6.33845e-05 -3.83579e-05 0.000155281 -0.000157007 6.25914e-05 -2.36714e-05 -0.000105881 0.00161712 -0.00129488 0.000361171 0.000313459 0.00044168 4.7296e-05 0.000200468
internal_weight=4.53169e+06 4.45428e+06 77415 4.42374e+06 30535 4.31131e+06 4.10662e+06 112431 24840 204690 1.20891e+06 2.8977e+06 1.59657e+06 1.30114e+06 70839 6576 744041 45805 158885 26063 247162 1.3494e+06 300466 5025 5695 57848 48353 22366 229897 114587
internal_count=4531690 4454275 77415 4423740 30535 4311309 4106619 112431 24840 204690 1208914 2897705 1596566 1301139 70839 6576 744041 45805 158885 26063 247162 1349404 300466 5025 5695 57848 48353 22366 229897 114587
is_linear=0
shrinkage=0.05


Tree=12
num_leaves=31
num_cat=0
split_feature=23 24 8 22 8 3 10 16 10 22 17 21 12 9 9 2 0 20 0 21 1 0 9 1 3 3 6 18 1 17
split_gain=7.14388 4.71809 2.11207 1.46903 1.01667 1.01647 0.925714 0.629404 0.566439 0.512351 0.481086 0.375209 0.365422 0.510835 0.391613 0.36529 0.36527 0.333979 0.314815 0.299218 0.289003 0.279565 0.299974 0.279226 0.352328 0.30318 0.275355 0.27163 0.30624 0.261483
threshold=1.0000000180025095e-35 1.0000000180025095e-35 1.0000000180025095e-35 1.135221064090729 1.0000000180025095e-35 -0.19192335009574887 0.099619369953870787 0.0069771702401340016 0.023041494190692905 0.99406358599662792 17.834502220153812 -0.020090846344828602 0.5263139307498933 -0.011159008368849753 0.017286891117691997 0.29785457253456121 -0.032286001369357102 -0.74194946885108937 0.10007363557815553 1.5807778239250185 -0.014119830913841723 -0.05132468789815902 -0.022581205703318116 -0.009229984134435652 -0.10951168462634085 -0.0067030049394816152 0.028993853367865089 14.322829246520998 -0.16245489567518231 19.436716079711918
decision_type=2 2 2 8 2 8 10 2 10 10 2 10 2 10 10 8 10 10 10 10 10 8 10 10 8 10 8 2 8 2
left_child=1 3 15 5 27 16 -5 8 20 17 23 -4 -12 -14 -15 26 -1 -6 -13 -8 -7 22 -10 25 -25 -9 -2 28 -3 -20
right_child=2 4 11 6 9 7 19 10 21 -11 12 18 13 14 -16 -17 -18 -19 29 -21 -22 -23 -24 24 -26 -27 -28 -29 -30 -31
leaf_value=0.00038799303909159432 0.00028826003165816262 -0.00239009027837082 0.00071093274033372418 -7.4108734112227146e-05 -0.0012093336006565704 -6.26195788872828e-05 -0.0002540452467902324 -5.4148928673341986e-05 0.00039815446618646217 -0.00089455057257372111 -1.1445598352015899e-05 0.00026423395123500602 -0.00018066442446041945 -5.9358300582271804e-05 0.00013245842153443354 0.0019668832085684199 0.00012214292602307335 -0.00030998374874688259 0.00066237074709749792 -0.00054688951645467194 4.2256316835693269e-06 3.3880596363977408e-05 9.3302688687042909e-05 0.00023206459483440355 2.3671289178631671e-05 4.6361894012340373e-05 0.0012844152666833127 -0.00081535759975959752 -0.0012558450441177624 0.00033560473426423446
leaf_weight=19197 838 775 8372 163209 1095 226807 39129 259320 10030 5939 547947 37949 85874 507864 28079 1691 39519 17806 11892 11226 563257 1282676 41272 21193 471572 105569 4047 2335 2585 12626
leaf_count=19197 838 775 8372 163209 1095 226807 39129 259320 10030 5939 547947 37949 85874 507864 28079 1691 39519 17806 11892 11226 563257 1282676 41272 21193 471572 105569 4047 2335 2585 12626
internal_value=-1.02816e-10 -8.27636e-06 0.00047619 -4.00096e-06 -0.000627651 2.48844e-06 -0.000131932 -4.33342e-07 1.85873e-05 -0.000489471 -2.03604e-05 0.000396606 -4.12157e-05 -6.74492e-05 -4.93085e-05 0.0013333 0.000209067 -0.000362147 0.000354468 -0.000319341 -1.4964e-05 3.84583e-05 0.000152911 8.08436e-06 3.26344e-05 -2.50693e-05 0.00111362 -0.00123016 -0.0015181 0.000494117
internal_weight=4.53169e+06 4.45428e+06 77415 4.42374e+06 30535 4.21018e+06 213564 4.15146e+06 2.12404e+06 24840 2.02742e+06 70839 1.16976e+06 621817 535943 6576 58716 18901 62467 50355 790064 1.33398e+06 51302 857654 492765 364889 4885 5695 3360 24518
internal_count=4531690 4454275 77415 4423740 30535 4210176 213564 4151460 2124042 24840 2027418 70839 1169764 621817 535943 6576 58716 18901 62467 50355 790064 1333978 51302 857654 492765 364889 4885 5695 3360 24518
is_linear=0
shrinkage=0.05


Tree=13
num_leaves=31
num_cat=0
split_feature=23 24 8 21 3 8 16 19 2 6 19 9 0 17 3 12 1 17 12 9 19 7 2 22 11 1 17 0 22 6
split_gain=6.44745 4.25824 1.90626 1.3452 0.949867 0.917633 0.850761 0.600704 0.537298 0.48961 0.41607 0.40235 0.393794 0.364537 0.359385 0.774176 0.485733 0.481729 0.362401 0.421897 0.352919 0.335903 0.329709 0.32165 0.318822 0.307942 0.296548 0.478861 0.314946 0.293318
threshold=1.0000000180025095e-35 1.0000000180025095e-35 1.0000000180025095e-35 1.4052377939224245 -0.11447225883603095 1.0000000180025095e-35 0.020748140290379528 -0.47808505594730372 0.10013147443532945 0.059127571061253555 1.7062138915061953 0.0078043134417384872 0.0071428539231419572 17.482038497924808 -0.003334024921059608 0.18868022412061694 -0.0010021917405538259 18.718179702758793 0.55882763862609874 -0.012859788257628678 -0.36274798214435572 0.023618922568857673 0.29785457253456121 1.9460360407829287 0.028669479303061966 -0.038312651216983788 19.967576980590824 0.099904209375381484 1.9460360407829287 0.046441547572612769
decision_type=2 2 2 10 10 2 2 8 10 8 10 10 10 2 8 2 8 2 2 8 8 10 8 10 2 10 2 10 8 8
left_child=1 3 22 4 7 -3 11 25 -8 -7 13 14 -13 -9 16 -16 21 -17 -19 -20 -4 -6 -2 -5 -10 -1 27 -22 -28 -18
right_child=2 5 20 23 6 9 8 10 24 -11 -12 12 -14 -15 15 17 29 18 19 -21 26 -23 -24 -25 -26 -27 28 -29 -30 -31
leaf_value=-0.00021034762737348253 0.0010579581447231095 -0.0011686927610249861 0.00081036953967839184 -0.00018210366438132738 -6.9055292629329089e-05 -0.00030429376149924048 -5.7300061782302016e-05 0.00018819265053065555 -0.00016125089905718058 -0.0007716686209329769 0.00092531711581062361 -4.0457225096948663e-06 9.3427710796984732e-05 6.4628023194514633e-05 8.2028239671848172e-05 1.3032262763787035e-05 6.3908780005001288e-06 2.4645799485946847e-06 -0.00024601185204563882 -6.2409929178532204e-05 0.0002347873254434159 -1.0687873842807474e-05 0.0018685971440431711 -0.0004766404980213303 -0.00045355708216774894 9.0555203419987644e-05 0.000279972254612999 0.00055481827216573157 -0.0002381467312422462 0.00019194680235652673
leaf_weight=24836 4885 5695 4401 24046 587709 16300 300414 83841 36733 8540 1535 203385 211236 207202 300197 991610 523882 188928 36639 214258 20789 424573 1691 15085 12504 12928 15314 26708 3627 22199
leaf_count=24836 4885 5695 4401 24046 587709 16300 300414 83841 36733 8540 1535 203385 211236 207202 300197 991610 523882 188928 36639 214258 20789 424573 1691 15085 12504 12928 15314 26708 3627 22199
internal_value=-1.09175e-10 -7.86261e-06 0.000452384 -3.80091e-06 -1.19614e-06 -0.000596279 -7.83911e-06 8.03324e-05 -8.23931e-05 -0.000465002 0.000104556 -8.02492e-07 4.56139e-05 0.000100224 -6.65213e-06 9.02473e-06 -2.4072e-05 -6.28543e-06 -4.98382e-05 -8.92226e-05 0.000376777 -4.45748e-05 0.00126666 -0.000295657 -0.000235491 -0.000107338 0.000348043 0.000414752 0.000180751 1.39343e-05
internal_weight=4.53169e+06 4.45428e+06 77415 4.42374e+06 4.38461e+06 30535 4.05427e+06 330342 349651 24840 292578 3.70462e+06 414621 291043 3.29e+06 1.73163e+06 1.55836e+06 1.43144e+06 439825 250897 70839 1.01228e+06 6576 39131 49237 37764 66438 47497 18941 546081
internal_count=4531690 4454275 77415 4423740 4384609 30535 4054267 330342 349651 24840 292578 3704616 414621 291043 3289995 1731632 1558363 1431435 439825 250897 70839 1012282 6576 39131 49237 37764 66438 47497 18941 546081
is_linear=0
shrinkage=0.05


Tree=14
num_leaves=31
num_cat=0
split_feature=23 24 8 22 3 8 10 16 10 1 22 17 12 20 9 6 0 2 2 21 22 0 18 0 1 14 9 0 1 3
split_gain=5.81891 3.84311 1.72509 1.25389 0.879891 0.828184 0.797312 0.558101 0.471342 0.462423 0.454763 0.444532 0.43447 0.369205 0.349068 0.347666 0.326251 0.318488 0.312713 0.312011 0.285681 0.277129 0.274264 0.276809 0.259855 0.250193 0.248843 0.282101 0.256175 0.538969
threshold=1.0000000180025095e-35 1.0000000180025095e-35 0.0088757239282131212 1.135221064090729 -0.19192335009574887 1.0000000180025095e-35 0.098605554550886168 0.0049556880258023748 0.031147537752985958 0.011710640974342825 1.5092073678970339 18.925233840942386 0.63894242048263561 -0.55176091194152821 -0.011411891784518955 0.046441547572612769 -0.035675546154379838 0.29785457253456121 0.0016207103035412731 -0.020090846344828602 2.2795250415802006 0.10043858364224435 16.58941745758057 0.047104930505156524 -0.070175468921661363 0.081127583980560317 0.010349579621106388 0.015053732320666315 -0.021236376836895939 -0.018339633010327813
decision_type=2 2 2 8 8 2 10 2 8 10 10 2 2 10 10 10 10 8 10 10 10 10 2 10 10 2 10 10 8 10
left_child=1 3 17 4 16 -3 -5 8 9 -6 13 15 -13 -7 -14 26 -1 -2 24 -4 -8 22 23 -21 -17 -15 28 -28 29 -9
right_child=2 5 19 6 7 10 20 11 -10 -11 -12 12 14 25 -16 18 -18 -19 -20 21 -22 -23 -24 -25 -26 -27 27 -29 -30 -31
leaf_value=0.00037632791269625563 0.0009787323523078339 -0.0011102683376787747 0.00064426090953049098 -6.5839837051889205e-05 -2.0383810633655387e-05 -0.0010085767811945979 -0.00023976397138851031 -7.9994800539905518e-05 5.5184299883590019e-05 6.2174127173215594e-05 -0.001018041295776444 -1.8614410728556199e-05 -0.00023974698894400253 -0.00016319025023157755 -7.6603048890443829e-05 1.1417727647220177e-05 0.00011814918216250361 0.0017526231277008497 -4.951360892021356e-06 -0.00026848957575968278 -0.00056129095724688385 0.00055855125960451292 0.00017206788905811937 0.00045069065962958415 0.00026044182239850941 -0.00053288987981293468 -1.8752207893527901e-07 0.00014472344862741983 -1.5919749759949108e-07 3.3619392162022756e-05
leaf_weight=17382 5332 5695 8217 159907 692411 2006 45512 324645 662707 224642 3008 418228 38812 12658 211213 15424 41334 1774 43069 1430 8145 9926 30082 20654 32654 7168 85649 55248 1192904 153854
leaf_count=17382 5332 5695 8217 159907 692411 2006 45512 324645 662707 224642 3008 418228 38812 12658 211213 15424 41334 1774 43069 1430 8145 9926 30082 20654 32654 7168 85649 55248 1192904 153854
internal_value=-8.21373e-11 -7.46951e-06 0.000429768 -3.61087e-06 2.38456e-06 -0.000566469 -0.000121804 -3.33856e-07 2.30567e-05 -1.6031e-07 -0.000441754 -1.47024e-05 -4.97865e-05 -0.000362311 -0.000101929 -2.38516e-06 0.000194584 0.00117215 9.28994e-05 0.000354721 -0.000288581 0.000316394 0.000270307 0.000404112 0.000180554 -0.000296874 -7.17741e-06 5.6635e-05 -1.25567e-05 -4.34639e-05
internal_weight=4.53169e+06 4.45428e+06 77415 4.42374e+06 4.21018e+06 30535 213564 4.15146e+06 1.57976e+06 917053 24840 2.5717e+06 668253 21832 250025 1.90345e+06 58716 7106 91147 70309 53657 62092 52166 22084 48078 19826 1.8123e+06 140897 1.6714e+06 478499
internal_count=4531690 4454275 77415 4423740 4210176 30535 213564 4151460 1579760 917053 24840 2571700 668253 21832 250025 1903447 58716 7106 91147 70309 53657 62092 52166 22084 48078 19826 1812300 140897 1671403 478499
is_linear=0
shrinkage=0.05


Tree=15
num_leaves=31
num_cat=0
split_feature=23 24 8 10 3 18 16 19 22 22 4 1 20 17 17 3 2 22 0 12 6 10 1 1 17 19 9 17 0 1
split_gain=5.25163 3.46849 1.55818 1.15731 0.807407 0.771035 0.547108 0.529071 0.495513 0.477171 0.433582 0.574848 0.42909 0.378744 0.337516 0.335526 0.330693 0.315834 0.369509 0.314207 0.308202 0.301472 0.277707 0.276094 0.268263 0.265684 0.257863 0.253934 0.248338 0.366213
threshold=1.0000000180025095e-35 1.0000000180025095e-35 1.0000000180025095e-35 0.10020921006798746 -0.1257514879107475 13.837933063507082 0.012485541868954899 -0.4397295862436294 1.7571945786476137 1.5092073678970339 1.0000000180025095e-35 0.02481471095234156 -0.55176091194152821 17.96795749664307 17.482038497924808 0.0532655417919159 0.01582772005349398 1.4205748438835146 0.080701943486928954 0.095523525029420867 0.030725237913429741 0.05263165012001992 -0.16245489567518231 -0.046511599794030183 20.32706451416016 -0.36274798214435572 -0.013186835218220947 16.834834098815922 -0.018181791529059407 -0.024474345147609707
decision_type=2 2 2 10 10 2 2 8 8 10 10 10 10 2 2 8 10 8 10 2 8 8 8 10 2 10 8 2 10 8
left_child=1 3 21 4 7 22 10 23 -5 12 11 15 -7 -8 28 -6 -15 18 -4 -12 -16 -2 -3 -1 -19 -20 -21 -23 -9 -30
right_child=2 5 17 8 6 9 13 14 -10 -11 19 -13 -14 16 20 -17 -18 24 25 26 -22 27 -24 -25 -26 -27 -28 -29 29 -31
leaf_value=-0.00019812372279960711 0.00052390833913881318 -0.0022550142745989639 0.00013646012809776417 -0.00011605564460334009 -2.8905551458348758e-05 -0.00086243993199506543 1.3626427063277723e-06 0.00035227317469924808 -0.00040268987559914041 -0.0010195179493311024 8.8808146233993211e-05 5.7433111459801692e-05 -0.00028754102140396935 -2.6357342245242155e-05 2.6620700198411923e-06 8.7399446997757935e-05 -0.0001017104466900095 0.00027219395827290151 0.00099526967730209702 -6.4559900147870091e-05 0.00014315686861460168 0.0019741604612495299 -0.0010572170540322306 8.3499622891106798e-05 -0.0001598505795118841 0.00044371205281589095 2.3650195895302484e-05 0.0011343308412175026 -4.4138085497364122e-05 0.00026586799139004334
leaf_weight=22413 1510 610 10044 94491 1380816 3859 376704 21640 17940 3303 175096 257285 20410 299707 73111 64926 283165 16042 2317 89408 83750 1174 2353 14226 4629 37807 1129387 3892 15891 23784
leaf_count=22413 1510 610 10044 94491 1380816 3859 376704 21640 17940 3303 175096 257285 20410 299707 73111 64926 283165 16042 2317 89408 83750 1174 2353 14226 4629 37807 1129387 3892 15891 23784
internal_value=-7.58762e-11 -7.09608e-06 0.000408282 -3.43033e-06 6.99578e-07 -0.000538152 -4.72355e-06 8.7032e-05 -0.000161795 -0.000455754 5.49775e-06 -1.14279e-05 -0.000378987 -3.77115e-05 0.000116556 -2.36824e-05 -6.29647e-05 0.000339926 0.000407695 2.61771e-05 7.76744e-05 0.00114448 -0.00130449 -8.87772e-05 0.00017544 0.000475586 1.71793e-05 0.00132931 0.000216025 0.000141703
internal_weight=4.53169e+06 4.45428e+06 77415 4.42374e+06 4.31131e+06 30535 4.05649e+06 254815 112431 27572 3.09692e+06 1.70303e+06 24269 959576 218176 1.44574e+06 582872 70839 50168 1.39389e+06 156861 6576 2963 36639 20671 40124 1.2188e+06 5066 61315 39675
internal_count=4531690 4454275 77415 4423740 4311309 30535 4056494 254815 112431 27572 3096918 1703027 24269 959576 218176 1445742 582872 70839 50168 1393891 156861 6576 2963 36639 20671 40124 1218795 5066 61315 39675
is_linear=0
shrinkage=0.05


Tree=16
num_leaves=31
num_cat=0
split_feature=23 24 8 21 4 3 18 16 1 22 20 10 11 17 12 9 9 22 0 7 2 20 17 0 8 6 21 0 9 16
split_gain=4.73968 3.13042 1.41071 1.09866 0.762452 0.739569 0.698532 0.475921 0.461597 0.437127 0.407934 0.407052 0.365481 0.348532 0.307432 0.447213 0.323578 0.314854 0.300214 0.289868 0.279455 0.276977 0.274973 0.267398 0.265329 0.25348 0.243174 0.252955 0.266158 0.240518
threshold=1.0000000180025095e-35 1.0000000180025095e-35 0.0088757239282131212 1.4052377939224245 0.30419266223907476 -0.17342533171176908 13.668069362640383 0.0060483526904135951 0.027607372961938385 1.5092073678970339 -0.31189052760601038 0.032986981794238097 0.027990400791168216 17.764739990234379 0.63157820701599132 -0.043291673064231866 0.0085588991641998308 -0.04350056312978267 -0.024576700292527672 0.037515947595238693 0.046444810926914222 -0.037833169102668755 18.391923904418949 0.013219056185334923 0.10663508996367456 0.028399324044585231 0.58920878171920787 -0.05132468789815902 -0.020582988858222958 0.035335684195160873
decision_type=2 2 2 10 8 8 2 2 10 10 10 10 2 2 2 8 10 8 10 8 8 8 2 10 2 8 8 8 10 2
left_child=1 3 19 4 5 18 -3 8 11 10 -8 -7 -6 23 -15 17 20 -16 22 -2 -17 -4 25 -9 -5 -1 27 28 -13 -27
right_child=2 6 21 24 12 7 9 13 -10 -11 -12 26 -14 14 15 16 -18 -19 -20 -21 -22 -23 -24 -25 -26 29 -28 -29 -30 -31
leaf_value=0.00010814160593152171 0.0006971707507774942 -0.001293374677361174 0.00053058237705549038 -0.00020052219099812903 -6.9358015652804135e-05 -1.1187879418493507e-05 -0.00070760224764272392 -4.3333999803955079e-06 7.1242489406536896e-05 -0.00097549217667449145 -0.00024411556395137108 0.00042515187375450904 -0.0002616619945370244 -1.2913657990930999e-05 -0.001325773582409439 -4.8201268930748542e-05 4.0157190604126912e-05 -0.00031590906821684652 7.0896151431018827e-05 0.0013412164059256326 -0.00013403132110138876 0.00027322748488826947 0.00012060026073332938 6.8382899764217285e-05 -0.00052197866856723454 0.00057151946752704349 -7.5061725311135769e-05 4.2138822788227228e-05 0.0001070089071298906 -0.00049325754090015267
leaf_weight=5283 3113 2610 12778 31038 84846 1057154 6427 785814 334357 3332 18166 8350 34858 801469 1077 318489 72270 2721 57626 3993 135050 57531 18474 150664 8093 11614 40119 432917 30902 555
leaf_count=5283 3113 2610 12778 31038 84846 1057154 6427 785814 334357 3332 18166 8350 34858 801469 1077 318489 72270 2721 57626 3993 135050 57531 18474 150664 8093 11614 40119 432917 30902 555
internal_value=-7.26619e-11 -6.74134e-06 0.000387871 -3.25881e-06 -9.0481e-07 2.5883e-06 -0.000511253 -5.29836e-07 1.79019e-05 -0.000438109 -0.000365264 6.53811e-06 -0.000125359 -1.60048e-05 -3.2447e-05 -6.20073e-05 -5.81018e-05 -0.00060255 0.00014162 0.00105921 -7.37591e-05 0.000320006 0.000255058 7.36552e-06 -0.000267017 0.000397374 4.31173e-05 5.31588e-05 0.000174696 0.000522921
internal_weight=4.53169e+06 4.45428e+06 77415 4.42374e+06 4.38461e+06 4.2649e+06 30535 4.17135e+06 1.9038e+06 27925 24593 1.56944e+06 119704 2.26755e+06 1.33108e+06 529607 525809 3798 93552 7106 453539 70309 35926 936478 39131 17452 512288 472169 39252 12169
internal_count=4531690 4454275 77415 4423740 4384609 4264905 30535 4171353 1903799 27925 24593 1569442 119704 2267554 1331076 529607 525809 3798 93552 7106 453539 70309 35926 936478 39131 17452 512288 472169 39252 12169
is_linear=0
shrinkage=0.05


Tree=17
num_leaves=31
num_cat=0
split_feature=23 24 8 22 3 18 16 19 14 10 20 4 1 12 9 3 1 11 22 21 22 21 2 0 17 22 0 10 16 3
split_gain=4.27761 2.82527 1.27366 1.03563 0.698343 0.631233 0.55377 0.479517 0.403117 0.398609 0.396991 0.360035 0.45622 0.450365 0.604482 0.358528 0.357922 0.446779 0.353282 0.34675 0.340128 0.327528 0.315507 0.299678 0.293964 0.282167 0.336506 0.262586 0.262196 0.257919
threshold=1.0000000180025095e-35 1.0000000180025095e-35 1.0000000180025095e-35 1.6149969696998598 -0.11447225883603095 13.837933063507082 0.020424537360668186 -0.33807542920112604 0.10969864577054979 0.12872208654880526 -0.31189052760601038 1.0000000180025095e-35 -0.007367432350292801 0.3116880208253861 -0.01433086348697543 0.0084033384919166582 -0.030087488703429695 -0.0028388081118464466 -0.69839286804199208 0.27687723934650427 0.061953483149409301 0.3490722924470902 0.032690871506929405 -0.0083646597340702993 17.791348457336429 1.4205748438835146 0.080701943486928954 0.098605554550886168 0.019270221702754501 0.075961202383041396
decision_type=2 2 2 10 10 2 2 10 2 8 10 10 10 2 8 10 8 2 8 8 10 10 10 8 2 8 10 8 2 8
left_child=1 3 27 4 7 -3 11 16 28 10 -7 12 15 20 -15 21 17 -1 -19 -12 -13 -6 -8 -17 -9 26 -4 -2 -5 -14
right_child=2 5 25 8 6 9 22 24 -10 -11 19 13 29 14 -16 23 -18 18 -20 -21 -22 -23 -24 -25 -26 -27 -28 -29 -30 -31
leaf_value=1.8830181926540521e-05 0.00046496279858063865 -0.00117908523595389 0.00011189751302447729 -0.00011361539685613526 -4.2848860527242102e-05 -0.00069565834921252114 -3.1484474468958126e-05 0.00017136928680796918 -0.00088760339236382702 -0.0013509728159609062 -4.7077872633242057e-05 1.4315752959659271e-05 1.921632851636559e-06 -0.00013413192449667418 8.4935150761370052e-06 0.0001136818208765272 0.00011211303985276852 -0.00053961982026737851 -0.00012844946446067445 -0.00046887647206421065 9.1516573450505447e-05 -0.00015767376307354282 -0.00013088112861871795 -3.9575832303482597e-05 6.0625747633734981e-05 0.00015120779369768331 0.00043552210964247976 0.0012096078070740822 -0.00033576316210863591 0.00010671174309258478
leaf_weight=25255 1551 2963 10044 48778 729938 6999 234380 96028 2039 1083 9807 285130 949323 79751 1084698 64293 24166 8594 13323 9683 285558 67878 121081 63301 159383 20671 40124 5025 18253 62590
leaf_count=25255 1551 2963 10044 48778 729938 6999 234380 96028 2039 1083 9807 285130 949323 79751 1084698 64293 24166 8594 13323 9683 285558 67878 121081 63301 159383 20671 40124 5025 18253 62590
internal_value=-9.34789e-11 -6.40433e-06 0.00036848 -3.09589e-06 -4.90621e-08 -0.000485696 -5.75194e-06 7.02516e-05 -0.000195187 -0.000411141 -0.000372667 1.58883e-08 -1.48001e-05 1.65583e-05 -1.27475e-06 -4.01724e-05 -4.43584e-05 -0.000124519 -0.000289693 -0.000256649 5.29452e-05 -5.26183e-05 -6.53423e-05 3.7649e-05 0.000102263 0.000306678 0.000370734 0.00103407 -0.000174112 8.40333e-06
internal_weight=4.53169e+06 4.45428e+06 77415 4.42374e+06 4.35467e+06 30535 4.02792e+06 326749 69070 27572 26489 3.67246e+06 1.93732e+06 1.73514e+06 1.16445e+06 925410 71338 47172 21917 19490 570688 797816 355461 127594 255411 70839 50168 6576 67031 1.01191e+06
internal_count=4531690 4454275 77415 4423740 4354670 30535 4027921 326749 69070 27572 26489 3672460 1937323 1735137 1164449 925410 71338 47172 21917 19490 570688 797816 355461 127594 255411 70839 50168 6576 67031 1011913
is_linear=0
shrinkage=0.05


Tree=18
num_leaves=31
num_cat=0
split_feature=23 24 8 22 3 10 8 17 6 1 12 9 3 6 21 21 0 0 10 4 18 6 7 20 21 19 22 0 22 16
split_gain=3.86058 2.54987 1.1545 0.956526 0.675148 0.610441 0.582848 0.461696 0.649877 0.480812 0.46039 0.431145 0.385453 0.377582 0.326731 0.282808 0.282781 0.274942 0.272748 0.262627 0.261301 0.286596 0.257055 0.248288 0.240309 0.239137 0.233923 0.229718 0.223869 0.21766
threshold=1.0000000180025095e-35 1.0000000180025095e-35 0.0088757239282131212 1.135221064090729 -0.19192335009574887 0.089153733104467406 1.0000000180025095e-35 18.670222282409672 0.034081792458891876 0.014530459418892862 0.56914871931076061 -0.011411891784518955 0.0084033384919166582 0.056679228320717819 0.36481021344661718 1.9338862299919131 -0.040640482679009431 -0.016553623601794239 0.047603264451026923 0.26100924611091619 16.58941745758057 0.036598373204469688 0.043375011533498771 -0.63527524471282948 0.17537594586610797 -0.51672369241714466 1.5092073678970339 0.011553938966244461 1.5092073678970339 0.014067279174923899
decision_type=2 2 2 8 8 10 2 2 8 10 2 10 8 8 8 10 10 10 10 8 2 8 10 8 10 10 10 8 10 2
left_child=1 3 19 4 18 -5 28 8 9 12 -9 -12 14 -8 16 -7 -6 -14 -1 -2 21 -4 -20 -15 -25 -10 -22 -18 -3 -27
right_child=2 6 20 5 7 15 13 10 25 -11 11 -13 17 23 -16 -17 27 -19 22 -21 26 -23 -24 24 -26 29 -28 -29 -30 -31
leaf_value=3.8559648595815383e-05 0.00068984647276957656 -0.00079644744383483416 9.1066641107286696e-05 -4.758594238151628e-05 0.00011839624639005663 -0.00019554075936970851 -0.00020680812813172645 1.156208557854589e-08 -1.8951819338622263e-05 3.8460790796829049e-05 -0.00017216633937019275 -4.3051103619481232e-05 0.00010585761156992342 -0.0013452936419032927 -0.00011103716154687085 -0.00054112878096837698 -2.9473450760276643e-05 9.4824381746186778e-06 0.00037835189611301709 0.0013031668873444329 0.00028793357271017067 0.00048425597288609282 0.00010637786473339352 -0.00028273413175507818 -0.00082875611903741376 0.00012366143589390567 3.1423208710411062e-05 3.8417100129837867e-05 -0.0017305432374168442 2.515977092416287e-05
leaf_weight=23463 4008 4958 5811 144270 37043 62758 15605 705959 54530 678625 76127 429061 88074 1021 101256 6536 1101541 463186 19726 3098 28727 22901 15527 4666 3548 197195 12870 140490 737 78373
leaf_count=23463 4008 4958 5811 144270 37043 62758 15605 705959 54530 678625 76127 429061 88074 1021 101256 6536 1101541 463186 19726 3098 28727 22901 15527 4666 3548 197195 12870 140490 737 78373
internal_value=-1.24051e-10 -6.08417e-06 0.000350057 -2.94112e-06 2.29535e-06 -0.000106172 -0.000461417 -8.58785e-08 1.06157e-05 2.25638e-06 -2.60663e-05 -6.25078e-05 -1.04633e-05 -0.000356794 -2.45785e-05 -0.000228145 -1.7734e-05 2.48803e-05 0.000170655 0.000957381 0.000288663 0.000404685 0.000258569 -0.000610185 -0.000518658 7.67162e-05 0.000208573 -2.17941e-05 -0.000917613 9.56472e-05
internal_weight=4.53169e+06 4.45428e+06 77415 4.42374e+06 4.21018e+06 213564 30535 4.15146e+06 2.94031e+06 2.61022e+06 1.21115e+06 505188 1.93159e+06 24840 1.38033e+06 69294 1.27907e+06 551260 58716 7106 70309 28712 35253 9235 8214 330098 41597 1.24203e+06 5695 275568
internal_count=4531690 4454275 77415 4423740 4210176 213564 30535 4151460 2940313 2610215 1211147 505188 1931590 24840 1380330 69294 1279074 551260 58716 7106 70309 28712 35253 9235 8214 330098 41597 1242031 5695 275568
is_linear=0
shrinkage=0.05


Tree=19
num_leaves=31
num_cat=0
split_feature=23 24 8 10 4 18 16 3 1 11 0 22 22 4 1 9 20 0 12 9 17 21 9 6 17 7 21 0 7 16
split_gain=3.48421 2.30135 1.04198 0.884167 0.64342 0.53959 0.537289 0.412766 0.454669 0.536819 0.409697 0.362139 0.354299 0.33364 0.36015 0.336768 0.316771 0.301079 0.272062 0.271608 0.265983 0.265425 0.320347 0.270247 0.260431 0.282255 0.252036 0.252998 0.247727 0.24542
threshold=1.0000000180025095e-35 1.0000000180025095e-35 0.0088757239282131212 0.10020921006798746 -0.13291814178228376 13.668069362640383 0.020748140290379528 -0.19192335009574887 -0.089357152581214891 -0.0086096636950969679 -0.064679861068725572 1.5092073678970339 1.135221064090729 -0.009612744674086569 -0.0010021917405538259 -0.012230589985847471 -0.49847586452960962 -0.035675546154379838 0.37179517745971685 0.0022374420659616594 17.954441070556644 0.21459203958511355 -0.019037152640521523 0.060620905831456191 17.108251571655277 0.027140564285218719 -0.020090846344828602 0.10043858364224435 0.041154913604259498 0.0021956928540021185
decision_type=2 2 2 8 8 2 2 10 10 2 10 10 8 10 8 10 10 10 2 10 2 10 10 8 2 10 10 10 8 2
left_child=1 3 28 4 7 -3 10 17 9 -9 21 16 -5 14 -12 18 -7 -1 -15 -8 -11 22 23 -6 25 -10 -4 -28 -2 -17
right_child=2 5 26 12 6 11 19 8 24 20 13 -13 -14 15 -16 29 -18 -19 -20 -21 -22 -23 -24 -25 -26 -27 27 -29 -30 -31
leaf_value=0.00040478824079925375 0.00064836224026467728 -0.0011257581049253485 0.00053445481143344058 -7.073817133262189e-05 0.00076500790609433623 -0.00069024901402676237 -0.00010361596243959615 -8.1303147983911323e-06 4.5540319461431376e-05 -0.00071813014067807442 -3.9501661050700446e-05 -0.00086318737718246545 -0.00025276347204579414 2.6391619117451318e-05 8.885310068314915e-06 5.7441357753474747e-05 -0.00022356445678687177 0.00011872787838151938 -0.0001055697014342307 -7.0715750863965383e-06 -0.00019262166504734876 -1.9858877702319175e-07 0.00011337093475418193 0.00018757651893299391 3.1578562544624308e-05 0.00021216791387769892 0.0001957533010679013 0.00047115444557881207 0.0012436282594909219 9.5186086114399275e-06
leaf_weight=12824 3990 2610 8217 69282 4949 4436 200265 23551 53508 4739 907368 3332 43529 62606 667435 328573 20157 32532 103842 114502 4896 12306 10420 3432 285498 48407 52166 9926 3116 1429276
leaf_count=12824 3990 2610 8217 69282 4949 4436 200265 23551 53508 4739 907368 3332 43529 62606 667435 328573 20157 32532 103842 114502 4896 12306 10420 3432 285498 48407 52166 9926 3116 1429276
internal_value=-1.45109e-10 -5.78002e-06 0.000332556 -2.79406e-06 8.21987e-07 -0.000438355 -5.90247e-06 5.63109e-05 4.08569e-05 -0.000136761 -3.21336e-07 -0.000374069 -0.000140976 -1.92739e-06 -1.89942e-05 1.20398e-05 -0.000307768 0.000199616 -5.59353e-05 -6.84964e-05 -0.000451142 0.000180331 0.000298488 0.000528602 5.6072e-05 0.000124685 0.000274231 0.000239786 0.000909526 1.84762e-05
internal_weight=4.53169e+06 4.45428e+06 77415 4.42374e+06 4.31093e+06 30535 3.84497e+06 465955 420599 33186 3.53021e+06 27925 112811 3.4991e+06 1.5748e+06 1.9243e+06 24593 45356 166448 314767 9635 31107 18801 8381 387413 101915 70309 62092 7106 1.75785e+06
internal_count=4531690 4454275 77415 4423740 4310929 30535 3844974 465955 420599 33186 3530207 27925 112811 3499100 1574803 1924297 24593 45356 166448 314767 9635 31107 18801 8381 387413 101915 70309 62092 7106 1757849
is_linear=0
shrinkage=0.05


Tree=20
num_leaves=31
num_cat=0
split_feature=23 24 8 21 4 3 17 9 16 19 0 10 19 11 20 3 12 6 9 1 17 17 21 1 20 15 5 21 1 17
split_gain=3.14454 2.07701 0.942653 0.848848 0.615976 0.565618 0.491394 0.386001 0.398676 0.384578 0.374949 0.351332 0.311475 0.307052 0.278519 0.264905 0.563548 0.430611 0.327184 0.273055 0.262172 0.261596 0.261326 0.260406 0.256605 0.246451 0.240956 0.256086 0.237361 0.236713
threshold=1.0000000180025095e-35 1.0000000180025095e-35 1.0000000180025095e-35 1.4052377939224245 0.30419266223907476 -0.13248069584369657 15.876649379730226 0.0078043134417384872 0.019531260244548324 -0.48533509671688074 0.0071428539231419572 0.12872208654880526 1.7062138915061953 0.027990400791168216 -0.48276183009147638 0.0034767464967444543 0.25948169827461248 0.041442856192588813 -0.043291673064231866 -0.0099503025412559492 17.764739990234379 17.370303153991703 0.27687723934650427 -0.16245489567518231 -0.29910030961036677 0.010330822784453632 0.030742131173610691 0.21459203958511355 -0.079635322093963609 19.930715560913089
decision_type=2 2 2 10 8 10 2 10 2 8 10 8 10 2 10 10 2 8 8 8 2 2 8 8 8 2 8 10 10 2
left_child=1 3 -2 4 5 9 23 8 15 28 -9 14 21 -6 -8 17 -17 19 -18 26 -20 -11 -16 -3 -4 -23 27 -7 -1 -26
right_child=2 6 24 -5 13 7 11 10 -10 12 -12 -13 -14 -15 22 16 18 -19 20 -21 -22 25 -24 -25 29 -27 -28 -29 -30 -31
leaf_value=-0.00029155330152683801 0.00088854057223125495 -0.0020944928857662428 0.00056481466654570293 -0.00023449501667724954 -6.1118128634970466e-05 -4.0692419363401294e-05 -0.00065847004058451695 -6.0617176357339367e-06 -6.2181913329546697e-05 0.00019761581865842035 8.2244828207028085e-05 -0.0012388862342561265 0.00083110316602993939 -0.00023738129194409804 -7.2909122200575941e-05 6.7618644644688544e-05 -0.00039353404637297953 8.5884428180581397e-05 2.6031799543072119e-05 -5.6596716989894398e-07 -2.2931539732646913e-05 2.1633417862152064e-06 -0.00042123141054218119 -0.00081914537643815947 0.0002951783634526561 0.00013048354916642794 1.7800578546222288e-05 -0.00012596014908389393 2.2825301308599316e-05 8.5613521823771471e-05
leaf_weight=10167 6576 473 6396 39131 84846 611391 4786 229216 304084 49026 252757 1066 1456 34858 11436 360759 5369 99035 472166 808145 649405 76960 10176 2598 45253 72825 144612 102871 14661 19190
leaf_count=10167 6576 473 6396 39131 84846 611391 4786 229216 304084 49026 252757 1066 1456 34858 11436 360759 5369 99035 472166 808145 649405 76960 10176 2598 45253 72825 144612 102871 14661 19190
internal_value=-1.30626e-10 -5.49105e-06 0.00031593 -2.65436e-06 -5.85212e-07 2.55449e-06 -0.000416442 -1.74365e-06 -7.43221e-06 7.96934e-05 4.02482e-05 -0.000349344 0.000102705 -0.000112448 -0.000313377 -2.31549e-06 1.32287e-05 -1.54097e-05 -4.18283e-06 -2.14274e-05 -2.31864e-06 9.73663e-05 -0.000236928 -0.00101619 0.000262763 6.45527e-05 -4.10567e-05 -5.29732e-05 -0.000105918 0.000232776
internal_weight=4.53169e+06 4.45428e+06 77415 4.42374e+06 4.38461e+06 4.2649e+06 30535 4.03981e+06 3.55784e+06 225095 481973 27464 200267 119704 26398 3.25375e+06 1.4877e+06 1.76605e+06 1.12694e+06 1.66702e+06 1.12157e+06 198811 21612 3071 70839 149785 858874 714262 24828 64443
internal_count=4531690 4454275 77415 4423740 4384609 4264905 30535 4039810 3557837 225095 481973 27464 200267 119704 26398 3253753 1487699 1766054 1126940 1667019 1121571 198811 21612 3071 70839 149785 858874 714262 24828 64443
is_linear=0
shrinkage=0.05


Tree=21
num_leaves=31
num_cat=0
split_feature=23 24 8 22 4 16 22 19 3 1 11 21 1 14 22 9 1 0 16 3 9 1 14 9 2 0 11 3 22 0
split_gain=2.83797 1.87459 0.851081 0.784935 0.532081 0.518484 0.450568 0.414646 0.401002 0.488195 0.510686 0.386466 0.376679 0.342361 0.337026 0.431685 0.436663 0.357973 0.318015 0.270506 0.30685 0.315784 0.261767 0.250886 0.276037 0.243889 0.241748 0.237667 0.233134 0.284609
threshold=1.0000000180025095e-35 1.0000000180025095e-35 0.0088757239282131212 1.6149969696998598 -0.13291814178228376 0.020748140290379528 1.9460360407829287 -0.66246691346168507 -0.2058937922120094 -0.089357152581214891 -0.010028678458184002 0.15423083305358889 -0.093311030417680726 0.10969864577054979 -0.16506921499967572 -0.050516609102487557 -0.011811003088951109 0.018555363640189174 0.0060483526904135951 -0.14459017664194104 -0.004152013221755623 -0.041375620290637009 0.021857903338968757 0.0023895029444247489 0.031289504840970046 -0.025090533308684822 -0.0072289670351892701 0.039026314392685897 1.9460360407829287 0.099275790154933943
decision_type=2 2 2 10 8 2 10 10 10 10 2 8 8 2 10 8 8 10 2 10 10 10 2 10 10 10 2 10 8 10
left_child=1 3 -2 4 8 12 7 -3 25 10 -10 -12 -6 -5 15 16 -14 -17 -16 20 21 26 -20 24 -7 -1 -11 -21 29 -4
right_child=2 6 28 13 5 23 -8 -9 9 19 11 -13 14 -15 18 17 -18 -19 22 27 -22 -23 -24 -25 -26 -27 -28 -29 -30 -31
leaf_value=0.00037857668348772978 0.00082158028756535448 -0.00073331754548199544 6.8204550993709452e-05 -0.00015033239456504701 0.00012853685747135892 -5.9967368612124253e-05 -0.0010374432952840178 -0.00024452645331831633 -1.3491734398854189e-05 0.00028586214949660754 -0.00058727583799376287 5.2167141661015516e-05 -0.0015632771548697898 -0.00080786048250689314 3.1748115701029569e-05 -2.6140142625243898e-05 -4.337229177629766e-05 6.8006378444588004e-05 9.2712981612120742e-06 2.5810023240279667e-05 6.6577932016466415e-05 0.00044993364011456028 -4.4594207395142835e-05 -7.752501114495673e-06 -0.00018281835384936811 0.00010347747207887581 -0.00024822638097326291 0.0001996861043879938 1.951810903684452e-05 0.00033822868619611289
leaf_weight=13804 7106 5366 12223 67031 55808 148146 2509 22660 27842 5106 8396 3288 910 2039 962820 1392498 982 108860 693724 314724 39248 13554 334201 120689 66138 19351 3620 20961 9677 48409
leaf_count=13804 7106 5366 12223 67031 55808 148146 2509 22660 27842 5106 8396 3288 910 2039 962820 1392498 982 108860 693724 314724 39248 13554 334201 120689 66138 19351 3620 20961 9677 48409
internal_value=-1.62328e-10 -5.21656e-06 0.000300135 -2.52164e-06 1.30904e-07 -5.94762e-06 -0.000395629 -0.000338136 5.03841e-05 3.76574e-05 -0.000129922 -0.000407341 -3.36395e-07 -0.000169755 -2.39487e-06 -2.02652e-05 -0.000774844 -1.93138e-05 1.10994e-05 5.43332e-05 0.00015071 0.000298906 -8.24159e-06 -6.54112e-05 -9.78856e-05 0.000218022 6.42913e-05 3.66678e-05 0.000247423 0.000283796
internal_weight=4.53169e+06 4.45428e+06 77415 4.42374e+06 4.35467e+06 3.88478e+06 30535 28026 469894 436739 39526 11684 3.5498e+06 69070 3.494e+06 1.50325e+06 1892 1.50136e+06 1.99074e+06 397213 61528 22280 1.02792e+06 334973 214284 33155 8726 335685 70309 60632
internal_count=4531690 4454275 77415 4423740 4354670 3884776 30535 28026 469894 436739 39526 11684 3549803 69070 3493995 1503250 1892 1501358 1990745 397213 61528 22280 1027925 334973 214284 33155 8726 335685 70309 60632
is_linear=0
shrinkage=0.05


Tree=22
num_leaves=31
num_cat=0
split_feature=23 24 21 10 4 9 18 16 0 22 9 7 17 1 11 9 10 1 22 0 2 20 21 17 0 17 15 11 9 22
split_gain=2.56128 1.69185 0.80791 0.734659 0.515954 0.456974 0.433893 0.430256 0.440209 0.371494 0.347131 0.325674 0.344336 0.327789 0.417309 0.354468 0.317407 0.308337 0.296159 0.286834 0.276597 0.271647 0.275719 0.258804 0.385466 0.288979 0.234495 0.234163 0.226674 0.359315
threshold=1.0000000180025095e-35 1.0000000180025095e-35 -0.11070520803332327 0.10020921006798746 -0.13999997824430463 0.088488519191741957 13.668069362640383 0.010843825060874225 -0.056870233267545693 -0.17997236549854276 -0.050516609102487557 0.027256991714239124 17.482038497924808 -0.085813309997320161 -0.008130065165460108 -0.0092986519448459131 0.12872208654880526 -0.011437512934207915 1.9460360407829287 0.021440213546156887 0.088306959718465819 -0.31189052760601038 0.60397741198539745 19.930715560913089 0.099275790154933943 16.676783561706547 0.0096529982984066027 0.013070256914943458 -0.021519406698644158 0.76295241713523876
decision_type=2 2 10 10 8 10 2 2 8 10 8 8 2 8 2 10 8 10 8 10 10 10 8 2 10 2 2 2 10 8
left_child=1 3 5 4 11 -2 -3 8 28 10 17 -1 13 14 -13 -15 21 -10 -5 -12 -9 -8 -23 24 -4 -26 -14 -22 29 -6
right_child=2 6 23 18 7 -7 16 20 9 -11 19 12 26 15 -16 -17 -18 -19 -20 -21 27 22 -24 -25 25 -27 -28 -29 -30 -31
leaf_value=-8.0169496146596295e-06 0.00047512625615161097 -0.00099225886835646853 2.5371084069401869e-05 -9.8877107091693839e-05 0.00056480101155196715 0.0011906266398502346 -0.000547204219995394 -2.2212689258801615e-05 -0.0015170910687739595 1.9934094494748671e-05 -2.2111048625748179e-05 0.00015693099314158197 -8.6682580765938316e-06 0.00043987563806581557 -0.0005754839652426818 0.00015353120884684663 -0.0011550574331822337 2.8442285479603436e-06 -0.00035034880663034092 8.9763999003005849e-05 -4.6288103155398701e-05 -6.7461933451436478e-05 -0.00047905317791628984 6.6647180230698327e-05 0.0015981295041956692 0.00034616799865608272 0.00010188228949495689 -0.00019090327550973132 9.1739101877893895e-05 5.9093914224008093e-06
leaf_weight=140513 7426 2610 11078 99156 7518 3191 7189 1027022 727 1520295 1130470 4972 92063 13134 3193 61018 1088 616 13275 60351 71029 13895 5753 19357 466 35897 100148 46198 27385 4657
leaf_count=140513 7426 2610 11078 99156 7518 3191 7189 1027022 727 1520295 1130470 4972 92063 13134 3193 61018 1088 616 13275 60351 71029 13895 5753 19357 466 35897 100148 46198 27385 4657
internal_value=-1.84188e-10 -4.95577e-06 0.000285129 -2.39558e-06 8.94895e-07 0.000690266 -0.00037585 -4.75047e-06 5.96333e-06 3.54828e-06 -1.73476e-05 5.38916e-05 8.55785e-05 0.000171146 -0.000129522 0.000204255 -0.000318205 -0.000820452 -0.000128572 -1.64411e-05 -3.05181e-05 -0.000284236 -0.000187995 0.000220726 0.000283592 0.000362256 4.89323e-05 -0.000103281 0.000171549 0.00035104
internal_weight=4.53169e+06 4.45428e+06 77415 4.42374e+06 4.31131e+06 10617 30535 3.89627e+06 2.75202e+06 2.71246e+06 1.19216e+06 415041 274528 82317 8165 74152 27925 1343 112431 1.19082e+06 1.14425e+06 26837 19648 66798 47441 36363 192211 117227 39560 12175
internal_count=4531690 4454275 77415 4423740 4311309 10617 30535 3896268 2752019 2712459 1192164 415041 274528 82317 8165 74152 27925 1343 112431 1190821 1144249 26837 19648 66798 47441 36363 192211 117227 39560 12175
is_linear=0
shrinkage=0.05


Tree=23
num_leaves=31
num_cat=0
split_feature=23 24 20 21 17 6 12 9 17 0 21 3 0 18 6 22 3 22 6 2 1 7 4 3 15 9 9 1 21 2
split_gain=2.3116 1.52694 0.746023 0.705174 0.57849 0.708107 0.532548 0.529207 0.396335 0.393407 0.513579 0.392798 0.364517 0.30904 0.377441 0.302952 0.298198 0.281674 0.372551 0.323586 0.459998 0.265778 0.259991 0.235111 0.233149 0.229804 0.22654 0.22391 0.220597 0.21909
threshold=1.0000000180025095e-35 1.0000000180025095e-35 -0.56151866912841786 1.5807778239250185 18.889607429504398 0.031664496287703521 0.56914871931076061 -0.012859788257628678 15.876649379730226 -0.046232912689447396 0.35704794526100164 0.0084033384919166582 0.016729232855141166 16.191145896911625 1.0000000180025095e-35 1.0254216194152834 0.12099782750010492 0.55261066555976879 0.048780431970953948 -0.020726546645164486 -0.063096355646848665 0.050060141831636436 -0.10064589232206343 0.056651340797543533 0.0049461347516626128 -0.070489887148141847 0.052961762994527824 -0.11685997247695921 0.48940381407737737 0.29785457253456121
decision_type=2 2 8 10 2 10 2 10 2 8 10 10 8 2 8 10 10 8 10 10 10 8 8 10 2 10 10 8 10 8
left_child=1 3 -2 4 5 11 -6 16 25 10 -7 12 28 14 -4 24 -8 18 -11 20 -20 -9 23 -13 -10 -3 -16 -26 -1 -28
right_child=2 8 13 -5 6 9 7 21 15 17 -12 22 -14 -15 26 -17 -18 -19 19 -21 -22 -23 -24 -25 27 -27 29 -29 -30 -31
leaf_value=-1.8616812365125482e-05 0.00079840947588375724 -0.0013522680613898082 -0.00037834528067637638 -0.00026509511080585014 -2.5388126235037617e-06 0.00028238169828171273 -0.00012918149908620359 -3.7686572779206292e-05 -0.00039045450113828624 4.2286452038973413e-05 -7.1415557196021479e-05 6.0528746196395696e-05 5.4719231118896789e-05 0.00015448097652423766 0.00035625264904482547 -0.00061043713851894157 -0.00035296947539987286 -3.3397122718099516e-05 2.9003347379980812e-05 5.4997026052321835e-05 0.00038237435378584653 -0.00018019584223275272 1.8077884071962897e-05 0.00028347646556742007 0.00021086729462988058 -0.00048562057286654844 0.00056504337003127156 -0.00023541706528187477 -0.00011134623564097472 0.0014431825114501161
leaf_weight=1481857 6167 1452 1534 25375 652759 39728 46367 365038 9690 317910 13827 38227 168926 48761 17129 6013 21925 86740 14016 35599 26855 35937 968496 17121 4643 1619 2881 7118 67037 943
leaf_count=1481857 6167 1452 1534 25375 652759 39728 46367 365038 9690 317910 13827 38227 168926 48761 17129 6013 21925 86740 14016 35599 26855 35937 968496 17121 4643 1619 2881 7118 67037 943
internal_value=-1.83347e-10 -4.70804e-06 0.000270875 -2.27581e-06 -7.59499e-07 9.85207e-06 -3.17455e-05 -7.23724e-05 -0.000357063 6.24885e-05 0.000191038 -4.13031e-07 -1.50239e-05 0.000225203 0.000378543 -0.000296804 -0.000201032 4.8179e-05 6.61209e-05 0.000165206 0.000261196 -5.04592e-05 2.41013e-05 0.000129498 -0.000208864 -0.000895687 0.000433971 -5.92303e-05 -2.26303e-05 0.000781914
internal_weight=4.53169e+06 4.45428e+06 77415 4.42374e+06 4.39836e+06 3.27634e+06 1.12203e+06 469267 30535 534675 53555 2.74166e+06 1.71782e+06 71248 22487 27464 68292 481120 394380 76470 40871 400975 1.02384e+06 55348 21451 3071 20953 11761 1.54889e+06 3824
internal_count=4531690 4454275 77415 4423740 4398365 3276339 1122026 469267 30535 534675 53555 2741664 1717820 71248 22487 27464 68292 481120 394380 76470 40871 400975 1023844 55348 21451 3071 20953 11761 1548894 3824
is_linear=0
shrinkage=0.05


Tree=24
num_leaves=31
num_cat=0
split_feature=23 24 21 21 17 6 12 3 0 21 9 22 1 19 3 21 22 22 6 2 1 0 0 9 20 17 0 1 22 9
split_gain=2.08625 1.3781 0.677132 0.651998 0.501661 0.679147 0.514113 0.451593 0.416343 0.450169 0.37853 0.371877 0.369514 0.323639 0.309084 0.311852 0.266315 0.263811 0.35089 0.298694 0.408252 0.250094 0.246237 0.241685 0.231817 0.2316 0.41912 0.237452 0.221556 0.209922
threshold=1.0000000180025095e-35 1.0000000180025095e-35 -0.13032687455415723 1.1963025927543642 19.016667366027836 0.030943700112402443 0.63894242048263561 0.23888897895812991 -0.05132468789815902 0.35704794526100164 0.088488519191741957 1.9460360407829287 0.008917913772165777 -0.66246691346168507 0.0084033384919166582 0.35704794526100164 1.9460360407829287 0.55261066555976879 0.048780431970953948 -0.01554401498287916 -0.058675890788435929 -0.011999979149550198 0.025084020569920543 -0.012859788257628678 1.1223180294036867 19.345208168029789 0.099275790154933943 0.22731164842844012 1.2846517562866213 -0.070489887148141847
decision_type=2 2 10 10 2 10 2 10 8 10 10 10 10 10 10 10 8 8 10 10 10 8 10 8 8 2 10 10 8 10
left_child=1 3 10 4 5 12 -6 23 9 -7 -2 13 14 -3 15 -1 -5 18 22 20 -20 -16 24 -8 -10 26 -4 -28 -27 -13
right_child=2 11 25 16 6 8 7 -9 17 -11 -12 29 -14 -15 21 -17 -18 -19 19 -21 -22 -23 -24 -25 -26 28 27 -29 -30 -31
leaf_value=-1.9565894404054518e-05 0.00043376389780319782 -0.00063611461229649455 2.0145117635761698e-05 -9.6378453557307317e-05 -4.8065048040046381e-06 0.00029211450213400614 -0.00017583032467028076 -0.00031195491108420252 1.941490553028105e-05 -5.2446660252834033e-05 0.0010935512747222396 -0.001458989651681956 2.479533292587348e-05 -0.00020428393475333345 7.9274964660483831e-05 -0.00011113888895941723 -0.00032062997294564832 -2.89099022270161e-05 4.4724139493511408e-05 4.9465460031319172e-05 0.00035117072180707845 -1.4235771687458534e-06 0.00012851548810392628 -4.9281566881787793e-05 0.0008648312802556964 0.00021820914097090221 0.00034679506899861287 0.00086885806519981876 -4.9451432170109464e-05 -0.00053213837861374846
leaf_weight=1252209 7074 5366 10455 49886 641053 34964 43653 19890 307776 13005 3139 1055 919667 22660 130272 100428 18022 98822 17245 38333 29392 365029 65300 277982 812 17579 22962 2406 13800 1454
leaf_count=1252209 7074 5366 10455 49886 641053 34964 43653 19890 307776 13005 3139 1055 919667 22660 130272 100428 18022 98822 17245 38333 29392 365029 65300 277982 812 17579 22962 2406 13800 1454
internal_value=-1.73219e-10 -4.47267e-06 0.000257333 -2.16202e-06 2.34747e-07 9.3927e-06 -3.12051e-05 -8.07559e-05 5.73515e-05 0.0001987 0.000636639 -0.000339215 -1.10238e-06 -0.000286984 -1.3991e-05 -2.63649e-05 -0.000155896 4.5193e-05 6.11522e-05 0.00015287 0.000237859 1.98015e-05 4.03081e-05 -6.64575e-05 2.16423e-05 0.00019968 0.000286552 0.000396342 0.000100498 -0.000922293
internal_weight=4.53169e+06 4.45428e+06 77415 4.42374e+06 4.35583e+06 3.37325e+06 982578 341525 605649 47969 10213 30535 2.7676e+06 28026 1.84794e+06 1.35264e+06 67908 557680 458858 84970 46637 495301 373888 321635 308588 67202 35823 25368 31379 2509
internal_count=4531690 4454275 77415 4423740 4355832 3373254 982578 341525 605649 47969 10213 30535 2767605 28026 1847938 1352637 67908 557680 458858 84970 46637 495301 373888 321635 308588 67202 35823 25368 31379 2509
is_linear=0
shrinkage=0.05


Tree=25
num_leaves=31
num_cat=0
split_feature=23 10 8 20 22 24 4 16 19 9 16 22 1 9 11 1 9 2 21 3 21 17 18 6 0 22 17 15 1 0
split_gain=1.88287 1.25626 0.793753 0.621889 0.468715 0.420758 0.405417 0.374179 0.326459 0.313731 0.317253 0.306692 0.291198 0.67501 0.560819 0.543566 0.52107 0.465833 0.340801 0.300595 0.290255 0.275862 0.262512 0.327042 0.253054 0.236773 0.227296 0.226431 0.364329 0.225017
threshold=1.0000000180025095e-35 0.098605554550886168 1.0000000180025095e-35 -0.56151866912841786 0.71014493703842174 1.0000000180025095e-35 -0.13070056587457654 0.0042689682450145492 1.7062138915061953 0.0068181427195668229 0.023936136625707153 -0.12453442811965941 -0.02351400442421436 -0.015556266531348227 -0.0076775362249463788 -0.064651079475879655 0.003071357612498105 -0.17470269650220868 0.25152418017387396 -0.12263661623001097 0.31882411241531378 17.764739990234379 16.191145896911625 1.0000000180025095e-35 0.017806361429393295 -0.10437065362930296 17.899676322937015 0.0098182181827723997 -0.097802728414535509 -0.056870233267545693
decision_type=2 8 2 8 8 2 8 2 10 10 2 10 10 8 2 10 10 10 10 10 10 2 2 8 10 8 2 2 10 10
left_child=1 6 25 -2 8 -6 12 11 27 10 -9 24 14 19 17 16 18 -1 26 -14 -19 -15 23 -5 -8 -3 -16 -4 -29 -13
right_child=3 2 4 22 5 -7 7 9 -10 -11 -12 29 13 21 15 -17 -18 20 -20 -21 -22 -23 -24 -25 -26 -27 -28 28 -30 -31
leaf_value=0.00041569863811015124 0.0007261177902092371 -0.00063603207792431297 -0.00016235170802509637 -0.00036044694064640072 -0.00016486805748733386 -0.00055986334060069832 -1.7794748300352952e-05 -1.7891145310850821e-05 0.00081236483611009077 2.4784990111160969e-05 -9.2085827880143667e-05 0.0002376758275309895 0.0006391147894306789 0.00011356592611821177 -0.00064157423834989354 -7.8339770237225776e-06 0.00015089322498821388 7.2822924915531847e-05 1.2147125882590705e-05 0.00021691902213398989 -0.0001287216349569305 3.8780681475376668e-06 0.0001375879696633833 0.00039569010731303864 9.5732211407134594e-05 -0.0015741488915662434 -0.00029393190940075304 0.00029749774354451836 -4.7558479710380151e-05 3.6769840585291395e-05
leaf_weight=8862 6167 3015 24027 1534 85014 7322 562459 1967719 1145 403244 155461 14241 6819 115251 9596 58614 5829 115424 4523 11046 21134 114039 48761 20953 53778 866 9224 9791 34968 650864
leaf_count=8862 6167 3015 24027 1534 85014 7322 562459 1967719 1145 403244 155461 14241 6819 115251 9596 58614 5829 115424 4523 11046 21134 114039 48761 20953 53778 866 9224 9791 34968 650864
internal_value=-1.55908e-10 -4.24906e-06 -0.000139147 0.000244468 -0.000122243 -0.000196196 9.7775e-07 -4.4828e-06 -2.45952e-05 -1.56451e-05 -2.33238e-05 1.75259e-05 4.42628e-05 8.20778e-05 4.18578e-06 -9.56091e-05 -0.000271965 6.44294e-05 -0.00037756 0.000378096 4.16308e-05 5.90122e-05 0.000202769 0.000344095 -7.8873e-06 -0.000845714 -0.000471214 -3.85387e-05 2.79273e-05 4.10719e-05
internal_weight=4.53169e+06 4.45428e+06 166148 77415 162267 92336 4.28813e+06 3.80777e+06 69931 2.52642e+06 2.12318e+06 1.28134e+06 480361 247155 233206 87786 29172 145420 23343 17865 136558 229290 71248 22487 616237 3881 18820 68786 44759 665105
internal_count=4531690 4454275 166148 77415 162267 92336 4288127 3807766 69931 2526424 2123180 1281342 480361 247155 233206 87786 29172 145420 23343 17865 136558 229290 71248 22487 616237 3881 18820 68786 44759 665105
is_linear=0
shrinkage=0.05


Tree=26
num_leaves=31
num_cat=0
split_feature=23 24 9 22 3 10 16 21 17 9 0 17 12 9 22 1 7 19 9 10 3 0 21 1 3 17 0 20 22 22
split_gain=1.6993 1.1512 0.596633 0.579348 0.423019 0.410617 0.336439 0.33036 0.328167 0.32189 0.357261 0.294266 0.368701 0.451515 0.44252 0.317213 0.316228 0.313108 0.286771 0.275602 0.253519 0.240365 0.369074 0.331169 0.230599 0.22799 0.289961 0.232479 0.225423 0.221193
threshold=1.0000000180025095e-35 1.0000000180025095e-35 0.088488519191741957 1.135221064090729 -0.19192335009574887 0.11980731040239335 1.0000000180025095e-35 -0.33022947609424586 15.770730495452883 0.010349579621106388 0.0098431105725467222 17.873459815979007 0.51562517881393444 -0.043291673064231866 -0.048808086663484566 0.042000029236078269 0.049277337267994888 -0.17296543717384336 -0.033734612166881554 0.12872208654880526 0.34016381204128271 -0.044554455205798142 0.34117947518825537 -0.10301557183265685 0.081002544611692442 20.085787773132328 0.099904209375381484 0.087439935654401793 0.19843436032533648 1.9460360407829287
decision_type=2 2 8 8 10 10 2 10 2 10 10 2 2 8 10 10 10 10 8 8 8 10 10 10 10 2 10 10 10 8
left_child=1 3 25 4 -1 -5 -6 -4 -3 11 -11 15 18 14 17 21 -15 -14 -13 -10 -9 22 -8 -23 -25 26 -2 -28 -18 -27
right_child=2 8 7 5 6 -7 9 20 19 10 -12 12 13 16 -16 -17 28 -19 -20 -21 -22 23 -24 24 -26 29 27 -29 -30 -31
leaf_value=0.00013541622943092656 0.00010370653417961332 -0.00082347128517335291 0.001056783219783431 -6.0155881428456904e-05 4.4185720191275429e-05 -0.0002996823257847341 0.00027447572142270379 0.00021743953740296134 -0.00022594589951998526 -9.2752984271013681e-06 9.7836950423356407e-05 0.00023341257776840244 -7.5576377717789198e-05 -3.6558442844160239e-05 -0.000202973973184404 9.5034996771157121e-05 -8.6073395299812917e-05 -0.0016109045827447728 -5.0951743464902303e-06 -0.0010421988509990595 0.00090164976699510504 -0.00031308493772241674 -0.00010911190370084417 -4.0356616269454943e-06 9.2583422866647369e-05 9.9542406882681834e-05 0.00061716042457535454 0.00026546235842771123 -0.00030306827577096198 -0.00039507204830752194
leaf_weight=58716 23961 2823 2824 193853 394589 19711 18683 4776 26637 155535 155856 12775 460 751838 3760 94691 33299 1194 930098 1075 1889 8494 9438 1497656 64410 13327 5980 21937 18684 2721
leaf_count=58716 23961 2823 2824 193853 394589 19711 18683 4776 26637 155535 155856 12775 460 751838 3760 94691 33299 1194 930098 1075 1889 8494 9438 1497656 64410 13327 5980 21937 18684 2721
internal_value=-1.51549e-10 -4.03662e-06 0.000232246 -1.92474e-06 2.15056e-06 -8.22644e-05 2.65687e-07 0.000603608 -0.000309983 -4.3473e-06 4.43362e-05 -8.74716e-06 -2.31123e-05 -4.78703e-05 -0.00050291 6.11628e-06 -4.48049e-05 -0.00118421 -1.86339e-06 -0.000257646 0.000411465 8.49509e-07 0.000145736 -1.74479e-06 -5.16278e-08 0.00018036 0.000231307 0.000340818 -0.000164071 1.56592e-05
internal_weight=4.53169e+06 4.45428e+06 77415 4.42374e+06 4.21018e+06 213564 4.15146e+06 9489 30535 3.75687e+06 311391 3.44548e+06 1.75211e+06 809235 5414 1.69337e+06 803821 1654 942873 27712 6665 1.59868e+06 28121 1.57056e+06 1.56207e+06 67926 51878 27917 51983 16048
internal_count=4531690 4454275 77415 4423740 4210176 213564 4151460 9489 30535 3756871 311391 3445480 1752108 809235 5414 1693372 803821 1654 942873 27712 6665 1598681 28121 1570560 1562066 67926 51878 27917 51983 16048
is_linear=0
shrinkage=0.05


Tree=27
num_leaves=31
num_cat=0
split_feature=23 10 8 9 22 3 19 1 11 22 21 16 6 9 12 20 11 14 17 3 16 2 3 7 17 10 22 19 22 3
split_gain=1.53364 1.05695 0.680978 0.540013 0.428251 0.364339 0.435214 0.32632 0.34519 0.414548 0.324064 0.312907 0.30091 0.287102 0.281599 0.277438 0.262021 0.261459 0.260963 0.244678 0.238978 0.254864 0.227041 0.221481 0.21668 0.325162 0.280207 0.211913 0.211174 0.211008
threshold=1.0000000180025095e-35 0.098605554550886168 1.0000000180025095e-35 0.088488519191741957 1.7571945786476137 -0.10084034875035285 -0.33807542920112604 -0.030087488703429695 -0.002462294301949441 -0.4927679300308227 -0.45736086368560785 1.0000000180025095e-35 0.046441547572612769 0.010349579621106388 0.90476199984550487 -0.77526551485061634 -0.00680269906297326 0.10969864577054979 17.685376167297367 0.082698978483676924 0.018716569989919666 0.0016207103035412731 0.34016381204128271 0.041154913604259498 19.345208168029789 0.099619369953870787 1.2846517562866213 0.12109446153044702 -0.10437065362930296 -0.2058937922120094
decision_type=2 8 2 10 10 10 10 10 2 8 10 2 10 10 2 8 2 2 2 10 2 10 8 8 2 8 8 8 8 10
left_child=1 5 28 24 15 6 7 8 -1 -10 -5 -7 -8 18 23 -4 -15 -6 19 -13 -20 -22 -12 -14 25 -2 -26 -27 -3 -17
right_child=3 2 4 10 17 11 12 -9 9 -11 22 13 14 16 -16 29 -18 -19 20 -21 21 -23 -24 -25 26 27 -28 -29 -30 -31
leaf_value=-6.9260564093407065e-06 5.684234492834274e-05 -0.00058400719828378392 -0.00087648432768861655 0.0010771033437390846 -0.00025940711880585764 3.9697281913159059e-05 5.4283416280001716e-05 7.5775394264031211e-05 -0.00041588450324271686 -3.2708462449851829e-05 0.00022336008980690413 -1.2183251324462226e-06 0.00036956814814493948 -7.5808626473148534e-06 -0.00016390900605994731 0.0002089994158861986 8.8388952119414229e-05 -0.00084336714576367536 -1.8129164546559614e-05 9.7347267322626073e-05 -1.6135960254974972e-05 -0.0001185861126690741 0.00085739888810239414 0.00012418709046309987 0.00019814735665825298 0.00066552234317522932 -0.00010978958419624965 0.00028995416723210488 -0.0014699381074254883 -8.6572189203476099e-05
leaf_weight=32782 13562 3015 1082 2405 20393 372823 283656 33839 15800 12758 4969 1336830 18135 144533 4750 6326 140027 2115 1563192 66074 112724 131546 1972 18658 18184 4669 12441 19213 866 132351
leaf_count=32782 13562 3015 1082 2405 20393 372823 283656 33839 15800 12758 4969 1336830 18135 144533 4750 6326 140027 2115 1563192 66074 112724 131546 1972 18658 18184 4669 12441 19213 866 132351
internal_value=-1.59124e-10 -3.83483e-06 -0.00012757 0.000220635 -0.000111912 9.5944e-07 4.51671e-05 -4.88709e-05 -0.000117634 -0.000244712 0.000577004 -3.84541e-06 7.26901e-05 -8.49036e-06 0.000198367 -7.93138e-05 3.96443e-05 -0.000314315 -1.27569e-05 3.42399e-06 -2.53161e-05 -7.13084e-05 0.000403594 0.00024514 0.000171697 0.000252373 7.30526e-05 0.000363404 -0.00078202 -7.30878e-05
internal_weight=4.53169e+06 4.45428e+06 166148 77415 162267 4.28813e+06 420378 95179 61340 28558 9346 3.86775e+06 325199 3.49493e+06 41543 139759 284560 22508 3.21037e+06 1.4029e+06 1.80746e+06 244270 6941 36793 68069 37444 30625 23882 3881 138677
internal_count=4531690 4454275 166148 77415 162267 4288127 420378 95179 61340 28558 9346 3867749 325199 3494926 41543 139759 284560 22508 3210366 1402904 1807462 244270 6941 36793 68069 37444 30625 23882 3881 138677
is_linear=0
shrinkage=0.05


Tree=28
num_leaves=31
num_cat=0
split_feature=23 24 21 21 4 3 19 18 9 0 9 19 16 3 12 26 6 1 22 17 17 1 22 11 0 15 7 1 18 0
split_gain=1.38414 0.981386 0.517638 0.497223 0.432966 0.365961 0.366025 0.28701 0.277787 0.299283 0.272573 0.268523 0.257973 0.301656 0.298659 0.253825 0.247325 0.243927 0.232025 0.22976 0.228262 0.222995 0.25433 0.240001 0.216723 0.211231 0.208556 0.187448 0.187295 0.217826
threshold=1.0000000180025095e-35 1.0000000180025095e-35 1.5807778239250185 -0.11070520803332327 0.30419266223907476 -0.11447225883603095 -0.41606508195400232 13.668069362640383 0.0068181427195668229 0.0069422272499650725 0.088488519191741957 1.7062138915061953 0.0066225703340023765 0.0027708407724276189 0.11538460850715639 16.500000000000004 0.056679228320717819 0.050082808360457427 0.23346143960952762 17.482038497924808 17.182959556579593 -0.046511599794030183 -0.7853085696697234 0.0010017979657277467 0.10043858364224435 0.010241741780191662 0.021135558374226097 -0.16245489567518231 16.58941745758057 0.047104930505156524
decision_type=2 2 10 10 8 10 8 2 10 8 10 10 2 8 2 2 8 10 8 2 2 8 8 2 10 2 8 8 2 10
left_child=1 2 4 10 5 6 21 27 12 -10 -2 19 13 17 -15 -6 -9 -7 -17 -8 -14 22 23 -1 28 -21 -20 -3 29 -5
right_child=3 7 -4 24 15 8 11 16 9 -11 -12 -13 20 14 -16 18 -18 -19 26 25 -22 -23 -24 -25 -26 -27 -28 -29 -30 -31
leaf_value=-0.00015831081667198757 0.00036128066104460443 -0.0016183726342080909 -0.00022686940468871617 -0.00035106343609355594 0.00027410895028433946 -1.6907713814078175e-05 0.00014406122214692086 -0.00012852866068673209 -7.5398529424144678e-06 6.6171886234210313e-05 0.00091387147825864364 0.00072032522214946328 1.0449578424394149e-05 9.4081192782687257e-05 1.4440670699526635e-05 1.4243710749093836e-05 -0.00043924658477763806 0.00013454989319032956 -0.0010554738971043798 -6.4711379604438023e-06 -3.2376299468582849e-05 5.2158580506049017e-05 -6.9187703895875235e-05 -0.00070840990821893562 0.00036596907482414997 9.7777266617217029e-05 -0.00014241433078630039 -0.0005710266523837993 3.8497782887105819e-05 0.00026053575322370612
leaf_weight=4532 7426 538 25375 1552 4510 941780 78945 17976 263790 288099 3191 1606 416685 144186 641294 29020 9949 27355 629 102496 1228417 21502 21269 3525 10641 92392 86333 2072 31300 23305
leaf_count=4532 7426 538 25375 1552 4510 941780 78945 17976 263790 288099 3191 1606 416685 144186 641294 29020 9949 27355 629 102496 1228417 21502 21269 3525 10641 92392 86333 2072 31300 23305
internal_value=-1.57672e-10 -3.64314e-06 -1.69323e-06 0.000209605 -3.94098e-07 2.2387e-06 5.31335e-05 -0.000286125 -1.96347e-06 3.09395e-05 0.000527435 7.58833e-05 -7.30473e-06 6.03175e-06 2.90599e-05 -9.38667e-05 -0.000239242 -1.26325e-05 -0.000108178 7.21011e-05 -2.1529e-05 -7.01476e-05 -0.000159822 -0.000399041 0.000159082 4.29509e-05 -0.000149031 -0.000787454 0.000119874 0.000222337
internal_weight=4.53169e+06 4.45428e+06 4.42374e+06 77415 4.39836e+06 4.27787e+06 326267 30535 3.95161e+06 551889 10617 275439 3.39972e+06 1.75462e+06 785480 120492 27925 969135 115982 273833 1.6451e+06 50828 29326 8057 66798 194888 86962 2610 56157 24857
internal_count=4531690 4454275 4423740 77415 4398365 4277873 326267 30535 3951606 551889 10617 275439 3399717 1754615 785480 120492 27925 969135 115982 273833 1645102 50828 29326 8057 66798 194888 86962 2610 56157 24857
is_linear=0
shrinkage=0.05


Tree=29
num_leaves=31
num_cat=0
split_feature=23 10 8 20 22 24 4 16 22 9 2 1 9 13 1 21 2 3 0 21 0 2 9 17 15 1 24 2 18 6
split_gain=1.2492 0.900492 0.574598 0.457939 0.377381 0.327843 0.327801 0.30284 0.366997 0.270268 0.266562 0.255445 0.604538 0.504999 0.374569 0.46337 0.371123 0.347001 0.244618 0.242825 0.23161 0.212723 0.2147 0.206539 0.205911 0.284557 0.212868 0.202789 0.201924 0.256109
threshold=1.0000000180025095e-35 0.098605554550886168 1.0000000180025095e-35 -0.56151866912841786 0.71014493703842174 1.0000000180025095e-35 -0.13291814178228376 0.010843825060874225 -0.17997236549854276 -0.050516609102487557 -0.20076528936624524 -0.02351400442421436 -0.0098394770175218565 -1.0000000180025095e-35 -0.070175468921661363 0.10484775155782701 -0.17470269650220868 -0.14459017664194104 -0.064679861068725572 0.31882411241531378 0.023410797119140628 0.046444810926914222 -0.0049825226888060561 17.764739990234379 0.0098182181827723997 -0.097802728414535509 1.0000000180025095e-35 -0.0076086143963038913 16.191145896911625 1.0000000180025095e-35
decision_type=2 8 2 8 8 2 8 2 10 10 10 10 10 2 10 10 10 10 10 10 8 10 10 2 2 10 2 8 2 8
left_child=1 6 -3 -2 10 -6 11 8 9 27 -4 13 17 16 15 -15 -1 -13 -10 -18 -11 -9 -23 -14 26 -26 -12 -8 29 -5
right_child=3 2 4 28 5 -7 7 21 18 20 24 12 23 14 -16 -17 19 -19 -20 -21 -22 22 -24 -25 25 -27 -28 -29 -30 -31
leaf_value=0.00035164813349547789 0.00061243792086645152 -0.00071883461900332972 0.00040765155402503795 -0.00033617575059823865 -0.00014199337626604521 -0.0004906585257407652 -0.0011516192255785326 -1.3545948856756206e-05 0.00021112247321418767 -1.9534730020562423e-05 -7.5796155671489877e-05 0.00054376699994380755 9.3399683518719033e-05 -0.00045105493459073553 -3.455929147474658e-05 7.2460752248314062e-05 5.6521728912313398e-05 0.00017889749299928852 1.9213628322942619e-05 -0.00012558187956910431 9.2814666833248717e-05 -0.00013664931844339798 -3.6719555894997201e-05 -7.8229676662847535e-06 0.0002814518032639521 -3.8251330267418459e-05 -0.00043735847550362508 3.2324370291347197e-05 0.00010617756593614221 0.00033295011296714349
leaf_weight=9592 6167 3881 3530 1534 85014 7322 914 850568 16788 1126647 17490 8574 101854 14104 44792 6035 130501 27149 1514843 21292 47819 74708 191603 99746 8692 34914 5305 598 48761 20953
leaf_count=9592 6167 3881 3530 1534 85014 7322 914 850568 16788 1126647 17490 8574 101854 14104 44792 6035 130501 27149 1514843 21292 47819 74708 191603 99746 8692 34914 5305 598 48761 20953
internal_value=-1.71389e-10 -3.46102e-06 -0.000117672 0.000199126 -0.000103289 -0.000169647 9.64217e-07 -3.84911e-06 5.1874e-06 -1.58206e-05 -1.56701e-05 4.06685e-05 7.69108e-05 2.6634e-06 -0.000115086 -0.000294179 5.00387e-05 0.000266484 2.13173e-05 3.09774e-05 -1.49603e-05 -2.5756e-05 -6.47532e-05 4.33178e-05 -3.81805e-05 2.54802e-05 -0.000159957 -0.000683655 0.000163343 0.000287291
internal_weight=4.53169e+06 4.45428e+06 166148 77415 162267 92336 4.28813e+06 3.82449e+06 2.70761e+06 1.17598e+06 69931 463639 237323 226316 64931 20139 161385 35723 1.53163e+06 151793 1.17447e+06 1.11688e+06 266311 201600 66401 43606 22795 1512 71248 22487
internal_count=4531690 4454275 166148 77415 162267 92336 4288127 3824488 2707609 1175978 69931 463639 237323 226316 64931 20139 161385 35723 1531631 151793 1174466 1116879 266311 201600 66401 43606 22795 1512 71248 22487
is_linear=0
shrinkage=0.05


Tree=30
num_leaves=31
num_cat=0
split_feature=23 10 8 9 22 17 0 1 21 0 12 9 22 2 2 20 3 6 3 0 4 9 20 14 1 4 12 21 12 1
split_gain=1.12741 0.812699 0.518591 0.443383 0.355774 0.314918 0.563334 0.519222 0.419202 0.351884 0.306668 0.34569 0.457482 0.285301 0.278724 0.261532 0.295805 0.378267 0.281595 0.264904 0.260516 0.244617 0.239968 0.232014 0.223226 0.234671 0.219695 0.211932 0.205054 0.261695
threshold=1.0000000180025095e-35 0.098605554550886168 1.0000000180025095e-35 0.088488519191741957 1.7571945786476137 18.452087402343754 -0.05132468789815902 0.037723470479249961 0.26406015455722814 0.019338340498507026 0.63157820701599132 -0.043291673064231866 -0.04350056312978267 -0.032940180972218507 0.062296213582158096 -0.43644270300865168 -0.10714285820722579 0.046441547572612769 -0.003334024921059608 -0.016859400086104866 0.28720682859420782 0.017286891117691997 -0.63527524471282948 0.10969864577054979 -0.074495486915111528 -0.071505088359117494 0.47222287952899938 0.36481021344661718 0.33903242647647863 -0.051438784226775162
decision_type=2 8 2 10 10 2 10 10 10 10 2 10 8 8 8 10 8 10 8 10 10 10 8 2 8 8 2 10 2 8
left_child=1 5 -3 -2 22 6 8 9 -1 15 -7 12 -12 -9 21 24 17 28 27 -20 -5 -13 -4 -6 25 -8 -19 -18 -17 -30
right_child=3 2 4 20 23 10 7 13 -10 -11 11 14 -14 -15 -16 16 18 26 19 -21 -22 -23 -24 -25 -26 -27 -28 -29 29 -31
leaf_value=0.00033582576251559677 0.00014482682455344451 -0.00068290215758304773 -0.00067916484192862285 0.00027536561542979682 -0.00023088374482662809 -1.0531277043379827e-06 -0.0003209395121004834 0.00034975880277101951 -1.4322278106384658e-05 6.0289815967752965e-05 -0.0013216638662751012 -3.0550154112404245e-05 -0.00016247907780084692 6.4499295963658807e-05 -0.00010713267372524853 0.00010215010766493049 -1.4569524936729737e-05 0.00057840528599916764 8.9143566979593737e-05 6.8520797631976318e-06 0.00080653806253366735 0.00019664604119947284 -6.1383652048693053e-05 -0.00078097586586771222 -3.3935998329001999e-05 -2.1407747751680882e-06 0.00011659519619456403 -0.00010029146085632275 -0.00019418588772126752 4.1472029515568299e-05
leaf_weight=22995 68069 3881 1589 5182 20393 969786 14282 9069 13605 227998 1211 369395 2860 260898 133791 77569 888513 5489 113979 688721 4164 12239 138170 2115 321936 9688 4852 78470 15983 44798
leaf_count=22995 68069 3881 1589 5182 20393 969786 14282 9069 13605 227998 1211 369395 2860 260898 133791 77569 888513 5489 113979 688721 4164 12239 138170 2115 321936 9688 4852 78470 15983 44798
internal_value=-1.72024e-10 -3.28798e-06 -0.000111788 0.00018917 -9.81247e-05 9.16002e-07 1.08e-05 8.21789e-06 0.000205671 1.08323e-06 -1.76593e-05 -4.86593e-05 -0.000507542 7.40833e-05 -4.50339e-05 -4.87851e-06 2.33722e-06 7.00717e-05 -3.35395e-06 1.85371e-05 0.000512084 -2.32635e-05 -6.84124e-05 -0.000282606 -4.48964e-05 -0.000192095 0.000361756 -2.15259e-05 4.82672e-05 -2.04989e-05
internal_weight=4.53169e+06 4.45428e+06 166148 77415 162267 4.28813e+06 2.79884e+06 2.76224e+06 36600 2.49228e+06 1.48928e+06 519496 4071 269967 515425 2.26428e+06 1.91837e+06 148691 1.76968e+06 802700 9346 381634 139759 22508 345906 23970 10341 966983 138350 60781
internal_count=4531690 4454275 166148 77415 162267 4288127 2798845 2762245 36600 2492278 1489282 519496 4071 269967 515425 2264280 1918374 148691 1769683 802700 9346 381634 139759 22508 345906 23970 10341 966983 138350 60781
is_linear=0
shrinkage=0.05


Tree=31
num_leaves=31
num_cat=0
split_feature=0 17 24 21 17 6 7 17 3 3 22 12 22 1 21 1 0 9 22 12 0 20 11 22 19 2 8 0 12 3
split_gain=1.02724 0.770795 0.75918 0.450971 0.345521 0.523263 0.374213 0.325821 0.325607 0.324261 0.265987 0.264705 0.251577 0.248524 0.28139 0.236868 0.279184 0.297705 0.236705 0.21295 0.212939 0.267524 0.205086 0.201809 0.248844 0.201493 0.199114 0.196777 0.196694 0.271856
threshold=0.099275790154933943 17.589130401611332 1.0000000180025095e-35 1.1963025927543642 19.645284652709964 0.030943700112402443 0.050060141831636436 19.345208168029789 -0.22374769300222394 0.0041666792239993819 0.74472743272781383 0.63157820701599132 1.9460360407829287 -0.0014488113811239598 0.23866645246744159 0.055274926126003272 -0.05132468789815902 -0.025043228641152378 0.84120234847068798 0.24999999254941943 0.025084020569920543 -0.074910677969455705 0.023934877477586273 2.2795250415802006 0.50950202345848095 0.011271112598478796 0.08139862492680551 -0.025090533308684822 0.51562517881393444 -0.11974551528692244
decision_type=10 2 2 10 2 8 10 2 8 10 10 2 10 8 8 10 8 10 8 2 10 10 2 10 10 8 2 8 2 8
left_child=2 -2 3 4 5 9 11 -3 27 13 15 -6 -4 14 -1 16 17 -10 26 -11 28 -22 -8 -5 -25 -17 -9 -7 29 -18
right_child=1 7 12 23 6 8 22 18 10 19 -12 -13 -14 -15 -16 25 20 -19 -20 -21 21 -23 -24 24 -26 -27 -28 -29 -30 -31
leaf_value=-2.1579888977929089e-05 0.00083133737146619832 0.00027961364962933715 -0.000208417551894947 -9.2718676086017807e-05 8.9556408921649876e-06 0.00046671043334823464 -8.5897984275348218e-05 0.00056535964514906555 0.00039380559472966835 5.6327194147214369e-05 -3.4429104335355092e-05 -7.1231442353384157e-05 -0.00073095281175976053 7.7920236496730378e-06 -9.5266154832835239e-05 0.00025838070423421397 0.00015418396236737948 8.9921083851838581e-05 -4.3967179755197931e-05 5.4504419488143303e-06 0.00022004446440986952 4.0125718230185679e-05 -0.00026626802886136166 -6.6915909443627264e-05 -0.00056169897611406969 8.2584823169806523e-05 0.00010768420734431004 0.0001196082910824499 -3.3269834822257976e-05 1.5716201014543555e-05
leaf_weight=998291 4430 27127 28026 57822 282290 6797 50593 3211 9935 258731 111258 161969 2509 637669 148883 21477 41845 42681 23335 1002945 29044 71578 22890 4714 5513 67616 9138 10227 157331 231815
leaf_count=998291 4430 27127 28026 57822 282290 6797 50593 3211 9935 258731 111258 161969 2509 637669 148883 21477 41845 42681 23335 1002945 29044 71578 22890 4714 5513 67616 9138 10227 157331 231815
internal_value=-1.80849e-10 0.000193972 -2.92172e-06 -1.21064e-06 7.80171e-07 5.93963e-06 -3.75675e-05 0.000149007 4.18837e-05 -3.51803e-06 3.71895e-05 -2.02793e-05 -0.000251376 -1.72328e-05 -3.11431e-05 4.90236e-05 3.74425e-05 0.000147307 4.9714e-05 1.58837e-05 2.65685e-05 9.206e-05 -0.000142086 -0.000128934 -0.000333664 0.000124965 0.000226726 0.000258212 1.12783e-05 3.68896e-05
internal_weight=4.53169e+06 67241 4.46445e+06 4.43391e+06 4.36586e+06 3.84812e+06 517742 62811 801604 3.04652e+06 784580 444259 30535 1.78484e+06 1.14717e+06 673322 584229 52616 35684 1.26168e+06 531613 100622 73483 68049 10227 89093 12349 17024 430991 273660
internal_count=4531690 67241 4464449 4433914 4365865 3848123 517742 62811 801604 3046519 784580 444259 30535 1784843 1147174 673322 584229 52616 35684 1261676 531613 100622 73483 68049 10227 89093 12349 17024 430991 273660
is_linear=0
shrinkage=0.05


Tree=32
num_leaves=31
num_cat=0
split_feature=0 17 24 21 17 6 12 9 1 17 3 17 20 1 4 0 21 10 0 2 22 3 21 0 0 4 22 19 5 7
split_gain=0.927096 0.695661 0.685169 0.407005 0.326902 0.505712 0.357129 0.352872 0.311873 0.295962 0.249774 0.245209 0.239304 0.228577 0.282008 0.276588 0.239696 0.226244 0.219184 0.209994 0.208552 0.204683 0.209686 0.198779 0.19795 0.18451 0.182137 0.224586 0.179143 0.333855
threshold=0.099275790154933943 17.589130401611332 1.0000000180025095e-35 1.1963025927543642 18.670222282409672 0.032671283930540092 0.64705941081047069 -0.011411891784518955 0.014530459418892862 19.967576980590824 -0.22374769300222394 15.770730495452883 0.087439935654401793 -0.12620857357978818 -0.14496480673551557 -0.053853083401918404 0.43738357722759252 0.12872208654880526 -0.027190342545509335 0.12545292824506762 1.9460360407829287 0.013333329930901529 0.36481021344661718 -0.044554455205798142 -0.09991819784045218 -0.12217679992318152 2.2795250415802006 0.50950202345848095 0.19338114559650424 0.031759630888700492
decision_type=10 2 2 10 2 8 2 8 10 2 8 2 10 8 8 8 10 8 10 10 8 10 10 8 8 8 10 10 8 8
left_child=2 -2 3 4 5 8 -6 19 21 12 18 -4 -3 14 24 16 28 -13 -7 -8 -11 22 23 -1 -12 -23 -5 -28 -15 -30
right_child=1 9 11 26 6 10 7 -9 -10 20 13 17 -14 15 -16 -17 -18 -19 -20 -21 -22 25 -24 -25 -26 -27 27 -29 29 -31
leaf_value=0.0001286495502961236 0.00078977987905519366 0.00044212437672087819 -0.00068266940577874785 -8.8082822274924746e-05 -1.4830270503137299e-06 0.00059176297568257121 -0.00012080811768506737 -3.7047071545909279e-05 3.0489721578018605e-05 6.5123273919044436e-05 -0.001791723241257063 -0.00016484974750964225 0.00015474083764485924 0.00026123908255315092 8.6818420031145425e-05 5.0788397034138092e-05 -5.6586255088841966e-05 -0.00090439668669320232 0.00012637296539542203 -0.0003541877995657354 -0.00033689255637349734 0.00017985474254652634 -8.5812230142356125e-05 -1.5395002479200514e-05 -0.00031845428043858991 1.3465075979307719e-05 -6.3570821966199697e-05 -0.00053361911817721415 0.0017448409974588513 0.00035521506377694876
leaf_weight=24392 4430 9380 2823 57822 873254 3988 59949 373603 687243 17680 235 26637 31806 15230 6625 376451 5538 1075 6919 11485 3945 17275 106039 1320534 6778 468207 4714 5513 604 1516
leaf_count=24392 4430 9380 2823 57822 873254 3988 59949 373603 687243 17680 235 26637 31806 15230 6625 376451 5538 1075 6919 11485 3945 17275 106039 1320534 6778 468207 4714 5513 604 1516
internal_value=-1.56437e-10 0.000184275 -2.77564e-06 -1.1501e-06 7.41177e-07 9.73972e-06 -2.00613e-05 -5.65156e-05 1.55296e-06 0.000141557 6.04127e-05 -0.000238809 0.000220201 5.41748e-05 -0.000147107 6.10492e-05 0.000229804 -0.00019357 0.000296575 -0.000158335 -8.22775e-06 -8.71668e-06 -1.81197e-05 -1.27825e-05 -0.000368071 1.93861e-05 -0.000122488 -0.000316984 0.000321216 0.000751763
internal_weight=4.53169e+06 67241 4.46445e+06 4.43391e+06 4.36586e+06 3.04757e+06 1.31829e+06 445037 2.62369e+06 62811 423884 30535 41186 412977 13638 399339 22888 27712 10907 71434 21625 1.93645e+06 1.45096e+06 1.34493e+06 7013 485482 68049 10227 17350 2120
internal_count=4531690 67241 4464449 4433914 4365865 3047574 1318291 445037 2623690 62811 423884 30535 41186 412977 13638 399339 22888 27712 10907 71434 21625 1936447 1450965 1344926 7013 485482 68049 10227 17350 2120
is_linear=0
shrinkage=0.05


Tree=33
num_leaves=31
num_cat=0
split_feature=23 10 8 21 22 17 1 0 0 21 6 0 19 15 12 9 22 21 9 3 15 1 4 0 9 15 22 2 1 1
split_gain=0.844505 0.64308 0.427042 0.368288 0.30521 0.279347 0.399327 0.340135 0.289662 0.260117 0.284463 0.259237 0.249791 0.238338 0.338122 0.23593 0.469912 0.231354 0.202218 0.199558 0.199097 0.298805 0.196665 0.191187 0.189226 0.180199 0.177834 0.17465 0.300716 0.168542
threshold=1.0000000180025095e-35 0.098605554550886168 1.0000000180025095e-35 -0.11070520803332327 0.88830161094665538 17.834502220153812 0.041095869615674026 -0.05132468789815902 0.018970182165503505 -0.61615929007530201 0.045355252921581275 -0.092667624354362474 1.7062138915061953 0.014875983353704216 0.44395406544208532 -0.050516609102487557 -0.069039653986692415 0.34117947518825537 0.014652035664767029 0.077669914811849608 0.0098182181827723997 -0.10901400819420813 0.051643161103129394 0.10043858364224435 0.088488519191741957 0.06771868467330934 -0.10437065362930296 -0.030456877313554283 -0.053571423515677445 -0.06640052422881125
decision_type=2 8 2 10 8 2 10 8 10 10 10 8 10 2 2 10 8 10 8 8 2 10 8 10 10 2 8 10 10 8
left_child=1 5 26 24 12 6 7 17 9 -9 19 25 20 18 29 16 -16 -1 -7 -11 -4 -22 -21 -5 -2 -6 -3 28 -12 -15
right_child=3 2 4 23 11 13 -8 8 -10 10 27 -13 -14 14 15 -17 -18 -19 -20 22 21 -23 -24 -25 -26 -27 -28 -29 -30 -31
leaf_value=0.00034492074065570075 0.00029881948116226246 -0.00043596127566091804 -0.0001427430641987687 8.34173002836928e-05 -0.00035280802816318064 -2.6220644532391424e-05 9.9076701932132195e-05 -6.1719768159787159e-05 7.0437702355580654e-05 5.6228672813797672e-07 2.0564308864467769e-05 -0.00012575646861553197 0.00065966761729151701 0.00013106763055075504 -0.00154191447682381 -2.4758640321910087e-05 -0.000100405540114548 -3.6932186086312021e-05 5.5855815834656301e-05 0.00018723245496250209 0.00028513697089776579 -2.8845952045520543e-05 5.6495457087578379e-06 0.00031455817603475697 0.00075923713724749403 -0.0012608286706163822 -0.0012488325109063904 2.3699024299229276e-05 0.00054630745397968327 3.0591497473126555e-05
leaf_weight=12445 7426 3015 27404 56157 8325 1481995 129954 153281 161713 1502393 4689 68500 1324 47194 763 271172 2175 5822 79047 28972 9029 47101 30724 10641 3191 584 866 8397 6476 360915
leaf_count=12445 7426 3015 27404 56157 8325 1481995 129954 153281 161713 1502393 4689 68500 1324 47194 763 271172 2175 5822 79047 28972 9029 47101 30724 10641 3191 584 866 8397 6476 360915
internal_value=-1.54527e-10 -2.84571e-06 -9.93616e-05 0.000163724 -8.69625e-05 8.93919e-07 1.42604e-05 8.50431e-06 6.43619e-06 4.70577e-07 6.4976e-06 -0.000158759 -2.14677e-05 -1.12904e-05 1.33627e-05 -2.95879e-05 -0.000475163 0.000223222 -2.20645e-05 4.12463e-06 -3.22714e-05 2.16651e-05 9.3778e-05 0.000120242 0.000437259 -0.000412465 -0.000617619 0.000195977 0.000325531 4.22109e-05
internal_weight=4.53169e+06 4.45428e+06 166148 77415 162267 4.28813e+06 2.04487e+06 1.91491e+06 1.89664e+06 1.73493e+06 1.58165e+06 77409 84858 2.24326e+06 682219 274110 2938 18267 1.56104e+06 1.56209e+06 83534 56130 59696 66798 10617 8909 3881 19562 11165 408109
internal_count=4531690 4454275 166148 77415 162267 4288127 2044866 1914912 1896645 1734932 1581651 77409 84858 2243261 682219 274110 2938 18267 1561042 1562089 83534 56130 59696 66798 10617 8909 3881 19562 11165 408109
is_linear=0
shrinkage=0.05


Tree=34
num_leaves=31
num_cat=0
split_feature=0 17 24 21 4 16 7 11 17 22 4 9 0 1 11 9 9 2 3 1 19 21 20 0 17 17 22 14 20 9
split_gain=0.767172 0.606026 0.577995 0.365624 0.297373 0.306275 0.275463 0.280888 0.268227 0.25867 0.275901 0.226685 0.234875 0.220785 0.807688 0.49373 0.410342 0.318293 0.245443 0.24281 0.235826 0.21804 0.229258 0.216009 0.215121 0.209668 0.207313 0.182522 0.176254 0.172125
threshold=0.099275790154933943 17.589130401611332 1.0000000180025095e-35 0.85781168937683117 -0.17038108408451078 1.0000000180025095e-35 0.050060141831636436 0.023934877477586273 19.345208168029789 2.2795250415802006 -0.0035971236648038025 0.010349579621106388 0.0098431105725467222 -0.060094999149441712 -0.0086096636950969679 -0.014729313086718319 0.0056022428907454022 -0.17470269650220868 -0.14925370365381238 -0.12620857357978818 1.0133024454116824 0.70974203944206249 -0.19339986145496366 -0.044554455205798142 17.834502220153812 18.063565254211429 1.0587450861930849 0.097189489752054228 0.10892770066857339 -0.070489887148141847
decision_type=10 2 2 10 8 2 10 2 2 8 10 10 10 10 2 10 8 8 10 8 10 8 10 10 2 2 8 2 10 10
left_child=2 -2 3 4 13 23 11 -8 -3 10 -5 -7 -13 14 17 18 20 -1 -15 -19 25 22 -4 -6 -17 -16 -10 -24 -11 -23
right_child=1 8 21 9 5 6 7 -9 26 28 -12 12 -14 15 16 24 -18 19 -20 -21 -22 29 27 -25 -26 -27 -28 -29 -30 -31
leaf_value=0.00037728523093663482 0.00073278038125424284 0.00024626113828696375 -0.00033289614547862432 -0.00014961608797872141 0.00023624213285873349 -6.6840343660516362e-06 -3.5017107660683239e-05 -0.00019706098342965963 0.00016688240676635007 -2.435538731494759e-05 -1.0351371321142877e-05 -4.5935517119043087e-06 8.852985691240733e-05 0.00057229333002803233 -0.00057027746465267344 0.00011626359074124853 0.00022800678447843214 -0.00029304615888123948 0.00019173169033184293 8.1504331732248588e-05 0.00067338946156021825 -0.00091803773755536684 7.6827123641740714e-05 3.4029722623939577e-05 1.0702898037692541e-06 -0.00022153565915303849 -7.4730075674410529e-05 -0.00036582358183062441 -0.00041382168500629342 -0.00032801369942157924
leaf_weight=8165 4430 27127 9801 51933 13700 3202311 119181 34479 16600 4342 112828 138470 132504 6651 9117 77604 3367 4953 11674 34187 521 1622 10961 366139 84834 8177 19084 2956 8777 5195
leaf_count=8165 4430 27127 9801 51933 13700 3202311 119181 34479 16600 4342 112828 138470 132504 6651 9117 77604 3367 4953 11674 34187 521 1622 10961 366139 84834 8177 19084 2956 8777 5195
internal_value=-1.6297e-10 0.000167629 -2.52494e-06 -1.03193e-06 1.90339e-06 -1.393e-06 -5.86661e-06 -7.13784e-05 0.000127758 -7.12634e-05 -5.42485e-05 -2.96831e-06 4.09432e-05 5.48939e-05 -2.15577e-05 8.38596e-05 -0.000278151 9.33419e-05 0.000329879 3.41003e-05 -0.000373821 -0.000219313 -0.000147671 4.13237e-05 5.61037e-05 -0.000405407 3.76682e-05 -1.72123e-05 -0.000284932 -0.000468515
internal_weight=4.53169e+06 67241 4.46445e+06 4.43391e+06 4.25603e+06 4.00678e+06 3.62694e+06 153660 62811 177880 164761 3.47328e+06 270974 249250 68487 180763 21182 47305 18325 39140 17815 30535 23718 379839 162438 17294 35684 13917 13119 6817
internal_count=4531690 67241 4464449 4433914 4256034 4006784 3626945 153660 62811 177880 164761 3473285 270974 249250 68487 180763 21182 47305 18325 39140 17815 30535 23718 379839 162438 17294 35684 13917 13119 6817
is_linear=0
shrinkage=0.05


Tree=35
num_leaves=31
num_cat=0
split_feature=23 10 21 19 15 1 4 16 4 1 2 22 14 16 11 1 9 11 21 1 21 10 2 3 17 22 7 5 9 3
split_gain=0.694525 0.542394 0.37297 0.32956 0.276722 0.306759 0.249847 0.258781 0.293647 0.243387 0.225085 0.250881 0.21883 0.21461 0.229552 0.212811 0.523732 0.433916 0.331948 0.502332 0.282473 0.324002 0.28713 0.270236 0.222443 0.206401 0.200645 0.198538 0.194014 0.191495
threshold=1.0000000180025095e-35 0.098605554550886168 1.9338862299919131 -0.36274798214435572 0.0042735058814287194 -0.10901400819420813 -0.12426255643367766 0.021429725922644142 -0.009612744674086569 0.040242344141006477 -0.03421270661056041 -0.34056533873081202 1.0000000180025095e-35 0.0065146407578140506 0.025051448494195942 -0.02351400442421436 -0.013550590258091686 0.00073300660005770635 0.016722603701055053 -0.074495486915111528 0.33321909606456762 0.050711557269096381 -0.17470269650220868 -0.11447225883603095 17.093056678771976 0.72706919908523571 0.050919931381940849 -0.22682069242000577 0.011574567295610906 0.068376079201698317
decision_type=2 8 8 8 2 10 8 2 10 8 8 8 2 2 2 10 10 2 10 10 8 8 10 10 2 10 8 10 10 8
left_child=1 6 4 -2 -3 25 15 8 9 29 -10 -12 -4 -13 -15 17 23 20 19 -19 21 -1 27 -17 -18 -6 -7 -23 -20 -8
right_child=3 2 12 -5 5 26 7 -9 10 -11 11 13 -14 14 -16 16 24 18 28 -21 -22 22 -24 -25 -26 -27 -28 -29 -30 -31
leaf_value=1.329162129542885e-05 0.00045562631637846942 -0.00021484856580236916 -0.0011895934343330516 0.00011382471630691889 0.00026794531233905236 -3.270438886634424e-05 -2.5610153925593751e-05 -5.0173746150245521e-05 5.3735018048405665e-05 5.2340047278121973e-05 -4.0087848852161749e-05 3.3825892324995268e-05 -0.00033907544506843148 6.7149551077522677e-06 -7.2666748442629187e-05 0.00049029587996692547 0.00011539489263714789 -0.00047553382561139174 2.8360408941909842e-05 -9.0741684186426932e-05 -0.00011530182943198303 0.00082026759518621548 0.00012025157043401172 0.00015147219120377619 1.1855095365824589e-05 -0.0001463925086591426 -0.00018323809488822644 0.00025550607290262026 0.00061505128659853812 7.5758592894368436e-05
leaf_weight=108549 7847 28907 853 69568 11801 83852 1364230 277291 287600 118893 252329 694848 6628 605462 107194 9586 72843 10861 15024 38706 25732 2530 47182 15243 180190 4032 30075 4044 1554 48236
leaf_count=108549 7847 28907 853 69568 11801 83852 1364230 277291 287600 118893 252329 694848 6628 605462 107194 9586 72843 10861 15024 38706 25732 2530 47182 15243 180190 4032 30075 4044 1554 48236
internal_value=-1.56101e-10 -2.5807e-06 -9.12195e-05 0.000148476 -7.49514e-05 -4.37847e-05 8.53727e-07 -3.68862e-06 1.66808e-08 -1.63651e-05 1.28985e-05 5.82267e-06 -0.000436199 1.40533e-05 -5.22531e-06 3.29214e-05 6.31661e-05 -1.41135e-07 -0.000110287 -0.000175064 3.86049e-05 6.3006e-05 0.000163392 0.0002823 4.16624e-05 0.000162428 -7.24443e-05 0.000472946 8.33898e-05 -2.21483e-05
internal_weight=4.53169e+06 4.45428e+06 166148 77415 158667 129760 4.28813e+06 3.75608e+06 3.47879e+06 1.53136e+06 1.94743e+06 1.65983e+06 7481 1.4075e+06 712656 532044 277862 254182 66145 49567 188037 162305 53756 24829 253033 15833 113927 6574 16578 1.41247e+06
internal_count=4531690 4454275 166148 77415 158667 129760 4288127 3756083 3478792 1531359 1947433 1659833 7481 1407504 712656 532044 277862 254182 66145 49567 188037 162305 53756 24829 253033 15833 113927 6574 16578 1412466
is_linear=0
shrinkage=0.05


Tree=36
num_leaves=31
num_cat=0
split_feature=0 17 24 17 6 7 22 15 11 22 21 17 1 3 22 0 1 4 12 0 6 2 0 17 12 17 21 0 9 21
split_gain=0.640954 0.54013 0.499088 0.32242 0.407776 0.306072 0.286244 0.303384 0.284603 0.276733 0.254267 0.253756 0.240448 0.223169 0.215182 0.203435 0.202878 0.288779 0.223225 0.210584 0.20668 0.231074 0.213794 0.201259 0.199111 0.189885 0.188691 0.259514 0.202854 0.191048
threshold=0.099275790154933943 18.305568695068363 1.0000000180025095e-35 18.606255531311039 0.034081792458891876 0.050060141831636436 1.9460360407829287 0.015617573168128731 0.023934877477586273 0.564214587211609 -0.43276913464069361 17.030060768127445 0.014530459418892862 -0.22374769300222394 0.72706919908523571 0.033333340659737594 -0.10901400819420813 -0.1832652539014816 0.33903242647647863 -0.09991819784045218 0.050102436915040023 -0.031698102131485932 -0.064679861068725572 15.707701683044435 0.44395406544208532 20.32706451416016 0.50122481584548961 -0.040640482679009431 -0.015556266531348227 -0.52974632382392872
decision_type=10 2 2 2 8 8 10 2 2 10 8 2 10 10 8 10 8 8 2 10 10 10 8 2 2 2 8 10 10 10
left_child=2 11 3 4 12 6 7 -5 -7 10 15 -2 26 -12 -3 -6 17 18 19 -15 22 -22 -18 -4 -9 -16 27 28 -1 -29
right_child=1 14 23 5 9 8 -8 24 -10 -11 13 -13 -14 16 25 -17 20 -19 -20 -21 21 -23 -24 -25 -26 -27 -28 29 -30 -31
leaf_value=0.00034906933362252709 0.0010203097834511582 0.00023618262420633981 -0.0006173538099600996 -2.6340175695139591e-05 2.5024075833027106e-07 -4.5241221805418219e-05 -0.00019578052106653489 5.7309801648288973e-05 -0.00019650274616578005 -3.5843102707338323e-05 0.00039763865625064309 0.0003652844521148067 2.6660113591996685e-05 -0.0018151759228203447 9.0415739025064419e-05 0.00039480266783420317 0.00040709326388699789 0.00010830787315010203 -0.00080961821331238751 -2.525167540955861e-05 0.00037382243120604055 9.9285743451660486e-05 7.9076589369802243e-05 -0.00016390897819003051 -1.3176926521263868e-05 -0.00015971402944831776 -8.5391429683964187e-05 -4.9999356762377548e-05 6.5879439893992323e-05 -1.3041549864409136e-06
leaf_weight=7417 1739 17090 2682 844803 96939 114721 20913 227241 42661 64471 6576 9862 700715 173 28166 3380 5145 7166 1920 2955 14942 15738 143324 27853 179194 10384 74774 230744 42871 1585131
leaf_count=7417 1739 17090 2682 844803 96939 114721 20913 227241 42661 64471 6576 9862 700715 173 28166 3380 5145 7166 1920 2955 14942 15738 143324 27853 179194 10384 74774 230744 42871 1585131
internal_value=-1.40582e-10 0.00015322 -2.3079e-06 -9.20542e-07 8.37997e-06 -2.0467e-05 -1.23294e-05 -9.26308e-06 -8.62442e-05 5.80906e-05 7.83952e-05 0.000463553 1.55412e-06 0.000111261 8.85086e-05 1.35475e-05 0.000101418 -9.57445e-05 -0.000385376 -0.000124795 0.00011486 0.000233 9.04462e-05 -0.000203756 2.62328e-05 2.30373e-05 -7.50963e-06 -4.38899e-06 0.000107653 -7.4919e-06
internal_weight=4.53169e+06 67241 4.46445e+06 4.43391e+06 3.00438e+06 1.42953e+06 1.27215e+06 1.25124e+06 157382 362729 298258 11601 2.64165e+06 197939 55640 100319 191363 12214 5048 3128 179149 30680 148469 30535 406435 38550 1.94094e+06 1.86616e+06 50288 1.81588e+06
internal_count=4531690 67241 4464449 4433914 3004381 1429533 1272151 1251238 157382 362729 298258 11601 2641652 197939 55640 100319 191363 12214 5048 3128 179149 30680 148469 30535 406435 38550 1940937 1866163 50288 1815875
is_linear=0
shrinkage=0.05


Tree=37
num_leaves=31
num_cat=0
split_feature=0 17 24 21 0 17 0 21 7 0 1 4 9 1 7 15 9 19 22 9 6 22 4 21 11 21 20 17 0 6
split_gain=0.57847 0.490841 0.450433 0.309772 0.273485 0.281687 0.453537 0.281226 0.274705 0.334992 0.276234 0.302023 0.264385 0.261298 0.260126 0.315913 0.306307 0.268349 0.273518 0.238519 0.299276 0.237137 0.267879 0.233031 0.222401 0.182577 0.200173 0.178358 0.176365 0.171894
threshold=0.099275790154933943 17.589130401611332 1.0000000180025095e-35 0.75241592526435863 -0.056870233267545693 17.523513793945316 0.017094063572585586 0.22653532773256305 0.025571625679731372 -0.036568704992532723 -0.10901400819420813 -0.14778101444244382 0.0089686163701117056 -0.047404540702700608 0.050919931381940849 0.023707422427833084 -0.043291673064231866 1.0761020183563235 0.11612535268068315 -0.022581205703318116 0.059127571061253555 1.9460360407829287 -0.014748615212738512 0.25152418017387396 0.02617804799228907 0.70974203944206249 -0.28580088913440699 19.967576980590824 0.0093760215677320975 0.046441547572612769
decision_type=10 2 2 10 10 2 8 10 10 10 10 10 8 8 8 2 8 10 10 8 10 8 10 10 2 8 10 2 10 10
left_child=2 -2 3 4 7 6 8 19 -6 -10 -11 29 14 -14 15 16 17 18 -7 20 -1 22 -5 -3 -16 26 -4 -25 -15 -12
right_child=1 23 25 21 5 12 -8 -9 9 10 11 -13 13 28 24 -17 -18 -19 -20 -21 -22 -23 -24 27 -26 -27 -28 -29 -30 -31
leaf_value=0.00049589214858152496 0.00065417583774613722 0.00029745887123865843 -0.00032644801724001146 -0.00012316065512499958 -4.9315190289478613e-06 -0.0008952804965979812 9.3139429601996504e-05 -3.3015630375755123e-05 0.00025577789428874316 -0.00034584097650488057 0.0001149229916218462 1.708199565300804e-05 0.00014981532659220453 -3.3737566915134153e-05 -4.5886447824290848e-05 4.5019504405930473e-05 -1.7211891263624906e-05 0.00079985236327247263 -0.00015965695923149972 9.0546530974161649e-05 6.0430951202866712e-05 -0.00020723209600828553 -3.142121214215284e-06 0.00013023733381821489 -0.00019448661768449265 -0.00042160582524356351 -2.1687283037915643e-05 -6.7884746861275938e-05 5.2827863709621511e-05 0.00042232619094535186
leaf_weight=9639 4430 13080 8274 66818 1088797 2300 173268 29972 18011 4707 57016 271021 42452 104032 98315 220220 1847360 436 2804 39650 6680 23354 152834 32172 33847 6817 15444 17559 135440 4941
leaf_count=9639 4430 13080 8274 66818 1088797 2300 173268 29972 18011 4707 57016 271021 42452 104032 98315 220220 1847360 436 2804 39650 6680 23354 152834 32172 33847 6817 15444 17559 135440 4941
internal_value=-1.35413e-10 0.000145561 -2.19252e-06 -8.74525e-07 2.30786e-06 4.59738e-07 1.67002e-05 9.05823e-05 7.53116e-06 4.56797e-05 3.44731e-05 3.98503e-05 -1.01036e-05 3.54894e-05 -1.59322e-05 -1.15964e-05 -1.83253e-05 -0.000389522 -0.000491259 0.00015677 0.000317656 -5.57581e-05 -3.96521e-05 0.000109679 -8.39445e-05 -0.000193569 -0.000128012 6.02845e-05 1.52219e-05 0.000139444
internal_weight=4.53169e+06 67241 4.46445e+06 4.43391e+06 4.19091e+06 4.10497e+06 1.61776e+06 85941 1.44449e+06 355696 337685 332978 2.48721e+06 281924 2.20528e+06 2.07312e+06 1.8529e+06 5540 5104 55969 16319 243006 219652 62811 132162 30535 23718 49731 239472 61957
internal_count=4531690 67241 4464449 4433914 4190908 4104967 1617761 85941 1444493 355696 337685 332978 2487206 281924 2205282 2073120 1852900 5540 5104 55969 16319 243006 219652 62811 132162 30535 23718 49731 239472 61957
is_linear=0
shrinkage=0.05


Tree=38
num_leaves=31
num_cat=0
split_feature=0 17 0 21 20 16 22 6 3 19 17 3 15 12 21 3 5 0 17 21 1 6 22 19 21 9 22 0 3 17
split_gain=0.522075 0.455383 0.419185 0.348915 0.342881 0.290327 0.341979 0.300089 0.284072 0.319216 0.267939 0.228961 0.221692 0.212067 0.204706 0.235529 0.175053 0.174977 0.257622 0.18253 0.196488 0.180016 0.172014 0.169428 0.167457 0.166425 0.16027 0.157813 0.210858 0.157714
threshold=0.099275790154933943 17.030060768127445 -0.092667624354362474 0.27687723934650427 -0.48276183009147638 0.016326542943716053 0.54020649194717418 0.030048090964555744 -0.1403836905956268 -0.50094127655029286 19.323066711425785 0.0041666792239993819 0.015775078907608989 0.3200028687715531 -0.14509094506502149 0.054324824362993247 0.4145354181528092 -0.0018827053718268869 18.543252944946293 0.059335738420486457 -0.027479028329253193 0.046441547572612769 1.5092073678970339 0.15910665690898898 0.53564572334289562 0.0023132140049710874 1.9460360407829287 0.0075667372439056644 -0.086732503026723848 17.523513793945316
decision_type=10 2 10 10 8 2 10 10 8 10 2 8 2 2 8 10 10 10 2 10 10 10 8 10 10 10 10 8 10 2
left_child=2 -2 3 4 -1 7 -7 11 9 -9 16 24 -6 14 -13 -16 -3 18 21 20 25 -11 -12 -21 27 -19 -5 28 -4 -29
right_child=1 10 5 26 12 6 -8 8 -10 17 22 13 -14 -15 15 -17 -18 19 -20 23 -22 -23 -24 -25 -26 -27 -28 29 -30 -31
leaf_value=-0.00041648848244720308 0.00093663360889239687 0.00020582169921340974 2.5499166823651099e-05 -0.00029336067092320664 -7.0875323359728196e-05 -1.1538352335501707e-05 -9.5702335602531076e-05 -0.00014392691625884872 2.1507650273790004e-05 0.00026535205896817296 0.00010164785892639123 3.7564120926813368e-06 0.0003255865148891986 -2.7796585858449271e-08 4.1946036795595109e-05 0.0001576830385720851 0.0008594707343380939 -0.00037047002347706027 8.3368332446208548e-05 0.0004511093613754299 0.00012138667646372514 0.00061500100117327535 -0.00013109035804233652 2.6807175965097629e-05 -8.4520086428495976e-05 5.9257286095924097e-05 -0.00075685574163845352 5.4229658198589563e-05 -2.8868697438981783e-05 -1.4746390450792142e-05
leaf_weight=4653 1739 28214 215466 12094 9650 535754 155790 10044 767240 18324 24477 162668 5555 861977 136711 64791 1062 5341 18120 4905 11341 4607 11749 4521 82303 3896 2205 163652 1034948 167893
leaf_count=4653 1739 28214 215466 12094 9650 535754 155790 10044 767240 18324 24477 162668 5555 861977 136711 64791 1062 5341 18120 4905 11341 4607 11749 4521 82303 3896 2205 163652 1034948 167893
internal_value=-1.19971e-10 0.000138283 -2.0829e-06 -0.000176568 -4.09586e-05 -7.37597e-07 -3.04988e-05 4.76724e-06 3.09145e-05 0.000119907 0.000117074 -2.90703e-06 7.39801e-05 1.34879e-05 4.54791e-05 7.91607e-05 0.000229562 0.000157203 0.000224282 6.54227e-05 -1.80455e-05 0.000335623 2.61635e-05 0.000247625 -1.4986e-05 -0.000189232 -0.000364883 -1.13684e-05 -1.95002e-05 1.93005e-05
internal_weight=4.53169e+06 67241 4.46445e+06 34157 19858 4.43029e+06 691544 3.73875e+06 848339 81099 65502 2.89041e+06 15205 1.22615e+06 364170 201502 29276 71055 41051 30004 20578 22931 36226 9426 1.66426e+06 9237 14299 1.58196e+06 1.25041e+06 331545
internal_count=4531690 67241 4464449 34157 19858 4430292 691544 3738748 848339 81099 65502 2890409 15205 1226147 364170 201502 29276 71055 41051 30004 20578 22931 36226 9426 1664262 9237 14299 1581959 1250414 331545
is_linear=0
shrinkage=0.05


Tree=39
num_leaves=31
num_cat=0
split_feature=23 10 15 20 22 9 1 17 0 7 0 4 1 2 7 6 11 21 2 15 0 9 21 11 7 21 9 3 3 1
split_gain=0.471505 0.416564 0.289132 0.264148 0.222838 0.259431 0.242452 0.222083 0.317612 0.278373 0.305358 0.212942 0.218812 0.212922 0.279672 0.206758 0.211892 0.196628 0.253183 0.172469 0.169072 0.161234 0.147457 0.176324 0.142971 0.140327 0.133489 0.133287 0.200077 0.149537
threshold=1.0000000180025095e-35 0.099619369953870787 0.0022129995049908762 -0.56151866912841786 0.76295241713523876 -0.014729313086718319 -0.097802728414535509 17.685376167297367 0.014418576844036581 0.029288995079696182 -0.03088445961475372 -0.14778101444244382 -0.11685997247695921 -0.061740394681692116 0.049277337267994888 0.046441547572612769 0.0030721932416781787 -0.52974632382392872 -0.095664206892251955 0.018634360283613208 0.10043858364224435 -0.033734612166881554 0.063787598162889494 -0.087445087730884538 0.042603043839335449 1.9338862299919131 -0.028509363532066342 0.0014054806670174005 -0.089907206594943986 -0.011811003088951109
decision_type=2 8 2 8 8 8 10 2 10 10 10 10 10 10 8 8 2 10 8 2 8 10 8 2 8 10 10 8 10 8
left_child=1 7 -3 -2 6 22 21 8 9 17 -11 12 -12 15 19 16 26 18 -1 -15 -5 -4 -6 -24 -17 -21 -9 28 -19 -30
right_child=3 2 4 20 5 -7 -8 13 -10 10 11 -13 -14 14 -16 24 -18 27 -20 25 -22 -23 23 -25 -26 -27 -28 -29 29 -31
leaf_value=-0.00036588017688884565 0.00043623963551760295 -0.0002489444000559335 0.00041772271917762743 6.1875763531678854e-05 2.4933443162824437e-05 -5.2664613973150576e-05 -3.8091392565409404e-05 0.00025973215237360347 6.3171528550229052e-05 0.00019845320156635401 -0.00050412304546546373 7.6754644335722128e-06 0.00014717564724477458 -1.7972563349720165e-05 -8.8602639257395069e-05 0.00020337162964063915 -7.1049286086707171e-05 5.8458291552911027e-05 -4.3549722437955066e-05 2.1237980729493425e-05 0.00027340219921392737 6.4409103142203233e-05 -0.0018747048322132272 -0.00030569213595685573 4.7880784578789987e-05 -0.00040760513810248481 2.5551617260372169e-05 2.5351623135652621e-05 -4.575577507560393e-05 2.4384377224414885e-06
leaf_weight=6347 6167 22484 5367 60038 3719 52554 42702 6259 277016 31565 1327 178626 44628 1583213 122126 24649 64008 93788 151183 388487 11210 8105 180 17082 36937 1916 218121 423685 297422 350779
leaf_count=6347 6167 22484 5367 60038 3719 52554 42702 6259 277016 31565 1327 178626 44628 1583213 122126 24649 64008 93788 151183 388487 11210 8105 180 17082 36937 1916 218121 423685 297422 350779
internal_value=-9.26303e-11 -2.12632e-06 -8.34211e-05 0.000122336 -5.47273e-05 -0.000112006 2.02549e-05 7.49631e-07 1.37891e-05 5.12744e-06 5.28378e-05 3.23707e-05 0.000128358 -9.14768e-06 -1.51764e-05 2.6954e-05 9.19418e-06 -4.10837e-06 -5.65389e-05 -1.06328e-05 9.51602e-05 0.000205183 -0.000260638 -0.000322161 0.000110116 1.91323e-05 3.20851e-05 2.97717e-06 -9.79895e-06 -1.96751e-05
internal_weight=4.53169e+06 4.45428e+06 152193 77415 129709 73535 56174 4.30208e+06 1.85637e+06 1.57935e+06 256146 224581 45955 2.44572e+06 2.09574e+06 349974 288388 1.3232e+06 157530 1.97362e+06 71248 13472 20981 17262 61586 390403 224380 1.16567e+06 741989 648201
internal_count=4531690 4454275 152193 77415 129709 73535 56174 4302082 1856366 1579350 256146 224581 45955 2445716 2095742 349974 288388 1323204 157530 1973616 71248 13472 20981 17262 61586 390403 224380 1165674 741989 648201
is_linear=0
shrinkage=0.05


Tree=40
num_leaves=31
num_cat=0
split_feature=0 17 21 4 9 1 2 11 19 0 3 15 2 26 17 21 1 22 2 22 5 1 11 22 9 12 2 16 0 9
split_gain=0.433355 0.412404 0.38503 0.277345 0.259495 0.249341 0.452756 0.245897 0.230585 0.303572 0.293821 0.240722 0.232443 0.228308 0.211568 0.210987 0.180722 0.177776 0.172502 0.321945 0.185305 0.198469 0.193178 0.171926 0.34483 0.266572 0.606953 0.219083 0.188485 0.188466
threshold=0.099275790154933943 18.305568695068363 1.4052377939224245 0.32482688128948217 -0.070489887148141847 0.043798044323921211 0.049382705241441734 0.016782572492957119 -0.41606508195400232 0.026244039647281173 -0.11447225883603095 0.011889024171978237 -0.17470269650220868 16.500000000000004 16.515098571777347 0.69029447436332714 0.072142437100410475 0.72706919908523571 -0.088086955249309526 -0.79960831999778736 -0.053788408637046807 -0.041375620290637009 -5.4657883774567029e-10 0.16529021412134173 -0.043291673064231866 0.39999826252460485 -0.011013011448085306 0.014634101185947658 0.024476150982081894 -0.022581205703318116
decision_type=10 2 10 8 10 10 8 2 10 10 8 2 8 2 2 8 10 8 8 10 10 8 2 8 10 2 10 2 8 8
left_child=2 14 3 5 -4 8 16 -8 9 18 11 -10 -13 -5 -2 23 -7 -3 19 20 21 22 -1 24 25 -12 -27 29 -26 -25
right_child=1 17 4 13 -6 6 7 -9 10 -11 15 12 -14 -15 -16 -17 -18 -19 -20 -21 -22 -23 -24 27 28 26 -28 -29 -30 -31
leaf_value=-0.00031834295130951656 0.0012411539384045833 0.00020366782840737526 -0.00073677375355947743 0.00026778400071784524 -0.00012655078011066919 7.1240238168553905e-05 4.6202039229368298e-05 -4.0259332274572286e-05 1.4871372568323381e-05 0.00027328762689114451 0.00028845933266979901 0.00033795118924505996 8.7061268243989723e-05 -9.4693973683010449e-05 0.00034309666231712712 -6.9471929213715087e-05 0.00019321046941362963 9.9327716398749649e-06 -2.7758842495208774e-05 -5.006886313378862e-05 -8.2328829266959912e-05 3.880774823956896e-05 -0.00083358330787767869 0.00019286774162516977 -9.4185306360179142e-06 -0.0010628645040409255 -3.536309293069626e-05 -3.2636301993306478e-05 5.5625284379062999e-05 2.9887520012911336e-05
leaf_weight=3620 697 17090 1821 4533 39796 150290 150108 181861 167085 8004 1314 10240 93709 103731 10904 112628 38061 38550 502988 39648 4843 1592 3660 18311 1986322 2623 3178 150608 117995 565880
leaf_count=3620 697 17090 1821 4533 39796 150290 150108 181861 167085 8004 1314 10240 93709 103731 10904 112628 38061 38550 502988 39648 4843 1592 3660 18311 1986322 2623 3178 150608 117995 565880
internal_value=-1.07022e-10 0.000125987 -1.89768e-06 -4.73303e-07 -0.000153269 1.51007e-06 3.39683e-05 -1.16366e-06 -2.94106e-06 -3.24287e-05 2.21129e-06 5.20385e-05 0.000111779 -7.95147e-05 0.000397155 -2.35295e-06 9.58882e-05 6.94417e-05 -3.68274e-05 -0.000122304 -0.000331106 -0.000466882 -0.000577458 3.03039e-07 -6.94634e-06 -0.00035442 -0.000500065 2.1134e-05 -5.77132e-06 3.49963e-05
internal_weight=4.53169e+06 67241 4.46445e+06 4.42283e+06 41617 4.31457e+06 520320 331969 3.79425e+06 564355 3.22989e+06 271034 103949 108264 11601 2.95886e+06 188351 55640 556351 53363 13715 8872 7280 2.84623e+06 2.11143e+06 7115 5801 734799 2.10432e+06 584191
internal_count=4531690 67241 4464449 4422832 41617 4314568 520320 331969 3794248 564355 3229893 271034 103949 108264 11601 2958859 188351 55640 556351 53363 13715 8872 7280 2846231 2111432 7115 5801 734799 2104317 584191
is_linear=0
shrinkage=0.05


Tree=41
num_leaves=31
num_cat=0
split_feature=0 17 24 16 22 19 3 10 1 9 6 1 2 11 4 2 3 21 22 1 17 0 12 9 19 17 10 17 9 0
split_gain=0.391111 0.374633 0.362668 0.262797 0.283985 0.225851 0.225194 0.21217 0.256151 0.238489 0.229512 0.188644 0.401765 0.246519 0.216853 0.296173 0.292535 0.215972 0.212899 0.18709 0.179124 0.181184 0.177104 0.176096 0.174948 0.173403 0.168776 0.175242 0.165739 0.156996
threshold=0.099275790154933943 17.030060768127445 1.0000000180025095e-35 0.023936136625707153 0.36916479468345648 -0.11260990425944327 -0.15452928096055982 0.047922046855092056 -0.089357152581214891 -0.00034169841092079872 0.04698628559708596 0.043798044323921211 0.054733011871576316 0.016782572492957119 0.0036939183482900266 -0.026217266917228695 0.068376079201698317 0.53564572334289562 -0.083932377398014055 -0.055998099967837327 18.590974807739261 -0.09991819784045218 0.099999759346246733 -0.0063091993797570458 1.1499826312065127 19.930715560913089 0.12872208654880526 15.770730495452883 -0.013186835218220947 0.023945459164679054
decision_type=10 2 2 2 10 10 10 8 8 10 10 8 10 2 10 8 8 10 10 10 2 8 2 8 10 2 8 2 10 8
left_child=2 -2 3 6 -5 -3 7 8 9 -1 -10 14 -13 24 16 19 17 29 -17 -16 21 -9 -20 -15 -14 -7 27 -4 -27 -8
right_child=1 5 26 4 -6 25 11 20 10 -11 -12 12 13 23 15 18 -18 -19 22 -21 -22 -23 -24 -25 -26 28 -28 -29 -30 -31
leaf_value=-0.00051176679120379679 0.00084380385574756185 0.00034790751359536611 -0.00053092723697776504 -9.9639083579346239e-06 -0.00011365393448698448 0.0001304691870003205 -1.7272903482749166e-05 -0.001122756428871419 3.6306001045469486e-06 6.6815489502784843e-06 0.00028972809933939169 8.3584262841956972e-05 5.5450206741190193e-05 -0.00011664415258025247 0.00012583749570435813 -3.0499457294591578e-05 8.3564408850284345e-05 -8.674206378820637e-05 8.6288708230630579e-05 3.3336736506056596e-05 4.3265322378867125e-05 0.00022588036642766328 6.6104632214222171e-06 -1.1105068857642374e-05 -0.00028971952249387658 -0.00043926390989294009 -0.00076508511885863147 -0.00011098960427199489 1.1222374004574259e-06 4.7840413237996681e-05
leaf_weight=4289 1739 8082 2739 186022 102372 36876 1762197 250 48339 4593 8198 202827 128451 57295 70325 394343 73796 107499 77837 245457 28132 32329 670454 127425 3778 2421 1159 26637 18123 97706
leaf_count=4289 1739 8082 2739 186022 102372 36876 1762197 250 48339 4593 8198 202827 128451 57295 70325 394343 73796 107499 77837 245457 28132 32329 670454 127425 3778 2421 1159 26637 18123 97706
internal_value=-9.97736e-11 0.000119689 -1.80281e-06 -6.2017e-07 -4.67713e-05 0.000100452 2.59047e-06 6.83756e-05 5.90338e-06 -0.0002437 4.51198e-05 5.26086e-07 2.8633e-05 -6.53251e-06 -3.64846e-06 1.10762e-05 -1.41691e-05 -1.7835e-05 -7.69029e-07 5.39371e-05 0.000135691 0.000215497 1.48987e-05 -4.38408e-05 4.5586e-05 6.56163e-05 -0.000173526 -0.000150161 -5.07938e-05 -1.38523e-05
internal_weight=4.53169e+06 67241 4.46445e+06 4.43391e+06 288394 65502 4.14552e+06 126130 65419 8882 56537 4.01939e+06 519776 316949 3.49961e+06 1.45842e+06 2.0412e+06 1.9674e+06 1.14263e+06 315782 60711 32579 748291 184720 132229 57420 30535 29376 20544 1.8599e+06
internal_count=4531690 67241 4464449 4433914 288394 65502 4145520 126130 65419 8882 56537 4019390 519776 316949 3499614 1458416 2041198 1967402 1142634 315782 60711 32579 748291 184720 132229 57420 30535 29376 20544 1859903
is_linear=0
shrinkage=0.05


Tree=42
num_leaves=31
num_cat=0
split_feature=0 14 17 21 9 0 16 1 19 3 2 9 6 2 22 5 0 1 21 5 1 8 2 17 2 1 1 12 3 9
split_gain=0.355488 0.35095 0.304909 0.265478 0.284177 0.296324 0.293328 0.252999 0.246142 0.399765 0.245371 0.221667 0.219595 0.206725 0.267595 0.199012 0.192254 0.243085 0.359639 0.228708 0.204154 0.215547 0.191333 0.190901 0.189691 0.180416 0.175541 0.166801 0.450755 0.437845
threshold=0.099904209375381484 0.097189489752054228 18.481328010559086 1.5807778239250185 0.010349579621106388 0.0098431105725467222 0.023936136625707153 -0.043839538469910615 -0.47104161977767939 -0.1257514879107475 0.028627768158912662 -0.070489887148141847 0.030725237913429741 -0.088086955249309526 -0.66734614968299855 -0.040214078500866883 -0.00071300621493719507 -0.020806639455258843 0.23866645246744159 -0.1605580076575279 -0.058675890788435929 0.038974555209279067 -0.15959851443767545 17.509826660156254 -0.068431377410888658 -0.043839538469910615 0.042000029236078269 0.41176553070545202 0.023653000593185428 -0.037500001490116112
decision_type=10 2 2 10 10 8 2 10 10 10 10 10 10 8 10 10 10 10 10 8 10 2 10 2 10 8 10 2 8 10
left_child=1 3 -2 4 6 -6 8 -7 13 12 -8 -5 -10 14 15 25 19 18 -18 20 21 -14 -23 26 -22 -1 -11 28 -25 -29
right_child=2 -3 -4 11 5 7 10 -9 9 23 -12 -13 16 -15 -16 -17 17 -19 -20 -21 24 22 -24 27 -26 -27 -28 29 -30 -31
leaf_value=-0.00054901290368147393 0.00037451389003053661 -0.00020424961334958281 6.9808743294187342e-05 -0.00074833897807717121 -5.090816491099292e-06 0.00028020554542655668 -2.4624503573383185e-05 6.7319673835620071e-05 2.1062963946742451e-05 1.1403671508256414e-05 -0.00013776078933697944 -0.00012005386124767323 -0.00036848407275501954 -2.4735409681345498e-05 -4.2656192409950331e-05 -4.5532915824028874e-05 -0.00021628997632587457 0.00015725442392250399 0.00043393694854137685 0.0001113103888629333 0.00069499279895716146 0.00046808984309762371 4.1910127075541676e-05 -1.8583018406934459e-05 0.0002289479528995046 2.1791051589987309e-05 9.7827339957920982e-05 -0.00035863632448280555 5.7739608834339536e-05 -1.9490130970452245e-05
leaf_weight=7885 10285 21240 40685 1480 179320 15080 160336 187132 91556 1173232 68356 26977 1544 413526 22869 4498 13012 18771 2541 37651 5169 5495 5057 579101 3782 1679 61853 9601 290492 1071485
leaf_count=7885 10285 21240 40685 1480 179320 15080 160336 187132 91556 1173232 68356 26977 1544 413526 22869 4498 13012 18771 2541 37651 5169 5495 5057 579101 3782 1679 61853 9601 290492 1071485
internal_value=-1.13993e-10 -1.49373e-06 0.0001313 -5.27985e-07 4.49685e-07 4.17018e-05 -3.43699e-06 8.3197e-05 -1.44714e-07 4.49484e-06 -5.84414e-05 -0.000152755 7.60352e-05 -3.4858e-05 -0.0001482 -0.000319829 0.00013014 3.61389e-05 -0.000110037 0.000185107 0.000317109 0.000183128 0.000263868 3.4988e-07 0.000498126 -0.000448814 1.57318e-05 -9.38931e-06 6.91298e-06 -2.25024e-05
internal_weight=4.53169e+06 4.48072e+06 50970 4.45948e+06 4.43102e+06 381532 4.04949e+06 202212 3.8208e+06 3.37034e+06 228692 28457 184578 450457 36931 14062 93022 34324 15553 58698 21047 12096 10552 3.18576e+06 8951 9564 1.23508e+06 1.95068e+06 869593 1.08109e+06
internal_count=4531690 4480720 50970 4459480 4431023 381532 4049491 202212 3820799 3370342 228692 28457 184578 450457 36931 14062 93022 34324 15553 58698 21047 12096 10552 3185764 8951 9564 1235085 1950679 869593 1081086
is_linear=0
shrinkage=0.05


Tree=43
num_leaves=31
num_cat=0
split_feature=0 16 21 20 0 17 17 6 2 7 1 0 0 1 9 12 4 9 17 9 1 7 10 21 22 15 3 21 1 10
split_gain=0.330846 0.325773 0.306772 0.284616 0.217366 0.253447 0.217106 0.319993 0.316089 0.274594 0.25035 0.222524 0.187074 0.189838 0.183199 0.182595 0.210222 0.17972 0.17241 0.267787 0.211896 0.19592 0.254611 0.163456 0.162706 0.158673 0.158187 0.233677 0.204176 0.164366
threshold=-0.092667624354362474 1.0000000180025095e-35 0.17537594586610797 -0.48276183009147638 0.099275790154933943 16.515098571777347 19.367559432983402 0.046441547572612769 -0.021793343126773831 0.050060141831636436 -0.070175468921661363 0.099904209375381484 -0.056870233267545693 0.044776070863008506 0.052961762994527824 0.91666665673255932 -0.12217679992318152 -0.022581205703318116 17.04613018035889 -0.043291673064231866 -0.10301557183265685 0.02274944540113211 0.035567706450819976 -0.33022947609424586 0.061953483149409301 0.015306114684790375 -0.0087277204729616625 0.34117947518825537 -0.060094999149441712 0.05185190029442311
decision_type=10 2 10 8 10 2 2 8 8 8 10 8 10 10 10 2 10 10 2 10 8 10 10 10 8 2 10 10 10 8
left_child=2 4 3 -1 -2 -6 7 12 10 -8 15 -10 17 18 -11 -9 -17 -3 20 24 -14 -22 -23 -7 -20 -5 27 29 -28 -21
right_child=1 6 -4 25 5 23 9 8 11 14 -12 -13 13 -15 -16 16 -18 -19 19 26 21 22 -24 -25 -26 -27 28 -29 -30 -31
leaf_value=-0.00035040072368087619 3.4283498185418059e-05 0.00035038338394695876 -0.00031011422965680871 -2.8856923095259681e-05 0.0011722402258469216 0.00052670213959535978 -1.5651192768169547e-05 5.88844258864223e-05 -5.6822444139579236e-06 -0.00011699945531196822 0.0002107245176960576 0.00023462534623409326 -0.00034949726213443438 3.5854591896095179e-05 0.00024124183961761467 -0.00086470865812041629 0.00019895786271334075 5.8401198998666922e-05 -0.00080150857769471925 -2.8698868532781948e-05 -2.3467448957667285e-06 1.7405865239156737e-05 0.00012662453621172326 0.00010845162744440234 -0.00010699210795641866 0.0003290524483392978 0.00015270377245465554 -9.9574084407670394e-05 -3.9140373150941918e-06 3.7845982645883108e-05
leaf_weight=4561 434681 6554 16490 8090 659 2771 595788 27007 117478 99178 48935 10493 4057 282066 3701 1171 769 26890 1717 753845 632261 182314 75441 14857 1657 5016 21279 104844 941300 105820
leaf_count=4561 434681 6554 16490 8090 659 2771 595788 27007 117478 99178 48935 10493 4057 282066 3701 1171 769 26890 1717 753845 632261 182314 75441 14857 1657 5016 21279 104844 941300 105820
internal_value=-1.05485e-10 1.17726e-06 -0.000155022 -1.02532e-05 4.1388e-05 0.000210251 -3.32612e-06 1.96745e-06 6.23585e-05 -2.86769e-05 0.000141778 1.40235e-05 -1.99164e-06 -3.25792e-06 -0.00010411 2.52214e-05 -0.000443195 0.00011563 -7.16382e-06 -1.55707e-05 1.09881e-05 1.26317e-05 4.93729e-05 0.000174224 -0.000460558 0.000108139 -1.47913e-05 -2.91023e-05 -4.51652e-07 -2.05075e-05
internal_weight=4.53169e+06 4.49753e+06 34157 17667 452968 18287 4.04456e+06 3.3459e+06 205853 698667 77882 127971 3.14004e+06 3.1066e+06 102879 28947 1940 33444 2.82454e+06 1.93046e+06 894073 890016 257755 17628 3374 13106 1.92709e+06 964509 962579 859665
internal_count=4531690 4497533 34157 17667 452968 18287 4044565 3345898 205853 698667 77882 127971 3140045 3106601 102879 28947 1940 33444 2824535 1930462 894073 890016 257755 17628 3374 13106 1927088 964509 962579 859665
is_linear=0
shrinkage=0.05


Tree=44
num_leaves=31
num_cat=0
split_feature=23 22 7 14 17 3 6 9 8 12 22 9 9 0 1 17 1 7 10 15 0 12 9 21 19 0 9 1 22 19
split_gain=0.303494 0.332964 0.236791 0.231492 0.229139 0.227278 0.206812 0.205452 0.203844 0.200068 0.195165 0.189741 0.187702 0.229274 0.180601 0.169214 0.233434 0.281343 0.23131 0.20757 0.204573 0.182085 0.249158 0.185564 0.205622 0.177675 0.151578 0.260574 0.199373 0.159368
threshold=1.0000000180025095e-35 1.7571945786476137 0.051842946559190757 0.10969864577054979 19.234747886657718 -0.2058937922120094 0.089455850422382369 -0.070489887148141847 0.047027366235852248 0.89304774999618541 -1.0000000180025095e-35 0.088488519191741957 0.0083565623499453085 0.0098431105725467222 -0.043839538469910615 17.030060768127445 -0.089357152581214891 0.023618922568857673 0.03337471932172776 0.023707422427833084 -0.021908935159444805 0.41666668653488165 -0.030782836489379403 0.60397741198539745 -0.38298830389976496 0.010084407869726421 -0.043291673064231866 -0.10901400819420813 0.038555253297090537 -0.19582158327102658
decision_type=2 10 8 2 2 10 8 10 2 2 8 10 8 10 8 2 10 10 10 2 10 2 10 10 10 10 8 10 10 10
left_child=1 2 5 7 -4 8 10 -3 -1 -6 -2 -8 15 -14 -15 16 20 25 -19 26 -7 22 23 24 -21 -18 27 -17 29 -29
right_child=6 3 4 -5 9 12 11 -9 -10 -11 -12 -13 13 14 -16 19 17 18 -20 21 -22 -23 -24 -25 -26 -27 -28 28 -30 -31
leaf_value=-1.3753979899441496e-05 0.00029914620448602048 -0.0005622671729132231 2.2053643455497258e-10 -0.00063462523012654747 -9.1357259422557031e-05 -4.8067309979453021e-05 0.00035095769188218419 -8.1539588049860156e-05 0.0002321713686684838 -0.00040148037469690877 5.1435857666422378e-05 0.0015347482487451305 -3.0483376358815694e-06 0.00023828094672665291 5.5536822338734574e-05 0.00020685710558856099 -8.793922794466517e-06 2.8894093068634489e-05 0.0001306437598725651 3.2235737593790243e-05 -0.0004725816485258749 -1.8997588537459061e-05 4.869883104891866e-05 -0.00013274557621518806 0.00059200677433973747 6.0033653932680764e-05 -1.2604071679759415e-05 -9.7222939285473238e-05 -0.00016804123011329925 -0.00092806991218638405
leaf_weight=14434 9053 2319 96310 2115 90169 7907 2663 52937 20243 5518 65312 387 238377 14437 212644 3020 583861 159525 85950 2370 4426 110081 167148 1893 5330 111703 2452888 820 5900 1950
leaf_count=14434 9053 2319 96310 2115 90169 7907 2663 52937 20243 5518 65312 387 238377 14437 212644 3020 583861 159525 85950 2370 4426 110081 167148 1893 5330 111703 2452888 820 5900 1950
internal_value=-9.1272e-11 -1.70594e-06 -1.44392e-07 -0.000121381 -5.44455e-05 2.33502e-06 9.81494e-05 -0.000101725 0.00012981 -0.000109245 8.15951e-05 0.000501617 1.27499e-06 3.1202e-05 6.7156e-05 -2.48497e-06 1.56682e-05 1.85007e-05 6.45209e-05 -8.77513e-06 -0.000200441 3.14817e-05 6.2922e-05 0.000310715 0.00041974 2.2594e-06 -1.34601e-05 -0.00019307 -0.000332383 -0.000682239
internal_weight=4.53169e+06 4.45428e+06 4.3969e+06 57371 191997 4.20491e+06 77415 55256 34677 95687 74365 3050 4.17023e+06 465458 227081 3.70477e+06 953372 941039 245475 2.7514e+06 12333 286822 176741 9593 7700 695564 2.46458e+06 11690 8670 2770
internal_count=4531690 4454275 4396904 57371 191997 4204907 77415 55256 34677 95687 74365 3050 4170230 465458 227081 3704772 953372 941039 245475 2751400 12333 286822 176741 9593 7700 695564 2464578 11690 8670 2770
is_linear=0
shrinkage=0.05


Tree=45
num_leaves=31
num_cat=0
split_feature=24 16 1 17 11 0 9 10 12 3 6 21 9 0 0 3 21 2 17 1 4 9 1 9 22 3 6 19 11 18
split_gain=0.295901 0.286218 0.331429 0.210662 0.26818 0.230749 0.213618 0.199178 0.182259 0.169994 0.148394 0.146612 0.181565 0.270582 0.173362 0.143308 0.142623 0.140692 0.13409 0.196061 0.162968 0.162624 0.143717 0.135845 0.186003 0.13257 0.132211 0.125947 0.124173 0.122913
threshold=1.0000000180025095e-35 0.0049556880258023748 0.028820250183343891 19.436716079711918 0.028669479303061966 0.099904209375381484 -0.0084534925408661348 0.0335783138871193 1.0000000180025095e-35 0.4304403960704804 0.05219556391239167 0.75241592526435863 0.015204229392111303 0.015053732320666315 -0.070615086704492555 0.15056003630161288 0.85781168937683117 -0.018565994687378403 16.748744010925297 -0.093311030417680726 -0.12025197222828864 -0.0092986519448459131 -0.041375620290637009 -0.050516609102487557 0.12221625819802286 0.082698978483676924 0.089455850422382369 1.7062138915061953 -0.020754559896886345 13.544285297393801
decision_type=2 2 8 2 2 10 8 8 2 10 8 10 10 10 8 8 10 8 2 8 8 10 8 8 8 10 10 10 2 2
left_child=1 2 7 5 -5 11 15 25 9 26 29 12 14 -14 -3 -6 27 -10 19 28 21 22 -21 24 -20 -1 -4 -9 -16 -2
right_child=10 3 8 4 6 -7 -8 16 17 -11 -12 -13 13 -15 18 -17 -18 -19 23 20 -22 -23 -24 -25 -26 -27 -28 -29 -30 -31
leaf_value=-1.0050152142859473e-05 -0.00045988374483804239 0.00018031108568760605 0.00017014844072428374 -1.9180834296985934e-05 -0.00012620358142732886 0.00022252517529638798 -6.3574397303631873e-05 3.7378411488507724e-05 0.00020821381897131498 0.00081113564652302874 -0.00028465811881534333 -6.1037406135607924e-05 -1.2193035446727229e-05 0.00016181209555056998 4.5649993088937795e-05 -0.00034445702224909238 -0.0001152003536904536 4.8083358822299165e-05 -0.00087822281971512413 -7.6670027946187868e-05 1.2141403984271672e-05 7.3704466653888787e-05 0.00047222268530138032 -1.0461666475639827e-05 -1.6788182245770853e-07 0.00010428049767333861 0.0016900727695359945 0.00058563375932999949 -0.00058832909881734023 -1.7799961380695274e-05
leaf_weight=894901 1743 12715 10865 387353 17468 11342 74994 443827 14390 1224 12823 105784 47963 41822 1208 13210 15586 292970 1068 1568 342069 44319 4976 1688723 1384 26093 144 1049 2140 15969
leaf_count=894901 1743 12715 10865 387353 17468 11342 74994 443827 14390 1224 12823 105784 47963 41822 1208 13210 15586 292970 1068 1568 342069 44319 4976 1688723 1384 26093 144 1049 2140 15969
internal_value=-8.47183e-11 1.05226e-06 1.72288e-05 -8.7749e-06 -3.84418e-05 -2.43505e-06 -0.000109044 6.61336e-06 6.31144e-05 0.000252373 -0.00015512 -3.54655e-06 -7.69475e-07 6.88597e-05 -3.74625e-06 -0.000220192 3.34639e-05 5.5581e-05 -4.86745e-06 2.13115e-05 2.45583e-05 0.000108063 0.000340712 -1.10018e-05 -0.000382818 -6.8109e-06 0.000190181 3.86725e-05 -0.000359636 -6.1328e-05
internal_weight=4.53169e+06 4.50116e+06 1.70105e+06 2.80011e+06 493025 2.30708e+06 105672 1.38146e+06 319593 12233 30535 2.29574e+06 2.18996e+06 89785 2.10017e+06 30678 460462 307360 2.08746e+06 396280 392932 50863 6544 1.69118e+06 2452 920994 11009 444876 3348 17712
internal_count=4531690 4501155 1701049 2800106 493025 2307081 105672 1381456 319593 12233 30535 2295739 2189955 89785 2100170 30678 460462 307360 2087455 396280 392932 50863 6544 1691175 2452 920994 11009 444876 3348 17712
is_linear=0
shrinkage=0.05


Tree=46
num_leaves=31
num_cat=0
split_feature=0 21 16 20 9 4 22 9 11 16 2 0 7 0 1 9 17 6 0 22 9 21 11 21 3 4 9 12 19 3
split_gain=0.272253 0.276117 0.270118 0.248113 0.187712 0.182066 0.194256 0.204835 0.247155 0.22536 0.204577 0.149688 0.143753 0.159082 0.264297 0.289267 0.176795 0.205045 0.141874 0.213934 0.139488 0.138392 0.142076 0.13363 0.175176 0.174505 0.195812 0.255551 0.176663 0.187255
threshold=-0.092667624354362474 0.17006811499595645 1.0000000180025095e-35 -0.48276183009147638 0.0051232418045401582 -0.1832652539014816 1.9460360407829287 0.010349579621106388 -0.00680269906297326 0.023936136625707153 0.029268280602991584 -0.05132468789815902 0.027140564285218719 -0.010752666275948284 -0.089357152581214891 0.0029940132517367606 17.860003471374515 0.042856464162468917 0.0050822151824831971 0.016648139804601673 0.019025732763111595 -1.0909627079963682 -0.07421769946813582 -0.52157112956047047 -0.10084034875035285 -0.01574804168194532 -0.010446953587234018 0.36690610647201544 0.55911853909492504 0.065475113689899458
decision_type=10 10 2 10 10 8 10 10 2 2 10 8 8 10 8 10 2 10 10 8 10 8 2 8 10 10 8 2 8 8
left_child=1 3 4 -1 11 12 7 9 -9 23 -11 -2 -4 16 15 -15 17 -14 -6 -20 -10 -5 -23 -7 -25 28 27 -27 29 -26
right_child=2 -3 5 21 18 6 -8 8 20 10 -12 -13 13 14 -16 -17 -18 -19 19 -21 -22 22 -24 24 25 26 -28 -29 -30 -31
leaf_value=-0.00029067418928900948 0.00020953309953838592 -0.00028677743453471138 -3.982483558587308e-05 -0.0012560727320427153 1.9384597721350689e-05 -3.4546006479787407e-05 -0.00011580265834785393 -1.1354241897836079e-05 4.2066345843561648e-05 -2.466092461076969e-05 -0.00013090975762292755 1.8530249363438326e-05 0.00016906938583047826 -0.00054200561930266712 4.8224815890510539e-05 0.00016374358327545514 6.7079926212112431e-05 0.00056068574744898541 0.00032513877577099339 9.1339765563366675e-05 0.00013540654060155305 -3.9345033897317445e-05 0.00030320093157713726 4.4752355779878494e-05 -1.8476145093157802e-05 3.2849937731414075e-05 1.3078870879267124e-05 -8.5622908817633902e-05 -8.9543194567479891e-05 7.7068222518352378e-05
leaf_weight=5235 10548 16605 38687 179 26013 335165 39393 168270 121588 144175 66065 371415 18081 4048 73353 2263 42140 4100 14381 30611 59668 5762 6376 193545 1031782 73347 1372282 119963 82687 53963
leaf_count=5235 10548 16605 38687 179 26013 335165 39393 168270 121588 144175 66065 371415 18081 4048 73353 2263 42140 4100 14381 30611 59668 5762 6376 193545 1031782 73347 1372282 119963 82687 53963
internal_value=-6.10283e-11 -0.000140627 1.06797e-06 -2.35266e-06 3.76832e-05 -3.03273e-06 -5.33993e-06 -4.20152e-06 3.2283e-05 -7.87339e-06 -5.80486e-05 2.38054e-05 4.57439e-05 6.87353e-05 2.15103e-05 -0.000288952 0.000127224 0.000241479 0.000112336 0.000166076 7.27938e-05 0.000120204 0.000140602 -4.64025e-06 -1.21645e-06 -4.47066e-06 6.44211e-06 -4.06712e-05 -1.90928e-05 -1.37274e-05
internal_weight=4.53169e+06 34157 4.49753e+06 17552 452968 4.04456e+06 3.86189e+06 3.8225e+06 349526 3.47297e+06 210240 381963 182672 143985 79664 6311 64321 22181 71005 44992 181256 12317 12138 3.26273e+06 2.92757e+06 2.73402e+06 1.56559e+06 193310 1.16843e+06 1.08574e+06
internal_count=4531690 34157 4497533 17552 452968 4044565 3861893 3822500 349526 3472974 210240 381963 182672 143985 79664 6311 64321 22181 71005 44992 181256 12317 12138 3262734 2927569 2734024 1565592 193310 1168432 1085745
is_linear=0
shrinkage=0.05


Tree=47
num_leaves=31
num_cat=0
split_feature=0 21 17 17 1 2 7 21 6 2 0 15 21 17 1 4 9 12 12 3 0 22 17 5 0 3 9 1 22 2
split_gain=0.253632 0.296847 0.232226 0.202604 0.307081 0.33069 0.248019 0.216082 0.208529 0.272804 0.226893 0.2885 0.204425 0.195675 0.179903 0.256929 0.218353 0.193889 0.174186 0.169006 0.166651 0.151956 0.146989 0.148489 0.144434 0.138169 0.248309 0.164725 0.149005 0.133693
threshold=0.099904209375381484 1.1963025927543642 18.481328010559086 19.645284652709964 0.053935520350933082 0.057142902165651328 0.050060141831636436 -0.77262988686561573 0.046441547572612769 -0.021793343126773831 -0.05132468789815902 0.014432609081268312 0.26406015455722814 17.283935546875004 -0.047404540702700608 -0.084507055580615983 -0.00047980381350498641 0.90476199984550487 0.58837687969207775 0.081002544611692442 -0.092667624354362474 0.72706919908523571 20.32706451416016 0.4145354181528092 0.01971251051872969 -0.018339633010327813 -0.050516609102487557 -0.042194105684757226 0.29345344007015234 0.088306959718465819
decision_type=10 10 2 2 10 8 10 10 10 8 10 2 10 2 10 8 10 2 2 10 10 8 2 8 10 8 10 10 8 10
left_child=1 3 -2 4 7 -6 18 -1 10 14 11 12 -9 19 15 16 17 -10 -5 24 -3 -4 -23 -24 -12 -15 28 -28 -27 -20
right_child=2 20 21 6 5 -7 -8 8 9 -11 13 -13 -14 25 -16 -17 -18 -19 29 -21 -22 22 23 -25 -26 26 27 -29 -30 -31
leaf_value=-7.1779443432652676e-05 0.00032316139393184676 -0.00047387039303175779 0.00020147507601270286 1.1607431112753643e-05 0.00012606679985167584 1.3134610544343279e-05 -0.00011029936951165175 0.00012009775663758959 -0.00012554866468650672 -5.388717453132134e-06 5.3247157899458364e-06 0.00029591104484851872 -7.9044552155763722e-05 -2.7113172054666741e-05 0.00019748258661022694 0.00016382238912629975 0.00013318390505365088 -0.00074862733402892504 -2.7953282879108258e-05 0.00011406691358073424 -8.4658801685331782e-05 6.5180083753946659e-05 -5.7040378141551298e-05 -0.00053980042532789302 7.3809689342644122e-05 -0.0012111932725425581 7.5079916968339046e-05 -4.6056845155596826e-06 -3.0855246435621708e-05 -0.00012833047675341261
leaf_weight=100573 10285 2857 12603 265990 103070 174683 79024 31367 13208 91346 1129095 13653 21872 852144 39334 25273 8599 1378 140205 40306 73013 20007 5893 2182 82620 676 69007 1077532 442 43453
leaf_count=100573 10285 2857 12603 265990 103070 174683 79024 31367 13208 91346 1129095 13653 21872 852144 39334 25273 8599 1378 140205 40306 73013 20007 5893 2182 82620 676 69007 1077532 442 43453
internal_value=-6.51062e-11 -1.26169e-06 0.000110906 4.27331e-07 4.38756e-06 5.50424e-05 -2.86087e-05 4.77631e-07 2.55524e-06 5.51015e-05 -2.81123e-07 9.08713e-05 3.82848e-05 -2.15621e-06 0.00011804 5.35525e-05 -6.665e-05 -0.000184461 -1.42516e-05 1.33448e-05 -9.93212e-05 5.72417e-05 -7.49411e-06 -0.000187541 9.99438e-06 -1.1861e-05 -5.36143e-07 1.90432e-07 -0.000744993 -5.17028e-05
internal_weight=4.53169e+06 4.48072e+06 50970 4.40485e+06 3.87618e+06 277753 528672 3.59842e+06 3.49785e+06 179138 3.31871e+06 66892 53239 3.25182e+06 87792 48458 23185 14586 449648 1.25202e+06 75870 40685 28082 8075 1.21172e+06 1.9998e+06 1.14766e+06 1.14654e+06 1118 183658
internal_count=4531690 4480720 50970 4404850 3876178 277753 528672 3598425 3497852 179138 3318714 66892 53239 3251822 87792 48458 23185 14586 449648 1252021 75870 40685 28082 8075 1211715 1999801 1147657 1146539 1118 183658
is_linear=0
shrinkage=0.05


Tree=48
num_leaves=31
num_cat=0
split_feature=24 16 1 22 9 6 10 2 9 9 22 21 17 10 17 1 1 12 3 1 3 9 1 14 18 1 7 19 21 0
split_gain=0.243142 0.245688 0.302173 0.206512 0.209042 0.202961 0.190606 0.164634 0.163418 0.156791 0.224545 0.156227 0.154223 0.134586 0.138605 0.147364 0.13409 0.259645 0.131406 0.128717 0.127944 0.301163 0.127818 0.126181 0.125974 0.125424 0.132312 0.124852 0.12474 0.12144
threshold=1.0000000180025095e-35 0.0060483526904135951 0.028820250183343891 0.9126061499118806 -0.0058650737628340712 0.05219556391239167 0.034171322360634811 -0.016542758792638775 0.035232467576861388 0.0078043134417384872 0.19843436032533648 0.85781168937683117 17.283935546875004 0.12872208654880526 15.707701683044435 -0.11685997247695921 -0.097802728414535509 0.37179517745971685 0.082698978483676924 -0.16245489567518231 -0.15452928096055982 -0.0029411619761958714 -0.027479028329253193 0.026011570356786255 13.392117500305178 -0.03759403154253959 0.047901771962642677 1.4127486944198611 0.016722603701055053 -0.056870233267545693
decision_type=2 2 10 10 10 8 8 10 10 8 8 10 2 8 2 10 10 2 10 8 10 8 8 2 2 8 10 8 10 10
left_child=1 2 6 5 -5 12 18 25 -9 -4 -11 22 16 14 -2 19 17 -3 -1 23 21 28 27 -16 -12 -7 -27 -8 -18 -17
right_child=13 3 9 4 -6 7 11 8 -10 10 24 -13 -14 -15 15 29 20 -19 -20 -21 -22 -23 -24 -25 -26 26 -28 -29 -30 -31
leaf_value=-1.0076856253241699e-05 -0.00046829081218003498 0.00010201554971181755 3.9894572644126746e-05 -0.00013220959726478556 -2.3624104960839028e-05 5.1720030972520873e-05 5.8654831347866014e-05 -6.3629490965154177e-06 0.00033578027308076204 0.00028112000004757668 0.00099703240645206809 -0.00011684455164230662 -1.7665981880762902e-05 -0.00066886340852698634 -0.00052070551047656781 -0.00027968982786628433 0.00032922690673235539 -0.00053629870602785439 9.0286059938504554e-05 0.00018022241080953131 1.0705258954588201e-05 -1.5268361029329113e-05 1.1131137949794444e-05 7.6796360287601526e-05 6.050492464316942e-05 0.00029662445264616686 5.6885268167762486e-05 0.00053410100572442748 0.00090599657222982955 1.1394748188498245e-05
leaf_weight=1086162 2599 3193 318008 64390 142220 28455 234547 75988 3657 17082 361 17634 1506632 1159 1581 10652 3911 3178 33623 7144 610636 8669 271253 2001 44449 15237 9249 1388 1233 5399
leaf_count=1086162 2599 3193 318008 64390 142220 28455 234547 75988 3657 17082 361 17634 1506632 1159 1581 10652 3911 3178 33623 7144 610636 8669 271253 2001 44449 15237 9249 1388 1233 5399
internal_value=-8.18119e-11 9.53842e-07 1.38741e-05 -9.6077e-06 -5.74652e-05 -5.25187e-06 4.58998e-06 5.47766e-05 9.351e-06 5.40656e-05 0.000126876 2.94538e-05 -8.97546e-06 -0.000140613 -0.000119749 -8.59035e-05 1.17807e-05 -0.000216424 -7.06325e-06 5.75817e-05 1.41094e-05 0.000164584 3.45406e-05 -0.000186997 6.80719e-05 0.000123114 0.000206075 6.14541e-05 0.000467626 -0.000181784
internal_weight=4.53169e+06 4.50116e+06 2.02451e+06 2.47665e+06 206610 2.27004e+06 1.64461e+06 132586 79645 379900 61892 524822 2.13745e+06 30535 29376 26777 630820 6371 1.11978e+06 10726 624449 13813 507188 3582 44810 52941 24486 235935 5144 16051
internal_count=4531690 4501155 2024507 2476648 206610 2270038 1644607 132586 79645 379900 61892 524822 2137452 30535 29376 26777 630820 6371 1119785 10726 624449 13813 507188 3582 44810 52941 24486 235935 5144 16051
is_linear=0
shrinkage=0.05


Tree=49
num_leaves=31
num_cat=0
split_feature=0 17 21 4 26 1 2 11 19 0 3 15 2 21 14 9 3 21 12 0 2 9 11 9 22 6 22 16 17 2
split_gain=0.224513 0.265361 0.250882 0.195476 0.199972 0.184872 0.341184 0.248082 0.179742 0.257195 0.204568 0.185165 0.209679 0.172688 0.168868 0.166504 0.157015 0.26821 0.235127 0.228135 0.170471 0.169099 0.157649 0.14644 0.182927 0.228607 0.142458 0.137432 0.132257 0.129909
threshold=0.099275790154933943 17.030060768127445 1.4052377939224245 0.32482688128948217 16.500000000000004 0.055274926126003272 0.049382705241441734 0.015781318768858913 -0.41606508195400232 0.026244039647281173 -0.10084034875035285 0.0097357346676290053 -0.17470269650220868 0.53564572334289562 0.029315972700715068 -0.070489887148141847 -0.0087277204729616625 0.22053037583827975 0.1250000596046448 0.023410797119140628 0.016329093836247924 -0.0020871362648904319 -0.00680269906297326 -0.043291673064231866 -1.0000000180025095e-35 0.013047698419541122 0.23346143960952762 0.018008172512054447 17.030060768127445 -0.088086955249309526
decision_type=10 2 10 8 2 10 8 2 10 10 8 2 8 10 2 10 8 10 2 10 8 10 2 8 8 10 8 2 2 8
left_child=2 -2 3 5 -5 8 -7 -8 9 29 11 28 14 -3 -13 -4 17 19 21 -12 23 -18 -19 24 25 -20 -6 -22 -10 -1
right_child=1 13 15 4 26 6 7 -9 10 -11 16 12 -14 -15 -16 -17 18 22 20 -21 27 -23 -24 -25 -26 -27 -28 -29 -30 -31
leaf_value=-0.00010537803484257063 0.00070011117416229939 0.00018069895156565144 -0.00059095816492705621 0.00025845877244104633 2.4114771105379571e-05 0.000115105718848186 6.4388500177186108e-05 -3.5706886531572518e-05 8.6787759303195617e-05 0.00024851070156237082 -8.3107565927954387e-06 5.5856537129224753e-05 6.1848483195124532e-05 1.2435451331987936e-05 0.0004373839947497194 -0.00010215244470621946 0.00012147101935303593 -9.8523071497223823e-05 7.6063431630485131e-05 9.4245801360972768e-05 -7.9994797263737048e-06 2.6140339344142644e-05 -2.2985953456744425e-05 1.9632300584137507e-05 -4.8251472535905203e-05 -0.0011452171953739859 -0.00011351085611766363 -7.5929910818963787e-05 -1.4752442912704976e-05 -2.3569933340951361e-05
leaf_weight=53452 1739 24157 1821 4533 24670 98534 105362 150071 40238 8341 1003910 4951 151310 41345 7002 39796 70565 128616 615 57321 606032 136500 149204 768411 3670 1015 79061 84884 157940 526624
leaf_count=53452 1739 24157 1821 4533 24670 98534 105362 150071 40238 8341 1003910 4951 151310 41345 7002 39796 70565 128616 615 57321 606032 136500 149204 768411 3670 1015 79061 84884 157940 526624
internal_value=-5.96955e-11 9.06825e-05 -1.36589e-06 -2.16119e-07 -6.65738e-05 1.44899e-06 3.60697e-05 5.58094e-06 -1.64514e-06 -2.71443e-05 2.80425e-06 3.83469e-05 7.77756e-05 7.44925e-05 0.000279371 -0.000123554 -1.46267e-06 -1.42207e-05 8.75671e-06 -2.77122e-06 1.70598e-06 5.86282e-05 -5.79559e-05 1.78256e-05 -0.00024407 -0.000684663 -8.07799e-05 -1.63453e-05 5.86458e-06 -3.11084e-05
internal_weight=4.53169e+06 67241 4.46445e+06 4.42283e+06 108264 4.31457e+06 353967 255433 3.9606e+06 588417 3.37218e+06 361441 163263 65502 11953 41617 3.01074e+06 1.33905e+06 1.67169e+06 1.06123e+06 1.46463e+06 207065 277820 773711 5300 1630 103731 690916 198178 580076
internal_count=4531690 67241 4464449 4422832 108264 4314568 353967 255433 3960601 588417 3372184 361441 163263 65502 11953 41617 3010743 1339051 1671692 1061231 1464627 207065 277820 773711 5300 1630 103731 690916 198178 580076
is_linear=0
shrinkage=0.05


Tree=50
num_leaves=31
num_cat=0
split_feature=0 21 16 1 20 17 11 9 6 1 22 4 2 20 1 5 22 9 7 15 12 6 0 1 3 21 11 2 4 9
split_gain=0.216388 0.235726 0.226617 0.232526 0.209709 0.16967 0.19695 0.281594 0.193087 0.167228 0.206903 0.1618 0.152752 0.143859 0.188082 0.235786 0.143346 0.151835 0.140145 0.133802 0.129508 0.178911 0.127311 0.136071 0.332291 0.198577 0.351253 0.315827 0.188325 0.397441
threshold=-0.092667624354362474 0.17006811499595645 0.0042689682450145492 0.028209415264427665 -0.48276183009147638 18.278040885925297 0.011456609703600408 -0.010033427271991966 0.048780431970953948 0.066110543906688704 2.2795250415802006 0.0036939183482900266 -0.065502140671014772 -0.14491934329271314 -0.048312814906239503 0.02631581295281649 -0.19578072428703305 -0.037500001490116112 0.026640385389328006 0.015306114684790375 1.0000000180025095e-35 0.089455850422382369 -0.053853083401918404 -0.029021836817264553 -0.018339633010327813 0.21459203958511355 -0.0076775362249463788 -0.10606062412261962 -0.11643019318580626 -0.015129635110497473
decision_type=10 10 2 10 8 2 2 10 8 10 10 10 10 10 8 10 8 10 10 2 2 10 10 8 10 10 2 10 8 10
left_child=1 4 3 11 -1 8 9 13 22 12 -11 18 -7 -8 16 -16 17 -15 -2 -6 21 -5 -4 24 25 26 -24 -28 29 -25
right_child=2 -3 5 20 19 6 7 -9 -10 10 -12 -13 -14 14 15 -17 -18 -19 -20 -21 -22 -23 23 28 -26 -27 27 -29 -30 -31
leaf_value=-0.00028968556430000237 -1.9680068393168747e-05 -0.00026040973143714492 0.00014422691825888479 0.00019367654047909328 -2.1730352024954864e-05 3.2893965916648835e-05 -4.3380167855845165e-05 -2.7201450684293283e-05 0.00010056335835566771 8.3586180576759853e-05 -0.00025932704391808846 3.2101369563864567e-05 -2.3624889362876912e-05 -0.0015480266391841896 -7.9417300071753814e-06 -0.00022681143398324482 -0.00029212561782563035 -0.00050066036738526847 2.71663475567214e-05 0.00030821910117344623 5.005722299678764e-05 0.0020039433865652731 2.2904244921153081e-05 0.00039733586154357559 5.4667075753408372e-05 -0.0001629207127888414 -0.00034280730506520887 -7.3760628785710306e-05 -2.9990287079140968e-07 3.9750775477513818e-05
leaf_weight=4551 557416 16605 15296 12564 8022 146043 33678 356640 49853 73723 4677 424010 658918 530 19719 32728 3840 998 223725 4979 274928 137 106908 8222 86717 38873 12523 84528 1129092 141247
leaf_count=4551 557416 16605 15296 12564 8022 146043 33678 356640 49853 73723 4677 424010 658918 530 19719 32728 3840 998 223725 4979 274928 137 106908 8222 86717 38873 12523 84528 1129092 141247
internal_value=-5.45779e-11 -0.000125371 9.52117e-07 1.68755e-05 2.38932e-06 -6.95872e-06 -2.0278e-05 -4.72767e-05 3.64008e-06 -6.58139e-06 6.31264e-05 7.23489e-06 -1.33707e-05 -0.000125529 -0.00017338 -0.000144523 -0.000455246 -0.000864723 -6.26286e-06 0.000104645 5.7269e-05 0.000213359 6.63611e-07 -7.02022e-07 -2.93501e-05 -5.93533e-05 -3.96135e-05 -0.00010848 6.68203e-06 5.94234e-05
internal_weight=4.53169e+06 34157 4.49753e+06 1.49278e+06 17552 3.00475e+06 1.33149e+06 448133 1.67326e+06 883361 78400 1.20515e+06 804961 91493 57815 52447 5368 1528 781141 13001 287629 12701 1.62341e+06 1.60811e+06 329549 242832 203959 97051 1.27856e+06 149469
internal_count=4531690 34157 4497533 1492780 17552 3004753 1331494 448133 1673259 883361 78400 1205151 804961 91493 57815 52447 5368 1528 781141 13001 287629 12701 1623406 1608110 329549 242832 203959 97051 1278561 149469
is_linear=0
shrinkage=0.05


Tree=51
num_leaves=31
num_cat=0
split_feature=9 4 0 16 22 7 1 18 8 1 16 17 7 1 14 16 6 22 2 1 0 3 9 12 3 9 1 2 3 22
split_gain=0.207891 0.277166 0.257363 0.216699 0.250607 0.211087 0.196883 0.19438 0.185663 0.172798 0.162565 0.156756 0.192427 0.155093 0.150123 0.149901 0.152413 0.213801 0.195606 0.253407 0.181222 0.199972 0.197275 0.175804 0.197557 0.169771 0.145431 0.143962 0.142773 0.1681
threshold=0.0065322171431034812 0.30419266223907476 0.0069422272499650725 0.00380228681024164 0.29345344007015234 0.022422736510634426 -0.048312814906239503 17.089293479919437 1.0000000180025095e-35 -0.070175468921661363 0.033734926953911788 16.748744010925297 0.025571625679731372 -0.021236376836895939 0.10969864577054979 0.023936136625707153 0.039282789453864105 0.78169116377830516 -0.01201146515086293 0.018011943437159065 -0.056870233267545693 -0.016258447431027886 -0.022581205703318116 0.3116880208253861 0.068376079201698317 -0.037500001490116112 0.040242344141006477 0.13793106377124789 -0.22374769300222394 -0.47320081293582911
decision_type=10 8 8 2 10 8 8 2 2 8 2 2 8 10 2 2 8 10 8 10 10 8 10 2 8 8 10 10 8 8
left_child=1 8 9 4 -4 -3 10 -7 -1 -2 -5 12 13 -10 26 16 20 18 19 28 22 -22 -13 24 -23 -25 -11 -9 -18 -30
right_child=2 5 3 6 -6 7 -8 27 11 14 -12 15 -14 -15 -16 -17 17 -19 -20 -21 21 23 -24 25 -26 -27 -28 -29 29 -31
leaf_value=-0.00026277993142644941 0.00010396395802403483 -0.00085138624124802035 0.00022236778217873683 0.00012074293651676242 4.0377431834654457e-05 -2.2135639566682943e-05 2.3640609680982414e-05 -9.2901427918669748e-05 -4.1824235866582638e-05 -2.9171095108491486e-05 0.00049904021139709641 0.00036642355888030813 7.6016818211882713e-05 2.1771777688991471e-05 -0.00032520538271491674 -5.1448626243119135e-05 0.00026253864729698146 -4.2288190398178505e-05 5.0355761555056936e-06 0.0002263226268109451 -2.7171804441060319e-05 1.3412192029808223e-05 4.8475041550511688e-05 -0.00035214216187123138 0.00010427606932476602 -7.8403907886845504e-06 7.67990066209579e-05 -0.00028713365516225953 -7.216284861023821e-05 7.3187763423737383e-05
leaf_weight=6833 31094 890 36369 16331 39419 61693 300550 26840 124533 256200 3437 6135 124763 416471 3972 176656 7812 91344 152965 26285 1007363 326343 23810 3592 73246 1017381 37059 14801 25368 92135
leaf_count=6833 31094 890 36369 16331 39419 61693 300550 26840 124533 256200 3437 6135 124763 416471 3972 176656 7812 91344 152965 26285 1007363 326343 23810 3592 73246 1017381 37059 14801 25368 92135
internal_value=-5.85749e-11 -4.67149e-06 2.45507e-05 5.16832e-05 0.000127712 -8.50846e-05 3.36942e-05 -7.84764e-05 -2.40819e-06 -8.18325e-06 0.000186538 -1.92679e-06 2.00415e-05 7.13264e-06 -1.99155e-05 -6.75307e-06 -3.98629e-06 2.48044e-05 4.49267e-05 8.51766e-05 -8.62385e-06 -1.01317e-05 0.000113625 1.95203e-06 3.00681e-05 -9.05206e-06 -1.57795e-05 -0.000161945 5.55695e-05 4.18073e-05
internal_weight=4.53169e+06 3.80726e+06 724431 396106 75788 104224 320318 103334 3.70304e+06 328325 19768 3.6962e+06 665767 541004 297231 3.03044e+06 2.85378e+06 395909 304565 151600 2.45787e+06 2.42792e+06 29945 1.42056e+06 399589 1.02097e+06 293259 41641 125315 117503
internal_count=4531690 3807259 724431 396106 75788 104224 320318 103334 3703035 328325 19768 3696202 665767 541004 297231 3030435 2853779 395909 304565 151600 2457870 2427925 29945 1420562 399589 1020973 293259 41641 125315 117503
is_linear=0
shrinkage=0.05


Tree=52
num_leaves=31
num_cat=0
split_feature=21 0 4 22 8 17 21 17 6 7 15 1 3 4 12 0 21 1 4 9 6 2 0 5 4 21 2 1 14 9
split_gain=0.20529 0.343606 0.24551 0.262031 0.21876 0.185593 0.174473 0.208515 0.304724 0.196856 0.28293 0.21305 0.192655 0.198661 0.17288 0.171018 0.228361 0.188945 0.287198 0.244696 0.21667 0.26472 0.20601 0.143916 0.137428 0.142067 0.134683 0.132717 0.122247 0.120163
threshold=0.80148011445999157 0.099275790154933943 -0.0035971236648038025 2.2795250415802006 0.076010160148143782 16.558480262756351 -0.77262988686561573 18.249352455139164 0.027264193631708625 0.050060141831636436 0.023364481516182426 -0.06640052422881125 0.082698978483676924 0.050297666341066367 0.82070314884185802 -0.041819311678409569 0.35704794526100164 -0.074495486915111528 -0.11286679282784461 0.0024631106061860923 0.049434093758463866 -0.039754895493388169 -0.014747967943549154 0.20643068104982379 -0.1832652539014816 0.033412544056773193 -0.14772728085517881 0.044776070863008506 0.024445296265184883 -0.010932254139333962
decision_type=10 10 10 10 2 2 8 2 10 8 2 10 10 8 2 10 10 10 8 10 10 10 10 8 10 10 10 8 2 10
left_child=1 6 -2 29 -3 -5 -1 8 12 10 -9 -12 27 -14 -11 16 -10 18 19 22 -19 -22 28 -6 -24 -26 -21 -8 -17 -4
right_child=2 4 3 5 23 -7 7 9 15 14 11 -13 13 -15 -16 17 -18 20 -20 26 21 -23 24 -25 25 -27 -28 -29 -30 -31
leaf_value=-6.2912940167856121e-05 -0.00011900183485969037 0.00034646450780355045 -0.00011575455886811753 0.0010352002445365037 0.00015914219087348697 -0.00024768810881526038 -2.3116877647404333e-06 -1.3715537920414714e-05 0.0001905372485401132 -4.3159396629008829e-05 0.00021420518097806313 3.3116906221596685e-05 0.00015536851338032319 1.2258745906801759e-05 -0.00019934676121776082 -0.00030831914882986595 -6.9102334360383934e-05 3.5815590780681572e-05 8.7403575391098649e-05 0.00038562216673866917 0.00033108689359022636 5.6406909409132182e-05 -0.00068036911990560357 -9.777083649667055e-05 -0.00046236655098845568 0.00021621310533636082 -0.00011120573342969002 7.5912229196471089e-05 0.00015761448167036468 2.2753897004281946e-05
leaf_weight=103341 76130 10688 17636 287 16853 13416 1824657 1307130 39803 150744 17672 200609 41229 58884 20076 2977 10757 346384 15474 2122 14355 22550 4177 8056 2610 1094 3815 55883 2669 139612
leaf_count=103341 76130 10688 17636 287 16853 13416 1824657 1307130 39803 150744 17672 200609 41229 58884 20076 2977 10757 346384 15474 2122 14355 22550 4177 8056 2610 1094 3815 55883 2669 139612
internal_value=-5.76568e-11 2.55551e-06 -4.43158e-05 -1.10552e-05 0.00015725 -0.000220745 1.25949e-06 2.85916e-06 1.21906e-05 -1.0616e-05 -4.9159e-06 4.77787e-05 3.6109e-06 7.11958e-05 -6.15167e-05 4.84405e-05 0.000135297 3.794e-05 -7.33715e-05 -0.000201187 4.80866e-05 0.000163256 -0.000318629 7.60515e-05 -0.000483769 -0.000261939 6.64053e-05 1.28896e-08 -8.80722e-05 7.21898e-06
internal_weight=4.53169e+06 4.28461e+06 247081 170951 35597 13703 4.24901e+06 4.14567e+06 2.44944e+06 1.69623e+06 1.52541e+06 218281 1.98065e+06 100113 170820 468787 50560 418227 34938 19464 383289 36905 13527 24909 7881 3704 5937 1.88054e+06 5646 157248
internal_count=4531690 4284609 247081 170951 35597 13703 4249012 4145671 2449440 1696231 1525411 218281 1980653 100113 170820 468787 50560 418227 34938 19464 383289 36905 13527 24909 7881 3704 5937 1880540 5646 157248
is_linear=0
shrinkage=0.05


Tree=53
num_leaves=31
num_cat=0
split_feature=24 16 9 17 6 2 16 11 1 0 6 3 9 19 17 3 9 0 21 9 1 11 12 0 3 3 9 12 8 21
split_gain=0.194221 0.192647 0.136829 0.136551 0.197454 0.260491 0.169822 0.179366 0.159931 0.152967 0.116085 0.113444 0.122991 0.110194 0.124796 0.151441 0.127103 0.17217 0.134044 0.118457 0.297394 0.16938 0.16462 0.109886 0.10891 0.106013 0.101948 0.31512 0.134835 0.151553
threshold=1.0000000180025095e-35 1.0000000180025095e-35 0.0031545751262456183 19.645284652709964 0.048780431970953948 -1.0000000180025095e-35 0.015936254523694519 0.038315987214446075 0.021276585757732395 0.099275790154933943 0.05219556391239167 0.4304403960704804 0.024748154915869239 -0.37264546751976008 17.355983734130863 -0.086732503026723848 -0.050516609102487557 -0.041819311678409569 0.13896974176168445 -0.0063091993797570458 -0.047404540702700608 0.028669479303061966 0.4545466154813767 -0.044554455205798142 0.19556111097335818 0.090277764946222319 -0.023693971335887905 0.41666668653488165 0.047369170933961875 0.51182326674461376
decision_type=2 2 8 2 8 8 2 2 10 8 8 10 8 8 2 10 10 10 10 10 10 2 2 10 8 8 8 2 2 10
left_child=1 2 23 4 13 8 -5 -8 -6 -7 -2 -4 -13 -3 15 19 17 -16 -19 20 22 -22 -15 -1 -9 -17 27 28 -18 -30
right_child=10 3 11 6 5 9 7 24 -10 -11 -12 12 -14 14 16 25 26 18 -20 -21 21 -23 -24 -25 -26 -27 -28 -29 29 -31
leaf_value=0.00014655396620104604 -4.2718277365893674e-05 -2.132120317607653e-05 7.7351885577917122e-05 -7.7344920810577954e-06 7.6775289142013537e-05 -2.2156904776358221e-05 -4.7069470040237784e-05 -9.7514494731838628e-05 0.00023683132560424239 0.00015005263475935127 -0.00024024462946376719 -0.00038837381165956098 0.00067895311933071712 8.2647236671072873e-05 8.854601421123263e-05 6.6407968518598212e-06 4.7012641572816124e-05 -0.0011257770675422081 -0.00014165168305896851 4.5903563033835908e-05 0.00025340758504803062 0.0007772777091196374 -0.00040545665042168543 1.1419527571721822e-05 -0.00031056692225980506 0.00010707342538569689 -6.813474265918222e-06 -4.6824922981134566e-05 0.00052019389820882401 -1.2774935662438272e-05
leaf_weight=15752 17712 601232 94572 367932 65473 100507 133733 13100 20492 14792 12823 331 1448 6150 1201 856371 3922 845 586 84041 11693 1777 2401 334068 11066 27106 1705007 17654 6204 1699
leaf_count=15752 17712 601232 94572 367932 65473 100507 133733 13100 20492 14792 12823 331 1448 6150 1201 856371 3922 845 586 84041 11693 1777 2401 334068 11066 27106 1705007 17654 6204 1699
internal_value=-4.39456e-11 8.52529e-07 3.20366e-05 -2.57867e-06 9.63028e-07 4.90545e-05 -2.6349e-05 -6.97237e-05 0.000114931 -6.25981e-08 -0.000125673 8.4796e-05 0.00048026 -1.94546e-06 2.32693e-06 1.64996e-05 -5.74649e-06 -0.000352877 -0.000723154 7.29532e-05 0.000176179 0.000322571 -5.44368e-05 1.75049e-05 -0.000195083 9.72229e-06 -5.21953e-06 8.69682e-05 0.0002867 0.000405628
internal_weight=4.53169e+06 4.50116e+06 446171 4.05498e+06 3.52915e+06 201264 525831 157899 85965 115299 30535 96351 1779 3.32789e+06 2.72666e+06 989539 1.73712e+06 2632 1431 106062 22021 13470 8551 349820 24166 883477 1.73449e+06 29479 11825 7903
internal_count=4531690 4501155 446171 4054984 3529153 201264 525831 157899 85965 115299 30535 96351 1779 3327889 2726657 989539 1737118 2632 1431 106062 22021 13470 8551 349820 24166 883477 1734486 29479 11825 7903
is_linear=0
shrinkage=0.05


Tree=54
num_leaves=31
num_cat=0
split_feature=21 0 8 7 17 19 21 3 17 15 12 9 21 20 7 0 3 6 0 9 12 5 9 4 22 17 1 9 22 3
split_gain=0.186976 0.255877 0.183203 0.162195 0.192449 0.174028 0.166694 0.20326 0.153266 0.205961 0.201041 0.200109 0.225092 0.18661 0.167415 0.161531 0.158696 0.165017 0.156155 0.155717 0.151289 0.148416 0.147471 0.142612 0.149138 0.15847 0.134651 0.125978 0.295096 0.124299
threshold=1.1963025927543642 0.099275790154933943 0.074831012636423125 0.050060141831636436 19.234747886657718 1.7062138915061953 -0.52157112956047047 -0.22374769300222394 17.030060768127445 0.015015141107141973 0.44395406544208532 -0.030782836489379403 0.29713557660579687 -0.21232859045267102 0.022422736510634426 0.0082246479578316229 0.037162149325013168 0.041442856192588813 -0.092667624354362474 -0.0072992506902664891 0.85714623332023632 0.26597240567207342 0.015204229392111303 -0.0035971236648038025 2.2795250415802006 16.558480262756351 -0.14034512639045713 -0.050516609102487557 -0.10948780551552771 -0.11701222509145735
decision_type=10 10 2 8 2 8 8 8 2 2 2 10 10 10 8 8 10 10 8 10 2 8 8 10 8 2 10 10 10 10
left_child=1 3 -3 5 -5 6 -1 -8 14 18 11 12 13 -11 15 -9 17 -13 26 -16 -6 -4 -20 -2 -25 -26 -10 28 -12 -19
right_child=23 2 21 4 20 -7 7 8 9 10 27 16 -14 -15 19 -17 -18 29 22 -21 -22 -23 -24 24 25 -27 -28 -29 -30 -31
leaf_value=-2.8279713617350546e-05 -0.00018012063817697934 0.00027598312611433294 0.00010872235856646169 4.8297215373618518e-06 -6.9969238027611097e-05 0.0004680161967315794 0.00017562780536966666 -4.7409841863036563e-06 -0.00056752490136046166 0.00012046277424752903 -0.0013283060994311385 -1.4793028537928161e-06 -1.2616248092540952e-05 0.00059614600408291996 0.00013816925919897522 5.7141949347241865e-05 7.5340265067852942e-05 0.00031130085063128593 -1.0751150904068625e-05 3.8132751650420291e-05 -0.00028217531424950057 -0.00014214088143937189 5.710614902861099e-05 2.5695328575275864e-07 0.00096085001990684578 -0.00022231323330926963 -0.00011229595579765272 -6.6830113000292609e-06 -9.4377335492019224e-05 6.7824573496736814e-05
leaf_weight=405038 22613 12995 28584 114500 104281 2005 17470 494025 2062 3604 592 231340 5775 4819 47023 134069 165319 6816 2011040 225198 9134 7427 83386 54706 289 11782 7644 292812 2650 22692
leaf_count=405038 22613 12995 28584 114500 104281 2005 17470 494025 2062 3604 592 231340 5775 4819 47023 134069 165319 6816 2011040 225198 9134 7427 83386 54706 289 11782 7644 292812 2650 22692
internal_value=-3.7417e-11 1.44067e-06 0.000115059 1.73266e-07 -4.08975e-05 2.42052e-06 2.19619e-06 5.4806e-06 4.68596e-06 -1.01178e-06 2.17463e-05 4.31667e-05 0.00022782 0.000392651 2.26627e-05 8.46823e-06 3.70143e-05 1.27241e-05 -8.97681e-06 5.54133e-05 -8.70618e-05 5.69812e-05 -8.0495e-06 -7.15963e-05 -3.4844e-05 -0.000193909 -0.000209056 -1.01155e-05 -0.000320037 0.000124073
internal_weight=4.53169e+06 4.4423e+06 49006 4.39329e+06 227915 4.16538e+06 4.16337e+06 3.75834e+06 3.74087e+06 2.84055e+06 736419 440365 14198 8423 900315 628094 426167 260848 2.10413e+06 272221 113415 36011 2.09443e+06 89390 66777 12071 9706 296054 3242 29508
internal_count=4531690 4442300 49006 4393294 227915 4165379 4163374 3758336 3740866 2840551 736419 440365 14198 8423 900315 628094 426167 260848 2104132 272221 113415 36011 2094426 89390 66777 12071 9706 296054 3242 29508
is_linear=0
shrinkage=0.05


Tree=55
num_leaves=31
num_cat=0
split_feature=21 0 4 22 8 21 17 6 7 15 3 4 1 1 17 9 22 6 17 3 11 3 5 2 0 11 12 4 0 5
split_gain=0.180365 0.278104 0.227296 0.213323 0.158377 0.150467 0.173275 0.280502 0.188181 0.181532 0.153742 0.25827 0.154429 0.148362 0.141081 0.1337 0.131856 0.162375 0.116164 0.146944 0.16403 0.158415 0.109844 0.109719 0.10866 0.107108 0.10294 0.101396 0.153806 0.152259
threshold=0.75241592526435863 0.099275790154933943 -0.014748615212738512 2.2795250415802006 0.076010160148143782 -0.77262988686561573 18.750768661499027 0.034081792458891876 0.047901771962642677 0.015617573168128731 0.082698978483676924 -0.043177712708711617 0.04682134464383126 -0.10301557183265685 16.558480262756351 -0.0062000888865441075 0.27005322277545935 0.048780431970953948 16.748744010925297 -0.08372094482183455 0.027990400791168216 -0.1403836905956268 0.20643068104982379 -0.079459488391876207 0.011553938966244461 -0.014310873579233883 0.82070314884185802 -0.070312473922967897 -0.06036866828799247 0.199615053832531
decision_type=10 10 10 10 2 8 2 10 8 2 10 8 8 8 2 8 8 10 2 8 2 10 8 10 10 2 2 10 10 10
left_child=1 5 -2 15 -3 -1 7 10 9 -8 12 -12 18 25 -5 -4 17 -9 19 20 -7 -22 -6 -11 -21 -10 -15 -18 29 -29
right_child=2 4 3 14 22 6 8 16 13 23 11 -13 -14 26 -16 -17 27 -19 -20 24 21 -23 -24 -25 -26 -27 -28 28 -30 -31
leaf_value=-5.8159541918612676e-05 -0.00011018701920686877 0.00030901367016306574 -8.5684453182596743e-05 0.00087470401323662254 0.00014991330036218955 7.3737751756558034e-05 -1.9450692482880874e-05 4.982891784771018e-05 0.00013973012295166623 0.00013079340311795962 0.0002221713104301768 2.7581681048405885e-05 6.5964545796848615e-05 -6.3913753807965005e-05 -0.00022135187281183905 2.3346076019390045e-05 -8.4466649954246416e-05 0.00014820636787579272 -9.0123181350127787e-06 -1.8774816444051318e-07 0.0011777688213794996 0.0002252865628291698 -8.0486633651221976e-05 1.8385512172876871e-05 6.2542382061955842e-05 -0.00010702321960845711 -0.0001887088397223449 0.0001317585908946298 1.2934463655664745e-05 0.00072258226611676061
leaf_weight=103341 79765 10302 34384 299 15635 61012 681491 193642 14209 23553 19231 150435 86647 128664 13812 154256 24427 53541 1680887 524462 646 1344 7730 277047 79496 6368 18959 4382 80272 1451
leaf_count=103341 79765 10302 34384 299 15635 61012 681491 193642 14209 23553 19231 150435 86647 128664 13812 154256 24427 53541 1680887 524462 646 1344 7730 277047 79496 6368 18959 4382 80272 1451
internal_value=-3.12311e-11 2.57206e-06 -3.86853e-05 -1.05552e-05 0.000145704 1.4289e-06 2.92641e-06 9.32262e-06 -1.35431e-05 -5.17377e-06 3.61979e-06 4.96389e-05 4.12591e-07 -6.24101e-05 -0.000198067 3.47239e-06 5.0839e-05 7.11384e-05 -2.00662e-06 1.56493e-05 8.83131e-05 0.000534921 7.36884e-05 2.71934e-05 8.0692e-06 6.33654e-05 -7.99422e-05 5.44294e-06 3.09499e-05 0.000278829
internal_weight=4.53169e+06 4.24917e+06 282516 202751 33667 4.21551e+06 4.11217e+06 2.96188e+06 1.15029e+06 982091 2.60416e+06 169666 2.43449e+06 168200 14111 188640 357715 247183 2.34785e+06 666960 63002 1990 23365 300600 603958 20577 147623 110532 86105 5833
internal_count=4531690 4249174 282516 202751 33667 4215507 4112166 2961875 1150291 982091 2604160 169666 2434494 168200 14111 188640 357715 247183 2347847 666960 63002 1990 23365 300600 603958 20577 147623 110532 86105 5833
is_linear=0
shrinkage=0.05


Tree=56
num_leaves=31
num_cat=0
split_feature=24 16 1 2 1 9 4 12 22 19 0 3 0 4 3 0 21 7 14 1 10 17 1 1 14 14 4 7 22 1
split_gain=0.1703 0.178629 0.229848 0.178693 0.233022 0.191537 0.236969 0.196068 0.170681 0.133881 0.242234 0.169035 0.128949 0.125114 0.197374 0.162383 0.119294 0.117226 0.117029 0.124386 0.112765 0.112701 0.130911 0.1116 0.114329 0.101765 0.0999001 0.0939785 0.093894 0.0927823
threshold=1.0000000180025095e-35 0.0069771702401340016 0.059415346011519439 0.033389694988727577 0.072142437100410475 -0.0045132210943847886 0.094908982515335097 0.46341386437416082 0.17163688689470294 -0.29788862168788904 0.02945403661578894 -0.10714285820722579 -0.09991819784045218 0.0036939183482900266 0.090277764946222319 -0.016553623601794239 0.69029447436332714 0.050919931381940849 0.0040650463197380313 0.052631534636020667 0.12872208654880526 15.707701683044435 -0.11685997247695921 -0.16245489567518231 0.097189489752054228 0.026011570356786255 -0.20574288815259931 0.034214867278933532 2.2795250415802006 0.025359079241752628
decision_type=2 2 10 10 8 8 8 2 8 8 10 10 8 10 8 8 10 10 2 10 8 2 10 8 2 2 8 10 8 10
left_child=1 2 9 4 16 6 -5 -8 -4 10 -1 12 26 14 27 -15 29 -9 19 -7 21 -2 23 25 -25 -23 -11 -13 -20 -3
right_child=20 3 8 5 -6 18 7 17 -10 11 -12 13 -14 15 -16 -17 -18 -19 28 -21 -22 22 -24 24 -26 -27 -28 -29 -30 -31
leaf_value=-2.0375315966868914e-05 -0.00041287061605292441 -4.1341221153145921e-06 0.00017121516509970158 -1.6985875998839481e-05 0.00017600081372012524 2.3234165504999487e-06 -2.4498757442401967e-05 -0.00015249730489712082 4.2527171214546428e-05 -0.001276065982062377 0.00026855716437855227 -1.196780156267827e-05 7.2927319013347709e-05 7.9075243949265232e-05 0.00017001991344677987 1.3462587247832579e-05 -7.6553501767274239e-05 -0.00034312687700402227 -2.1952876696345399e-05 0.00014210922309198756 -0.00060121295521169268 -0.00046025345270361997 -0.00015843397633684666 0.00027614589433605421 -0.0002406065877871305 7.6332993978156145e-05 0.00011017356657477878 4.6274508243359424e-05 -0.00017578336897750992 3.5708604362057765e-05
leaf_weight=499480 2599 1353343 32065 88710 18520 58488 29169 53131 131154 314 7360 780207 122752 116476 16078 495249 52417 9508 364643 21862 1159 1581 16051 5834 1310 2001 221 76008 10196 163804
leaf_count=499480 2599 1353343 32065 88710 18520 58488 29169 53131 131154 314 7360 780207 122752 116476 16078 495249 52417 9508 364643 21862 1159 1581 16051 5834 1310 2001 221 76008 10196 163804
internal_value=9.36974e-12 7.98355e-07 1.06411e-05 -9.28148e-06 -3.14033e-07 -3.16834e-05 -7.52649e-05 -0.000131577 6.78093e-05 6.22746e-06 -1.61791e-05 1.3293e-05 6.95489e-05 8.61946e-06 -3.53819e-06 2.59557e-05 -2.39456e-06 -0.000181438 -1.43997e-05 4.03583e-05 -0.00011768 -9.8583e-05 -6.80637e-05 6.71738e-05 0.000181368 -0.000160564 -0.000704295 -6.79746e-06 -2.61377e-05 1.67656e-07
internal_weight=4.53169e+06 4.50116e+06 2.27736e+06 2.22379e+06 1.58808e+06 635707 180518 91808 163219 2.11414e+06 506840 1.6073e+06 123287 1.48402e+06 872293 611725 1.56956e+06 62639 455189 80350 30535 29376 26777 10726 7144 3582 535 856215 374839 1.51715e+06
internal_count=4531690 4501155 2277364 2223791 1588084 635707 180518 91808 163219 2114145 506840 1607305 123287 1484018 872293 611725 1569564 62639 455189 80350 30535 29376 26777 10726 7144 3582 535 856215 374839 1517147
is_linear=0
shrinkage=0.05


Tree=57
num_leaves=31
num_cat=0
split_feature=9 11 4 7 1 9 22 26 8 21 1 16 3 22 0 1 21 6 5 1 2 6 8 22 1 7 1 3 11 3
split_gain=0.164254 0.214577 0.205244 0.194228 0.189512 0.185234 0.212956 0.177027 0.144662 0.137514 0.150471 0.133125 0.129122 0.156968 0.184 0.216585 0.226857 0.166864 0.145646 0.17835 0.159419 0.127019 0.126702 0.12312 0.119958 0.119895 0.113962 0.482441 0.350661 0.263412
threshold=0.0065322171431034812 -0.0061538801528513423 0.30419266223907476 0.022422736510634426 -0.070175468921661363 0.016485063359141353 0.31778238713741308 16.500000000000004 1.0000000180025095e-35 1.4052377939224245 0.040242344141006477 0.0038535699713975195 -0.1820033714175224 0.51681959629058849 -0.013621592894196509 -0.046511599794030183 0.28355012834072119 0.030725237913429741 -0.18003682792186734 -0.079635322093963609 -0.10606062412261962 0.080532535910606398 0.046696715056896217 0.12221625819802286 -0.16245489567518231 0.032868914306163795 -0.022130924277007576 -0.018339633010327813 -0.0070211284328252068 -0.091701794415712343
decision_type=10 2 8 8 8 10 10 2 2 8 10 2 10 10 8 8 10 8 10 10 8 10 2 8 10 8 8 10 2 8
left_child=2 4 8 -4 -2 11 -7 -5 -1 10 25 -3 13 14 17 16 -16 24 19 22 -21 -8 -19 -9 -10 -6 27 -14 -29 -28
right_child=1 5 3 7 9 6 21 23 12 -11 -12 -13 26 -15 15 -17 -18 18 -20 20 -22 -23 -24 -25 -26 -27 29 28 -30 -31
leaf_value=-0.00023203559464594317 0.00010858655592643334 9.7632991890871673e-05 -0.00080841243260183424 0.00025042668083915756 -7.8091713622131404e-06 0.00019048160661315369 2.9183846806226155e-05 3.549406861829135e-05 0.0010269149480690331 -0.00021142340568436037 7.3198713401541562e-05 9.8939718802011916e-06 -4.2004271144869022e-05 -0.00013121600731405444 -0.00026692408354610881 0.00011395485946243704 0.00054502544003391825 -0.00041490114187771999 0.00014383180274689925 0.00097737011506842655 0.0003324156829001999 0.00036311065729841208 0.00031105496801545654 -0.00010727226090468262 -6.3180476141183979e-06 -8.6071845708991738e-05 6.8939158394786259e-05 7.3746614973577726e-05 -2.6457940092088588e-05 -1.291924412427472e-06
leaf_weight=6833 31710 53049 890 4212 183080 42279 59479 18586 287 9090 42344 233622 673450 8702 8933 14690 951 687 12922 1975 1863 2990 4760 80536 11418 66788 141174 200106 154884 2459400
leaf_count=6833 31710 53049 890 4212 183080 42279 59479 18586 287 9090 42344 233622 673450 8702 8933 14690 951 687 12922 1975 1863 2990 4760 80536 11418 66788 141174 200106 154884 2459400
internal_value=-1.66181e-11 2.18225e-05 -4.15234e-06 -7.335e-05 -7.67966e-06 4.69224e-05 0.000103824 -6.70113e-05 -2.20471e-06 -1.99162e-05 -1.39582e-05 2.61305e-05 -1.77977e-06 6.69013e-05 9.63805e-05 -7.80162e-06 -0.000188754 0.000171873 0.000252392 0.000403445 0.000664472 4.51724e-05 0.000219435 -8.05026e-05 1.91018e-05 -2.87285e-05 -3.05136e-06 -1.7141e-05 3.00269e-05 2.52064e-06
internal_weight=4.53169e+06 724431 3.80726e+06 104224 333012 391419 104748 103334 3.70304e+06 301302 292212 286671 3.6962e+06 67188 58486 24574 9884 33912 22207 9285 3838 62469 5447 99122 11705 249868 3.62901e+06 1.02844e+06 354990 2.60057e+06
internal_count=4531690 724431 3807259 104224 333012 391419 104748 103334 3703035 301302 292212 286671 3696202 67188 58486 24574 9884 33912 22207 9285 3838 62469 5447 99122 11705 249868 3629014 1028440 354990 2600574
is_linear=0
shrinkage=0.05


Tree=58
num_leaves=31
num_cat=0
split_feature=21 0 4 22 17 8 21 17 1 0 21 1 15 0 9 2 1 22 6 2 7 4 3 4 9 2 1 12 7 9
split_gain=0.156039 0.238576 0.199834 0.181551 0.130913 0.130565 0.130487 0.163273 0.223418 0.213893 0.242417 0.209933 0.177937 0.176884 0.172878 0.157122 0.153894 0.177839 0.149512 0.185868 0.145288 0.123505 0.121778 0.134091 0.113207 0.10163 0.199811 0.164375 0.132304 0.0984315
threshold=0.75241592526435863 0.099275790154933943 -0.014748615212738512 2.2795250415802006 18.133730888366703 0.076010160148143782 -0.77262988686561573 17.873459815979007 0.059415346011519439 -0.038498314097523682 0.30459670722484594 -0.10901400819420813 0.023707422427833084 0.024476150982081894 -0.050516609102487557 -0.058280779048800462 -0.10901400819420813 -0.078816667199134813 0.046441547572612769 -0.032940180972218507 0.050060141831636436 -0.14496480673551557 0.090277764946222319 0.051643161103129394 -0.0082872784696519358 0.044566424563527114 0.069901522248983397 0.82070314884185802 0.040533130988478668 -0.0045132210943847886
decision_type=10 10 10 8 2 2 8 2 10 8 8 8 2 10 8 8 8 8 10 10 10 8 10 10 10 10 10 2 10 10
left_child=1 6 -2 24 -5 -3 -1 8 9 10 -8 21 14 18 16 -14 -9 -18 22 -20 -17 29 -13 -24 -4 26 -16 -27 -29 -11
right_child=2 5 3 4 -6 -7 7 12 -10 11 -12 13 15 -15 25 20 17 -19 19 -21 -22 -23 23 -25 -26 27 -28 28 -30 -31
leaf_value=-5.415770869540499e-05 -0.00010302539835513071 0.00028324179843787505 -9.0150327330016766e-05 0.00031701978063237773 -0.00022491429559606444 6.957506824922353e-05 0.00015928195209846785 9.6128026466225382e-05 0.00012436729183326744 -0.00065010227370917236 -5.7241809806243536e-05 8.2706115043336121e-07 0.00011107474456988139 7.2503584324484964e-05 -8.0913587275144692e-06 2.9855253169554898e-05 -0.00096756835595496323 -0.00024772264500637077 0.00027376248288079686 -1.4203294420848181e-05 -7.2504984214580355e-05 1.7082166929533236e-05 0.00016618204486273976 8.2708117242687748e-06 1.9605160935478387e-05 -1.4828705234375226e-05 0.00014783001870888833 -6.097686988715411e-05 -0.00020407300914344163 -0.00021159499958842322
leaf_weight=103341 79765 10302 27517 1215 13348 23365 47023 1989 44032 2136 17827 1698740 48611 102121 1414007 208460 1152 3358 11472 10953 41580 2921 23690 31080 160671 274521 20849 82356 20094 3194
leaf_count=103341 79765 10302 27517 1215 13348 23365 47023 1989 44032 2136 17827 1698740 48611 102121 1414007 208460 1152 3358 11472 10953 41580 2921 23690 31080 160671 274521 20849 82356 20094 3194
internal_value=1.07385e-11 2.39237e-06 -3.59821e-05 -9.60603e-06 -0.000179682 0.000134963 1.33357e-06 2.72811e-06 1.29907e-05 1.04772e-05 9.97605e-05 7.40767e-06 -6.94411e-06 8.51335e-06 -1.28189e-05 2.88242e-05 -0.000270217 -0.000431768 4.8337e-06 0.000133118 1.28332e-05 -0.000244232 3.19305e-06 7.65749e-05 3.55623e-06 -1.18955e-05 -5.82566e-06 -3.49987e-05 -8.90447e-05 -0.000387416
internal_weight=4.53169e+06 4.24917e+06 282516 202751 14563 33667 4.21551e+06 4.11217e+06 1.99519e+06 1.95116e+06 64850 1.88631e+06 2.11698e+06 1.87806e+06 1.81833e+06 298651 6499 4510 1.77594e+06 22425 250040 8251 1.75351e+06 54770 188188 1.81183e+06 1.43486e+06 376971 102450 5330
internal_count=4531690 4249174 282516 202751 14563 33667 4215507 4112166 1995189 1951157 64850 1886307 2116977 1878056 1818326 298651 6499 4510 1775935 22425 250040 8251 1753510 54770 188188 1811827 1434856 376971 102450 5330
is_linear=0
shrinkage=0.05


Tree=59
num_leaves=31
num_cat=0
split_feature=0 21 16 1 20 2 1 9 4 12 5 3 11 3 15 21 2 11 11 15 16 1 11 22 9 17 16 0 17 4
split_gain=0.150903 0.196946 0.163821 0.190741 0.158991 0.138797 0.233199 0.15186 0.255567 0.241518 0.134357 0.124285 0.120901 0.125596 0.111499 0.109299 0.107724 0.105695 0.098509 0.0981881 0.110304 0.0976679 0.132754 0.16679 0.0974861 0.0999103 0.11343 0.103536 0.0919644 0.0909086
threshold=-0.092667624354362474 0.17006811499595645 0.0049079901073127994 0.028820250183343891 -0.48276183009147638 0.02798294369131327 0.059415346011519439 -0.0059690303169190875 0.064058892428874983 0.50000017881393444 0.091666705906391158 0.098868623375892653 0.015134105458855631 0.4304403960704804 0.015306114684790375 0.48940381407737737 -0.01554401498287916 -2.2922874709507821e-10 -0.012875524815171955 0.06771868467330934 0.0026666763005778198 0.060880413278937347 0.013647611718624832 2.2795250415802006 0.088488519191741957 18.889607429504398 0.016119898296892646 0.10007363557815553 16.237532615661625 -0.06653460860252379
decision_type=10 10 2 10 8 10 8 10 8 2 10 8 2 10 2 10 8 2 2 2 2 10 2 10 10 2 2 10 2 10
left_child=1 4 3 10 17 6 15 8 -7 -10 11 -2 13 -5 -6 -4 -14 -1 -17 28 -21 -9 23 -23 25 27 -27 -24 -3 -19
right_child=2 19 5 12 14 7 -8 21 9 -11 -12 -13 16 -15 -16 18 -18 29 -20 20 -22 22 24 -25 -26 26 -28 -29 -30 -31
leaf_value=-0.00036152115692162674 -2.2966917020891961e-06 -0.00089700305469677874 1.583626682164137e-06 8.5849157159830313e-05 -1.4245278870121016e-05 4.5238202153240519e-06 0.00013010081726085374 -2.4295426700683641e-05 -1.7086333062798267e-05 -0.00016542828240345892 5.1407882443435961e-05 0.00012366941286833506 0.00018424641974708366 0.00056468117185620487 0.00028695281164307592 -0.00010380312764015528 1.843470647142004e-05 -0.00018403955319363534 -1.2630764277879071e-05 -0.00054397391337140802 -0.0023411875573891359 8.3275565735367141e-05 2.1899150156055692e-05 -0.0002342980891933195 0.0011718366020770277 -2.5890478734009956e-06 -0.00013207060937850854 0.00034426810704256178 -0.00018409032448709028 0.00083543883885134362
leaf_weight=3655 1209498 465 1800183 102724 8022 85161 34218 455473 44098 72631 140184 19903 10293 1387 4979 47057 202231 520 79985 483 103 77662 37685 4366 171 41323 28634 2666 15554 376
leaf_count=3655 1209498 465 1800183 102724 8022 85161 34218 455473 44098 72631 140184 19903 10293 1387 4979 47057 202231 520 79985 483 103 77662 37685 4366 171 41323 28634 2666 15554 376
internal_value=-1.76338e-12 -0.000104696 7.95146e-07 1.31167e-05 1.20828e-05 -6.59529e-06 7.17679e-07 -2.34731e-05 -6.13381e-05 -0.000109388 5.03092e-06 -2.57304e-07 4.8091e-05 9.22337e-05 0.000101118 -1.57959e-06 2.64662e-05 -0.000242233 -4.6402e-05 -0.000228128 -0.000863317 -1.16755e-05 1.81833e-05 6.63698e-05 -1.75943e-05 -1.94488e-05 -5.55881e-05 4.32061e-05 -0.000204839 0.000244232
internal_weight=4.53169e+06 34157 4.49753e+06 1.68622e+06 17552 2.81131e+06 1.96144e+06 849870 201890 116729 1.36958e+06 1.2294e+06 316635 104111 13001 1.92722e+06 212524 4551 127042 16605 586 647980 192507 82028 110479 110308 69957 40351 16019 896
internal_count=4531690 34157 4497533 1686220 17552 2811313 1961443 849870 201890 116729 1369585 1229401 316635 104111 13001 1927225 212524 4551 127042 16605 586 647980 192507 82028 110479 110308 69957 40351 16019 896
is_linear=0
shrinkage=0.05


Tree=60
num_leaves=31
num_cat=0
split_feature=0 14 20 16 19 6 0 3 2 14 20 0 15 1 22 4 12 9 0 22 2 1 3 12 4 26 6 0 9 9
split_gain=0.144345 0.207755 0.137553 0.13256 0.180853 0.231907 0.207537 0.185935 0.158139 0.154481 0.15022 0.148219 0.136196 0.127769 0.116654 0.113558 0.118355 0.144053 0.105631 0.100762 0.142855 0.0985374 0.0965233 0.16497 0.110787 0.0909288 0.0856293 0.12067 0.270475 0.209169
threshold=0.10007363557815553 0.097189489752054228 0.087439935654401793 0.0094044147990643995 -0.29788862168788904 0.024617923423647884 0.022389505058526996 -0.14925370365381238 0.027357077226042751 0.0069352525752037772 0.93619844317436229 -0.078878343105316148 0.0056818174198269853 0.064319882541894927 1.9460360407829287 0.1256891340017319 0.46341386437416082 -0.011684725526720284 -0.092667624354362474 0.66107687354087841 -0.14772728085517881 0.053935520350933082 0.050943803042173393 0.3200028687715531 -0.06779994815587996 16.500000000000004 0.05385918356478215 -0.05132468789815902 -0.021519406698644158 -0.050516609102487557
decision_type=10 2 10 2 10 10 10 10 10 2 10 10 2 8 10 8 2 8 8 10 10 10 10 2 8 2 10 8 10 8
left_child=1 3 -2 4 6 22 18 12 13 21 26 -12 -7 -5 -3 -11 -17 -18 -1 20 -14 -10 -6 24 -24 -20 27 28 -9 -29
right_child=2 14 -4 8 5 7 -8 10 9 15 11 -13 19 -15 -16 16 17 -19 25 -21 -22 -23 23 -25 -26 -27 -28 29 -30 -31
leaf_value=-0.00019310596150315582 0.00029109911537962427 -0.00010851329102272638 4.8943648306737472e-05 -2.6711445923156342e-06 -2.5521071055798054e-06 2.5946063310278287e-06 0.00013484034633866085 0.00039935806853324055 -1.5126692973455034e-05 -2.808238030021182e-05 -0.00047611776035256918 -4.2918821144006406e-05 0.0003825055808867005 0.00013160386401783915 -0.00045737721547292419 -1.5193218659414785e-05 -0.00023589546968958721 -8.5348031781774867e-05 0.00044880231646696878 -9.5650663587066773e-05 0.00014545545751586659 7.5514296484826594e-05 0.00031750260280217856 6.2660881698527773e-06 8.2123568723976468e-05 -1.9319885008466613e-05 9.8971506937324975e-05 -0.00057840352700023058 5.232507075137531e-05 2.6347828389505196e-05
leaf_weight=8785 7537 21066 26416 1082837 1272325 14163 22107 6959 118049 222941 2095 34085 8907 18010 2703 44751 19243 91178 1038 2882 22190 40192 5495 155470 55320 651781 50846 1433 29050 491836
leaf_count=8785 7537 21066 26416 1082837 1272325 14163 22107 6959 118049 222941 2095 34085 8907 18010 2703 44751 19243 91178 1038 2882 22190 40192 5495 155470 55320 651781 50846 1433 29050 491836
internal_value=-1.61361e-11 -7.7535e-07 0.000102705 7.92917e-09 6.5463e-06 1.36606e-05 -1.5857e-05 3.82223e-05 -1.13211e-05 -3.35836e-05 3.08298e-05 -6.80156e-05 0.000132857 -4.7427e-07 -0.000148204 -5.09428e-05 -8.37868e-05 -0.000111586 -2.08926e-05 0.000187151 0.000213363 7.89575e-06 2.6973e-06 3.35775e-05 0.000103396 -1.85749e-05 3.69945e-05 3.10404e-05 0.000119401 2.45898e-05
internal_weight=4.53169e+06 4.49774e+06 33953 4.47397e+06 2.83677e+06 2.15306e+06 683711 664446 1.6372e+06 536354 616304 36180 48142 1.10085e+06 23769 378113 155172 110421 661604 33979 31097 158241 1.48861e+06 216285 60815 652819 580124 529278 36009 493269
internal_count=4531690 4497737 33953 4473968 2836767 2153056 683711 664446 1637201 536354 616304 36180 48142 1100847 23769 378113 155172 110421 661604 33979 31097 158241 1488610 216285 60815 652819 580124 529278 36009 493269
is_linear=0
shrinkage=0.05


Tree=61
num_leaves=31
num_cat=0
split_feature=9 1 11 4 7 16 26 6 19 16 3 1 12 21 9 2 4 22 21 1 10 2 8 2 22 5 11 4 1 2
split_gain=0.138586 0.187808 0.234851 0.168066 0.178647 0.164051 0.155534 0.153494 0.117435 0.189866 0.198707 0.160602 0.307223 0.302598 0.290705 0.249354 0.190228 0.162177 0.156536 0.155882 0.140668 0.139557 0.206538 0.128114 0.204388 0.181548 0.13098 0.12346 0.11976 0.118171
threshold=0.0062499642372131356 -0.048312814906239503 -0.0061538801528513423 0.30419266223907476 0.021135558374226097 0.033734926953911788 16.500000000000004 0.074586093425750746 -0.42757770419120783 0.027450969442725185 -0.11447225883603095 -0.023053812794387337 0.44444571435451513 0.2903702855110169 -0.013550590258091686 -0.055084710940718644 -0.094572257250547395 0.72706919908523571 0.48940381407737737 -0.061585966497659676 0.12872208654880526 -0.20076528936624524 0.057571940124034889 -0.088086955249309526 -0.79960831999778736 -0.10353381931781767 0.027990400791168216 -0.15966841578483579 -0.040575770661234849 -0.13902273029088971
decision_type=10 8 2 8 8 2 2 10 10 2 10 10 2 10 10 8 10 10 8 8 10 10 2 8 8 10 2 10 10 8
left_child=3 5 -3 8 -5 -2 -6 -4 20 10 11 12 18 19 16 -16 -13 -15 21 27 23 22 -10 24 25 28 -26 -14 -1 -11
right_child=1 2 7 4 6 -7 -8 -9 9 29 -12 14 13 17 15 -17 -18 -19 -20 -21 -22 -23 -24 -25 26 -27 -28 -29 -30 -31
leaf_value=-0.00064355057218031322 6.775381026695401e-05 -2.4199855982497556e-05 3.140590222178301e-05 -0.00093651613636722099 0.00023675688817148435 0.00031407980239969214 -7.4411975914639102e-05 0.00025927862314203574 -0.00018947091693919066 -0.00027275340409460878 3.858216233087694e-07 0.0004540519046565758 -0.00052673250883308377 0.0003701404204431822 0.00021238392161016962 2.0858706998958745e-06 -2.8852156999494478e-05 -0.00027993454325907804 -0.00010153999974339575 -9.7831495312814844e-05 0.0010242963272071393 6.5353447806013864e-05 0.00051128926362302874 -1.7022236947489804e-05 -6.9867428311959481e-05 -0.00011467217146199204 0.00034412756791790509 -0.00016573278459596638 2.0275581362986897e-05 -4.9677839474616854e-05
leaf_weight=3892 79556 281291 379120 586 4185 7386 98798 7536 1427 6286 2805624 8727 4951 4128 20472 45251 2661 1249 13525 15846 319 89486 3990 493835 31477 6106 2033 4542 823 106582
leaf_count=3892 79556 281291 379120 586 4185 7386 98798 7536 1427 6286 2805624 8727 4951 4128 20472 45251 2661 1249 13525 15846 319 89486 3990 493835 31477 6106 2033 4542 823 106582
internal_value=-1.22156e-11 1.95578e-05 1.05601e-05 -3.90914e-06 -6.6723e-05 8.86834e-05 -6.17646e-05 3.58478e-05 -2.13805e-06 1.56732e-06 3.94548e-06 5.01271e-05 1.80502e-05 -0.000121537 0.000108008 6.75937e-05 0.000341221 0.000219113 5.75939e-05 -0.000193829 -2.37085e-05 8.02735e-05 0.000326687 -2.43316e-05 -0.000105754 -0.000294672 -4.47415e-05 -0.000354045 -0.0005277 -6.2104e-05
internal_weight=4.53169e+06 754889 667947 3.7768e+06 103569 86942 102983 386656 3.67323e+06 3.13475e+06 3.02188e+06 216255 139144 30716 77111 65723 11388 5377 108428 25339 538485 94903 5417 538166 44331 10821 33510 9493 4715 112868
internal_count=4531690 754889 667947 3776801 103569 86942 102983 386656 3673232 3134747 3021879 216255 139144 30716 77111 65723 11388 5377 108428 25339 538485 94903 5417 538166 44331 10821 33510 9493 4715 112868
is_linear=0
shrinkage=0.05


Tree=62
num_leaves=31
num_cat=0
split_feature=17 1 22 7 21 3 8 0 0 1 3 21 11 9 20 1 1 6 4 6 0 5 7 9 21 17 3 9 2 1
split_gain=0.138324 0.283811 0.226039 0.170712 0.135206 0.15774 0.142309 0.140974 0.146478 0.144565 0.167669 0.140506 0.130973 0.164883 0.149592 0.144488 0.12871 0.126344 0.124528 0.122078 0.144388 0.270572 0.233819 0.152023 0.136014 0.123024 0.124845 0.152565 0.149775 0.140058
threshold=18.889607429504398 0.066110543906688704 0.26258590817451483 0.043792326003313072 -0.52974632382392872 -0.22374769300222394 0.057571940124034889 0.027502452954649929 -0.0016834866837598381 -0.004541694186627864 -0.095231000334024415 0.85781168937683117 0.023934877477586273 -0.013186835218220947 -0.078393582254648195 0.130274772644043 -0.054794544354081147 0.056679228320717819 -0.016848084516823288 0.046441547572612769 -0.05132468789815902 0.18218623846769336 0.030481960624456409 -0.020582988858222958 0.18077770620584491 16.818021774291996 -0.018339633010327813 -0.037500001490116112 -0.048354901373386376 -0.024474345147609707
decision_type=2 10 10 8 10 8 2 10 8 8 8 8 2 8 10 10 8 8 10 10 8 10 8 10 10 2 8 8 8 10
left_child=1 4 -3 -2 7 6 -6 8 -1 10 18 19 15 14 -14 16 -5 -15 -10 20 21 23 -23 24 -7 -22 -27 28 -28 -29
right_child=3 2 -4 12 5 11 -8 -9 9 -11 -12 -13 13 17 -16 -17 -18 -19 -20 -21 25 22 -24 -25 -26 26 27 29 -30 -31
leaf_value=9.2141561709045842e-08 -4.4935040307953697e-06 0.00017181328961128763 3.2518559443940144e-05 2.4334991021004762e-05 2.8509080476190064e-05 0.00046429814637106612 0.00031340069587679979 0.00023390886785584132 -0.00029689501312464626 1.0478795097740885e-05 -6.9431173119764611e-05 -6.5328887881584358e-05 -5.3379435910001121e-05 -0.00011487819872667285 -0.00030291140362032808 0.00014357461882922058 -6.8718961681952525e-05 3.0748606013606936e-05 7.3352763281389209e-05 6.3225327056190078e-05 2.1272799372284372e-05 0.001307540427318437 0.00025609343682927749 1.6358640850373397e-05 6.2469497323790779e-05 -1.7774062745138047e-05 -0.00091755848703270037 5.7617912055820802e-05 -0.0001148596829142644 2.2259787401874191e-06
leaf_weight=184676 926846 42390 93062 56025 9925 4032 7850 5110 14394 46374 103418 69422 9734 36899 15684 11813 110359 24974 2696 92299 695320 805 1539 32569 4408 837864 848 129531 1843 958981
leaf_count=184676 926846 42390 93062 56025 9925 4032 7850 5110 14394 46374 103418 69422 9734 36899 15684 11813 110359 24974 2696 92299 695320 805 1539 32569 4408 837864 848 129531 1843 958981
internal_value=-8.01411e-12 5.21983e-06 7.61121e-05 -1.46191e-05 2.22268e-06 5.85805e-06 0.000154337 -2.67979e-05 -3.0588e-05 -6.45393e-05 -9.34077e-05 4.92523e-06 -4.99686e-05 -0.000100145 -0.000207357 -2.53888e-05 -3.73858e-05 -5.60988e-05 -0.000238486 6.69233e-06 4.73636e-06 9.52393e-05 0.000617596 6.5368e-05 0.000254465 3.24128e-06 -3.25807e-06 7.88783e-06 -0.000368057 8.81757e-06
internal_weight=4.53169e+06 3.33936e+06 135452 1.19233e+06 3.2039e+06 2.84724e+06 17775 356668 351558 166882 120508 2.82946e+06 265488 87291 25418 178197 166384 61873 17090 2.76004e+06 2.66774e+06 43353 2344 41009 8440 2.62439e+06 1.92907e+06 1.0912e+06 2691 1.08851e+06
internal_count=4531690 3339356 135452 1192334 3203904 2847236 17775 356668 351558 166882 120508 2829461 265488 87291 25418 178197 166384 61873 17090 2760039 2667740 43353 2344 41009 8440 2624387 1929067 1091203 2691 1088512
is_linear=0
shrinkage=0.05


Tree=63
num_leaves=31
num_cat=0
split_feature=11 9 1 11 7 11 0 16 6 9 20 1 9 3 21 3 1 2 12 19 22 22 2 11 1 3 5 1 9 1
split_gain=0.133052 0.141964 0.183666 0.18331 0.156335 0.157493 0.190247 0.143525 0.128364 0.123406 0.121909 0.11945 0.116846 0.107879 0.106169 0.174068 0.170617 0.288455 0.249718 0.170244 0.170481 0.141497 0.167214 0.129251 0.207483 0.246571 0.199712 0.177926 0.125155 0.12099
threshold=-0.087445087730884538 0.0065322171431034812 -0.047404540702700608 -0.0061538801528513423 0.051842946559190757 -0.0038461521035060282 -0.078878343105316148 0.035335684195160873 0.074586093425750746 0.088488519191741957 0.1001148819923401 -0.053571423515677445 -0.030782836489379403 -0.13248069584369657 -0.52157112956047047 -0.13248069584369657 -0.02351400442421436 -0.049214776605367654 0.39999999105930334 1.0133024454116824 1.0961396694183352 0.49433048069477087 -0.20076528936624524 -0.0055299925152212373 -0.01906920317560434 -0.098941244184970842 -0.05819254927337169 -0.057305440306663506 -0.016034971922636029 -0.051438784226775162
decision_type=2 10 8 2 10 2 10 2 8 10 10 10 10 8 8 10 10 8 2 8 8 8 10 2 10 8 8 10 10 10
left_child=-1 4 7 -4 14 11 -7 -3 13 -10 -8 -6 -12 -5 23 16 18 -18 21 29 -21 22 -16 -2 25 26 27 -25 -19 -20
right_child=1 2 3 8 5 6 10 -9 9 -11 12 -13 -14 -15 15 -17 17 28 19 20 -22 -23 -24 24 -26 -27 -28 -29 -30 -31
leaf_value=-0.00013858223373676792 1.5141127035683765e-05 7.1574741252923641e-05 -2.0137903309449281e-05 -0.00010772734286107628 8.2817359089772596e-05 -0.00069256547043841719 -4.8239350079746438e-05 0.00031621175611110932 0.0001629473594637383 0.00078265514045187468 -0.00053428891137055092 -6.1278511988236195e-05 -0.00015089577188732466 3.5575563733245723e-05 0.00045759598543187481 -1.0737492327180583e-06 0.00029591519976675685 0.00030847447858096456 -0.00019262113218123172 0.00053561168055888189 -0.00053917929383881806 -0.00011047348598660027 8.1458363102791654e-05 -0.00054625187395886436 -1.1935468319545537e-06 -6.4255336598814983e-05 4.0484959819071413e-07 -0.00017792157382283288 -8.887238438224682e-07 1.5057943812397087e-05
leaf_weight=17253 120375 77124 263141 13648 26673 1351 48644 6500 6864 909 2182 31209 22197 347463 3118 3156907 17232 3744 21019 1849 460 9102 56132 6736 118419 103638 5151 6390 25736 10524
leaf_count=17253 120375 77124 263141 13648 26673 1351 48644 6500 6864 909 2182 31209 22197 347463 3118 3156907 17232 3744 21019 1849 460 9102 56132 6736 118419 103638 5151 6390 25736 10524
internal_value=6.624e-12 5.29662e-07 2.09578e-05 1.17441e-05 -3.31878e-06 -5.67253e-05 -0.000104859 9.05937e-05 3.44869e-05 0.000235509 -9.39765e-05 5.12357e-06 -0.000185231 3.01592e-05 -1.39233e-06 1.41815e-06 5.42442e-05 0.000133408 1.80619e-05 -9.2993e-05 0.000321351 7.30634e-05 0.00010126 -2.71497e-05 -4.83317e-05 -9.41178e-05 -0.000263437 -0.000366969 3.841e-05 -0.000123333
internal_weight=4.53169e+06 4.51444e+06 715649 632025 3.79879e+06 132256 74374 83624 368884 7773 73023 57882 24379 361111 3.66653e+06 3.30582e+06 148916 46712 102204 33852 2309 68352 59250 360709 240334 121915 18277 13126 29480 31543
internal_count=4531690 4514437 715649 632025 3798788 132256 74374 83624 368884 7773 73023 57882 24379 361111 3666532 3305823 148916 46712 102204 33852 2309 68352 59250 360709 240334 121915 18277 13126 29480 31543
is_linear=0
shrinkage=0.05


Tree=64
num_leaves=31
num_cat=0
split_feature=21 0 4 17 12 5 1 2 0 21 15 9 19 2 7 22 17 22 10 1 0 20 4 1 9 9 3 4 6 1
split_gain=0.131345 0.187284 0.128452 0.117113 0.179631 0.196053 0.167885 0.210187 0.116242 0.29631 0.254045 0.126771 0.19981 0.121707 0.116021 0.112986 0.119715 0.110495 0.105872 0.102585 0.0969208 0.226438 0.166197 0.159223 0.124957 0.120465 0.0980728 0.156096 0.153743 0.134642
threshold=1.0577821135520937 0.099275790154933943 -0.0035971236648038025 19.645284652709964 0.85714623332023632 0.16679417341947558 0.044776070863008506 0.054733011871576316 -0.044554455205798142 0.2704873681068421 0.010893232189118864 -0.021519406698644158 -0.41606508195400232 -0.17470269650220868 0.050060141831636436 2.2795250415802006 16.558480262756351 -0.43513166904449457 0.093877557665109648 0.072142437100410475 0.019338340498507026 -0.041854178532958024 -0.040135251358151429 -0.16245489567518231 0.015822964720427993 0.011904824990779163 0.0076640387997031221 -0.13999997824430463 0.046441547572612769 -0.039086369797587388
decision_type=10 10 10 2 2 8 10 8 8 10 2 10 10 10 10 8 2 8 10 10 10 10 8 8 10 10 10 8 10 10
left_child=1 3 18 6 14 -6 8 19 9 10 -1 12 -12 -13 -5 -4 -17 -3 -2 -8 26 22 25 -24 -23 -22 28 -28 -10 -30
right_child=2 17 15 4 5 -7 7 -9 20 -11 11 13 -14 -15 -16 16 -18 -19 -20 -21 21 24 23 -25 -26 -27 27 -29 29 -31
leaf_value=3.2809363054658897e-05 -6.0102873709071592e-05 0.00043063313029292091 2.3925656124230323e-06 -4.5378666461954818e-07 -5.911084694501848e-05 -0.00028799650594906015 5.8465412014058969e-05 2.2771673006537654e-06 -1.4309877446719405e-05 -6.1281197635995553e-05 -8.7388432246722851e-06 0.00051437262249985486 0.00041194381772886391 8.2133637971035884e-05 -7.0222323032403079e-05 0.00084134666810373204 -0.00018114980643727053 8.4329963439152051e-05 -0.00024003416078058443 0.00015861680281331196 -2.2276220761631667e-05 -9.2386389133226136e-06 0.0020769860471433429 0.00014613111872066291 0.00011339862876436578 0.00020244243168591387 0.00013621615830490397 4.2648087365194977e-06 -3.3945833308711568e-06 0.0001598087877855505
leaf_weight=69358 20004 2435 79606 385448 48711 11579 129883 209158 1829858 47465 3762 1774 11302 19752 70483 292 12493 42348 13826 31836 34992 273660 106 50878 22476 7188 22912 1027419 26660 24026
leaf_count=69358 20004 2435 79606 385448 48711 11579 129883 209158 1829858 47465 3762 1774 11302 19752 70483 292 12493 42348 13826 31836 34992 273660 106 50878 22476 7188 22912 1027419 26660 24026
internal_value=3.77978e-12 1.44085e-06 -5.02893e-05 3.96112e-07 -2.19651e-05 -0.000103074 3.3987e-06 3.53752e-05 -1.54607e-08 4.25357e-05 8.9046e-05 0.000195641 0.000306891 0.000117778 -1.12395e-05 -1.97669e-05 -0.000157733 0.000103169 -0.000133644 7.81821e-05 -1.9816e-06 2.14582e-05 8.94444e-05 0.000150186 6.9582e-08 1.60225e-05 -5.09505e-06 7.14333e-06 -1.19305e-05 7.39681e-05
internal_weight=4.53169e+06 4.40547e+06 126221 4.36069e+06 516221 60290 3.84446e+06 370877 3.47359e+06 153413 105948 36590 15064 21526 455931 92391 12785 44783 33830 161719 3.32018e+06 389300 93164 50984 296136 42180 2.93088e+06 1.05033e+06 1.88054e+06 50686
internal_count=4531690 4405469 126221 4360686 516221 60290 3844465 370877 3473588 153413 105948 36590 15064 21526 455931 92391 12785 44783 33830 161719 3320175 389300 93164 50984 296136 42180 2930875 1050331 1880544 50686
is_linear=0
shrinkage=0.05


Tree=65
num_leaves=31
num_cat=0
split_feature=17 1 0 0 5 22 7 1 3 7 10 1 9 1 22 7 9 15 9 9 5 19 17 9 19 8 0 21 5 22
split_gain=0.127388 0.23266 0.144338 0.195116 0.153875 0.133374 0.129993 0.123733 0.125805 0.124526 0.188884 0.15762 0.124502 0.122246 0.15183 0.140418 0.178431 0.13152 0.121164 0.174989 0.142426 0.126475 0.115983 0.11496 0.110372 0.140486 0.107809 0.10664 0.104739 0.103309
threshold=17.96795749664307 0.062500052154064192 -0.092667624354362474 -0.053853083401918404 0.199615053832531 1.9460360407829287 0.031759630888700492 0.0045565264299511918 -0.11974551528692244 0.02274944540113211 0.035357184708118446 -0.076923113316297517 -0.015129635110497473 -0.093311030417680726 0.82019633054733287 0.050060141831636436 0.052961762994527824 0.018634360283613208 0.0022374420659616594 -0.033734612166881554 -0.050513455644249909 1.4127486944198611 20.085787773132328 -0.050516609102487557 -0.15399346500635144 0.11624796316027643 0.099904209375381484 0.14395184069871905 0.012539997696876528 0.18461401760578158
decision_type=2 8 10 10 10 10 8 8 8 10 10 10 10 8 10 8 10 2 8 10 10 10 2 10 10 2 10 10 10 10
left_child=1 2 28 4 6 13 -4 9 12 -5 11 -11 -9 14 18 17 22 23 19 20 21 -2 -17 27 25 -22 -25 -15 -1 -3
right_child=5 29 3 7 -6 -7 -8 8 -10 10 -12 -13 -14 15 -16 16 -18 -19 -20 -21 24 -23 -24 26 -26 -27 -28 -29 -30 -31
leaf_value=-0.00028192313165572219 -0.00012373087827098966 0.00018701651080737098 4.2931799958551271e-05 -1.5972489697126178e-05 0.00098846607541451135 -9.6201002633646362e-05 0.00031653899582462019 0.00045797563202860974 1.7551679109733114e-05 -0.00020177898663949841 4.7973564121926333e-05 -4.2420958305378353e-06 9.3604809747358799e-05 -0.00073743411527501298 -0.00012952648740788283 -3.3992793837547573e-05 0.00027225928117343318 1.9206700500534781e-05 0.00017963941147006979 2.4191797902248561e-07 4.8127731397288141e-05 0.00052112254119381519 -0.00012503491473946925 -1.3268617008633837e-05 0.00055068192135774218 0.0018985750468770938 9.0873594918303703e-05 -8.1576595973463376e-05 0.00016787377673885918 5.2568925116906199e-05
leaf_weight=7001 3670 23643 12228 834522 549 42391 6730 2624 748324 10439 240501 308696 21941 1037 10548 125741 4153 429046 19846 52529 2479 958 48466 1505323 3695 106 25267 1539 1587 36111
leaf_count=7001 3670 23643 12228 834522 549 42391 6730 2624 748324 10439 240501 308696 21941 1037 10548 125741 4153 429046 19846 52529 2479 958 48466 1505323 3695 106 25267 1539 1587 36111
internal_value=5.26128e-11 8.42375e-06 5.77389e-06 6.57745e-06 0.000163999 -8.34263e-06 0.000140073 5.16032e-06 2.12067e-05 -3.73542e-06 1.45123e-05 -1.07042e-05 0.000132543 -6.67574e-06 4.91837e-05 -9.12433e-06 -5.16e-05 -5.26338e-06 7.1819e-05 3.80856e-05 0.00022031 9.83808e-06 -5.93221e-05 -1.21112e-05 0.00037539 0.000124712 -1.15494e-05 -0.000345784 -0.000198794 0.000105768
internal_weight=4.53169e+06 2.2549e+06 2.19514e+06 2.18655e+06 19507 2.27679e+06 18958 2.16705e+06 772889 1.39416e+06 559636 319135 24565 2.2344e+06 93831 2.14057e+06 178360 1.96221e+06 83283 63437 10908 4628 174207 1.53317e+06 6280 2585 1.53059e+06 2576 8588 59754
internal_count=4531690 2254896 2195142 2186554 19507 2276794 18958 2167047 772889 1394158 559636 319135 24565 2234403 93831 2140572 178360 1962212 83283 63437 10908 4628 174207 1533166 6280 2585 1530590 2576 8588 59754
is_linear=0
shrinkage=0.05


Tree=66
num_leaves=31
num_cat=0
split_feature=21 4 0 22 17 14 1 5 15 9 1 21 1 22 6 0 21 19 22 2 7 4 7 17 12 7 0 2 7 4
split_gain=0.123042 0.174679 0.166273 0.138769 0.105686 0.176986 0.297546 0.274868 0.15148 0.15244 0.14957 0.135105 0.126996 0.124924 0.122012 0.116857 0.113877 0.112919 0.110809 0.109394 0.0963645 0.0952431 0.103846 0.09353 0.0908879 0.13044 0.0886145 0.0882689 0.114549 0.107045
threshold=0.69029447436332714 -0.014748615212738512 0.099275790154933943 1.9460360407829287 17.685376167297367 0.026282419450581077 -0.082776699215173707 -0.056015936657786362 0.023707422427833084 -0.050516609102487557 0.004921950865536929 0.35704794526100164 -0.10901400819420813 -0.069039653986692415 0.036277800798416145 -0.044554455205798142 0.090889655053615584 -0.19215351343154904 -0.57099580764770497 -0.058280779048800462 0.050060141831636436 -0.15966841578483579 0.027140564285218719 16.515098571777347 0.94117832183837902 0.037049336358904846 -0.029587706550955769 -0.061740394681692116 0.041154913604259498 0.036660714074969299
decision_type=10 10 10 10 2 2 8 10 2 8 10 10 8 10 8 10 10 10 10 8 10 8 8 2 2 10 10 10 8 8
left_child=2 -2 4 -3 5 6 7 18 9 12 21 15 -6 17 16 -7 -12 -14 -1 -10 -21 22 -8 -5 27 -26 -19 29 -29 -11
right_child=1 3 -4 23 8 11 10 -9 19 24 14 -13 13 -15 -16 -17 -18 26 -20 20 -22 -23 -24 -25 25 -27 -28 28 -30 -31
leaf_value=-0.00048151319621525263 -8.5081434770648676e-05 7.8843378002322776e-06 0.00011721489725193061 0.00076384497857675811 5.7397495068127179e-05 0.00017796227163349623 -1.9281738078515549e-05 8.6795608779499615e-05 9.3236892344972965e-05 2.5308151162299628e-06 4.859656337034535e-06 -3.1713070723303752e-05 -0.00020121541812238229 -0.00021547337044782174 0.00012815762760168782 5.5196908491117775e-05 5.267754575317478e-05 -0.00047617389376395486 -0.00019770837115044545 2.7379743365511921e-05 -5.6218542635228238e-05 -8.1548721432359621e-06 0.00011643323806836481 -0.00012251849989047554 -2.4487445024624049e-05 -0.00015148180811738084 -0.0014727907617172508 -6.5804065360825693e-06 -4.6649100403191153e-05 7.5954020575311676e-05
leaf_weight=5281 98558 209560 31258 300 2387 21959 24719 6757 52196 237795 339781 39926 560 3277 28722 165264 196519 360 9867 210794 41210 950814 32795 26660 93114 25828 591 1407854 204247 62737
leaf_count=5281 98558 209560 31258 300 2387 21959 24719 6757 52196 237795 339781 39926 560 3277 28722 165264 196519 360 9867 210794 41210 950814 32795 26660 93114 25828 591 1407854 204247 62737
internal_value=9.5276e-11 -2.91568e-05 2.32813e-06 -5.85275e-06 1.46596e-06 1.04965e-05 4.61671e-06 -0.000178388 -5.55818e-06 -1.04691e-05 7.16472e-06 5.17894e-05 -0.000240514 -0.000389015 2.7759e-05 6.95967e-05 2.23819e-05 -0.000764995 -0.000296676 2.73549e-05 1.37088e-05 -4.37543e-06 5.81048e-05 -0.000112627 -9.65654e-06 -5.2065e-05 -0.00109642 -7.01923e-06 -1.1657e-05 1.78583e-05
internal_weight=4.53169e+06 335078 4.19661e+06 236520 4.16535e+06 1.8224e+06 1.59526e+06 21905 2.34295e+06 2.03875e+06 1.57335e+06 227149 7175 4788 565022 187223 536300 1511 15148 304200 252004 1.00833e+06 57514 26960 2.03158e+06 118942 951 1.91263e+06 1.6121e+06 300532
internal_count=4531690 335078 4196612 236520 4165354 1822404 1595255 21905 2342950 2038750 1573350 227149 7175 4788 565022 187223 536300 1511 15148 304200 252004 1008328 57514 26960 2031575 118942 951 1912633 1612101 300532
is_linear=0
shrinkage=0.05


Tree=67
num_leaves=31
num_cat=0
split_feature=24 16 1 2 1 17 0 3 11 6 22 22 21 11 11 2 4 1 9 6 4 1 4 16 2 5 20 12 17 0
split_gain=0.115401 0.130091 0.163017 0.132517 0.177803 0.135149 0.14213 0.124993 0.111273 0.10917 0.108754 0.106539 0.102876 0.114906 0.107721 0.395422 0.180133 0.162615 0.240261 0.154051 0.121029 0.140097 0.101631 0.164472 0.0982971 0.0976998 0.0970038 0.096924 0.0971122 0.0989887
threshold=1.0000000180025095e-35 0.0069771702401340016 0.059415346011519439 0.01582772005349398 0.02481471095234156 19.436716079711918 0.10007363557815553 -0.0047064076643437138 0.030769240111112598 0.050757190212607391 0.17163688689470294 0.022150482051074508 0.21459203958511355 -0.00058695446932688345 -0.0055299925152212373 -0.1197223626077175 -0.24290541559457776 -0.025964004918932911 0.012683858163654806 0.031664496287703521 -0.093088675290346132 -0.093311030417680726 -0.11096098273992537 0.020748140290379528 -0.050154687836766236 0.16257467120885852 -0.29910030961036677 0.7142847776412965 20.32706451416016 0.10043858364224435
decision_type=2 2 10 10 8 2 8 10 2 8 8 10 10 2 2 8 8 10 10 8 8 10 8 2 10 8 10 2 2 10
left_child=1 2 11 4 7 6 -5 12 -7 -6 -4 -1 14 -14 16 20 19 18 -17 -3 21 -16 23 -9 -18 -10 -27 -28 29 -29
right_child=-2 3 10 5 9 8 -8 22 25 -11 -12 -13 13 -15 15 17 24 -19 -20 -21 -22 -23 -24 -25 -26 26 27 28 -30 -31
leaf_value=-3.0373486338485672e-06 -9.6872368612523606e-05 1.644648428005788e-05 0.00013974387107416482 -1.3620216747709721e-05 3.7414155141306043e-05 -3.402955184260206e-05 0.00023207886030215125 5.4027237058893203e-05 -5.9565242639381396e-05 0.0001611274084027804 3.7020817587816108e-05 2.0378676212979377e-05 -8.3184331362725435e-05 9.7704502307604086e-06 -0.0005205758846130097 -7.4277338216382615e-05 3.7616687392847219e-05 1.3737580362049748e-05 0.00023000846891243774 0.00036100244088780827 -6.5041290476011791e-05 -0.00019671951247599739 1.2211847266995548e-05 0.0003902016696932889 -2.2617446720800305e-05 0.0001873601453930594 -5.0484606173353367e-05 -0.00020279145735780906 -0.00038491708204335217 0.0003990212941005595
leaf_weight=1357789 30535 6157 32065 635457 101115 164667 5940 18453 38430 21650 131154 756356 101334 49479 5308 117905 135718 223177 6864 6856 7160 9007 402037 4531 135210 1658 7131 8783 9024 740
leaf_count=1357789 30535 6157 32065 635457 101115 164667 5940 18453 38430 21650 131154 756356 101334 49479 5308 117905 135718 223177 6864 6856 7160 9007 402037 4531 135210 1658 7131 8783 9024 740
internal_value=7.03786e-11 6.57256e-07 9.05694e-06 -7.94479e-06 1.85672e-06 -2.31441e-05 -1.13444e-05 -3.87368e-06 -5.59877e-05 5.92325e-05 5.72019e-05 5.33997e-06 -1.5465e-05 -5.26877e-05 -6.87292e-06 -2.46719e-05 1.62845e-05 -1.18202e-05 -5.75358e-05 0.000197992 -0.00023289 -0.000316833 1.8058e-05 0.000120314 7.55612e-06 -0.000110966 -0.000183222 -0.000207157 -0.000267389 -0.00015599
internal_weight=4.53169e+06 4.50116e+06 2.27736e+06 2.22379e+06 1.35196e+06 871830 641397 1.2292e+06 230433 122765 163219 2.11414e+06 804175 150813 653362 369421 283941 347946 124769 13013 21475 14315 425021 22984 270928 65766 27336 25678 18547 9523
internal_count=4531690 4501155 2277364 2223791 1351961 871830 641397 1229196 230433 122765 163219 2114145 804175 150813 653362 369421 283941 347946 124769 13013 21475 14315 425021 22984 270928 65766 27336 25678 18547 9523
is_linear=0
shrinkage=0.05


Tree=68
num_leaves=31
num_cat=0
split_feature=11 9 11 1 4 21 10 6 16 1 2 19 11 2 22 6 11 20 2 17 9 3 0 1 9 15 21 12 5 1
split_gain=0.112237 0.117669 0.224088 0.149289 0.14617 0.16746 0.131059 0.128766 0.120022 0.157384 0.15543 0.121498 0.157975 0.137092 0.153406 0.204374 0.198983 0.157992 0.150568 0.139831 0.148736 0.250046 0.138173 0.13309 0.13084 0.129775 0.129494 0.22928 0.256549 0.145958
threshold=-0.087445087730884538 0.015204229392111303 -0.012076833751052616 -0.043839538469910615 0.35004052519798284 -0.23560345917940137 0.10612668469548227 0.089455850422382369 0.026735878549516204 0.067901231348514571 0.049382705241441734 -0.49292790889739985 0.030769240111112598 -0.069767441600561128 0.74472743272781383 0.040987810119986541 -0.004694203380495309 0.85527345538139354 -0.20076528936624524 17.589130401611332 -0.0082872784696519358 -0.11974551528692244 0.016016835346817974 -0.044710880145430558 -0.026656384579837319 0.0063291119877249011 0.11425080895423891 0.43750026822090154 -0.1605580076575279 -0.045596361160278313
decision_type=2 10 2 10 8 10 8 10 2 10 8 10 2 10 10 10 2 10 8 2 10 10 10 8 10 2 10 2 10 10
left_child=-1 4 -3 -4 8 6 -6 -5 9 11 -11 12 -2 14 15 16 18 23 -13 20 21 22 -15 -18 -20 -17 27 28 -27 -29
right_child=1 2 3 7 5 -7 -8 -9 -10 10 -12 13 -14 19 -16 25 17 -19 24 -21 -22 -23 -24 -25 -26 26 -28 29 -30 -31
leaf_value=-0.00012728102234127513 -3.0936068376844175e-05 -2.2851827839936452e-05 0.00027481401326567059 5.632577478146367e-05 2.4506008352604858e-05 -0.00010679135383919104 0.00063430677645075423 0.00047438922159232817 -4.1447078178062106e-05 0.00012811872985280009 2.2136659475797528e-05 0.00040050012890997463 0.00023053786423632785 0.00025504592739066266 -0.00011350652882467495 1.1104615383965049e-05 -0.00015136441965721793 0.00040038459412570777 0.0003085897715116264 -1.0391711682237821e-05 5.6726745251932494e-06 4.5619143393140994e-05 0.0008560713316850539 -6.4773016293228768e-06 3.252039121117702e-05 0.00049077470064332355 0.00030562162314247572 -0.00017875628734608789 0.00011991574461586471 0.0001106826337489761
leaf_weight=17253 387497 98141 8838 126932 23138 64689 915 1868 168171 42829 179925 2933 5863 5737 17107 22656 27877 1843 4400 1733682 1202129 122417 1147 36736 173085 6170 11132 8198 19091 9291
leaf_count=17253 387497 98141 8838 126932 23138 64689 915 1868 168171 42829 179925 2933 5863 5737 17107 22656 27877 1843 4400 1733682 1202129 122417 1147 36736 173085 6170 11132 8198 19091 9291
internal_value=7.26896e-11 4.86536e-07 3.4874e-05 7.60345e-05 -1.40842e-06 -6.49095e-05 4.77288e-05 6.23926e-05 -6.34597e-08 1.66702e-06 4.25144e-05 -7.28072e-07 -2.70382e-05 2.31083e-06 3.24083e-05 4.01268e-05 1.79954e-05 -5.59668e-05 4.52391e-05 -1.03285e-06 1.11535e-05 6.21091e-05 0.000355298 -6.89896e-05 3.93661e-05 0.000111511 0.000153728 0.000114169 0.000210514 -2.49948e-05
internal_weight=4.53169e+06 4.51444e+06 235779 137638 4.27866e+06 88742 24053 128800 4.18992e+06 4.02174e+06 222754 3.79899e+06 393360 3.40563e+06 340519 323412 246874 66456 180418 3.06511e+06 1.33143e+06 129301 6884 64613 177485 76538 53882 42750 25261 17489
internal_count=4531690 4514437 235779 137638 4278658 88742 24053 128800 4189916 4021745 222754 3798991 393360 3405631 340519 323412 246874 66456 180418 3065112 1331430 129301 6884 64613 177485 76538 53882 42750 25261 17489
is_linear=0
shrinkage=0.05


Tree=69
num_leaves=31
num_cat=0
split_feature=21 4 0 9 10 26 7 15 9 22 2 17 0 21 3 2 12 5 1 3 9 4 1 14 6 9 22 17 15 0
split_gain=0.113179 0.15501 0.143479 0.124425 0.104234 0.0943934 0.105353 0.115523 0.149675 0.112897 0.107404 0.0999117 0.159749 0.130442 0.148774 0.137331 0.140787 0.170837 0.149628 0.123697 0.11381 0.103153 0.0987948 0.157153 0.153123 0.113066 0.0935528 0.107653 0.0880342 0.109297
threshold=0.69029447436332714 -0.0035971236648038025 0.099275790154933943 -0.010932254139333962 0.049354340881109245 16.500000000000004 0.053968738764524467 0.032723484560847289 -0.033734612166881554 1.135221064090729 -0.012535173911601303 17.523513793945316 0.020134219899773601 -0.48407347500324244 -0.093439836055040346 -0.090347018092870698 0.37179517745971685 -0.086956541985273347 -0.070175468921661363 0.075961202383041396 -0.005263132043182849 -0.041132284328341477 -0.089357152581214891 0.028336375951766971 0.046441547572612769 -0.018330831080675122 2.2795250415802006 16.400952339172367 0.0016081849462352695 -0.06036866828799247
decision_type=10 10 10 10 10 2 8 2 10 10 10 2 10 10 10 10 2 10 10 8 10 10 10 2 10 10 10 2 2 8
left_child=2 4 5 -3 -2 -1 7 11 9 -9 -8 12 13 15 22 16 -7 18 20 -16 -18 -21 23 -15 25 -24 -5 -28 -13 -30
right_child=1 3 -4 26 -6 6 10 8 -10 -11 -12 28 -14 14 19 -17 17 -19 -20 21 -22 -23 24 -25 -26 -27 27 -29 29 -31
leaf_value=0.00022561872708329875 -2.2213747632655284e-06 -0.0001039507961958189 0.0001089545363682123 1.8183884335882157e-05 -0.00010817063073223002 -3.801471332393332e-05 -5.6242432939632646e-07 0.00036727277192700108 3.6015827338382936e-05 -9.095845383650728e-05 -8.4984202475729242e-05 -2.9340526019281576e-05 6.599404371115139e-05 -0.00024902203707380063 3.7359331485641189e-06 -1.5571818526988594e-05 -0.001299670039235948 -2.9554370448263447e-05 -0.00029646956526586992 0.00023350638392815988 -0.00048352223441223524 4.9584907807553602e-05 0.00031328686458740668 8.264669425415233e-05 0.00035767524456155472 5.8568344168166872e-05 0.00091374966450454866 -0.00015473855589551207 8.2995850959361191e-05 -3.1122068775851408e-06
leaf_weight=4689 33151 27388 31258 186030 77447 11984 81156 5949 117529 1736 70318 330988 121180 6071 1061978 225853 798 3504 3628 9426 922 39855 4574 8672 4885 91309 240 10822 37572 1920778
leaf_count=4689 33151 27388 31258 186030 77447 11984 81156 5949 117529 1736 70318 330988 121180 6071 1061978 225853 798 3504 3628 9426 922 39855 4574 8672 4885 91309 240 10822 37572 1920778
internal_value=1.17559e-10 -2.79639e-05 2.23291e-06 -4.09328e-06 -7.64134e-05 1.43201e-06 1.1793e-06 2.72582e-06 4.99958e-05 0.000263762 -3.97534e-05 1.20189e-06 1.08106e-05 6.27213e-06 1.29433e-05 -2.69033e-05 -0.000149725 -0.000300938 -0.000478709 7.32952e-06 -0.000862712 8.47677e-05 6.69497e-05 -5.39383e-05 8.46368e-05 7.07226e-05 9.78342e-06 -0.000131476 -5.49104e-06 -1.46014e-06
internal_weight=4.53169e+06 335078 4.19661e+06 224480 110598 4.16535e+06 4.16066e+06 4.00919e+06 125214 7685 151474 3.88398e+06 1.59464e+06 1.47346e+06 1.22677e+06 246689 20836 8852 5348 1.11126e+06 1720 49281 115511 14743 100768 95883 197092 11062 2.28934e+06 1.95835e+06
internal_count=4531690 335078 4196612 224480 110598 4165354 4160665 4009191 125214 7685 151474 3883977 1594639 1473459 1226770 246689 20836 8852 5348 1111259 1720 49281 115511 14743 100768 95883 197092 11062 2289338 1958350
is_linear=0
shrinkage=0.05


Tree=70
num_leaves=31
num_cat=0
split_feature=0 21 12 16 1 5 6 20 11 4 1 20 4 0 2 22 9 17 1 3 5 1 9 16 12 21 1 8 2 4
split_gain=0.105829 0.156445 0.134967 0.121914 0.128945 0.131224 0.108752 0.105121 0.106985 0.14038 0.104809 0.102434 0.104854 0.1466 0.132433 0.115394 0.100524 0.120668 0.136424 0.149431 0.106123 0.098806 0.194777 0.0964179 0.0950941 0.0949689 0.094528 0.0935972 0.0900684 0.139904
threshold=-0.092667624354362474 0.17006811499595645 0.026316395029425625 0.0042689682450145492 0.014945333357900383 0.025222958996891979 0.074586093425750746 0.003668045974336565 -2.2922874709507821e-10 -0.16309588402509687 -0.024474345147609707 0.24117291718721393 -0.24290541559457776 -0.029587706550955769 -0.13902273029088971 0.49433048069477087 -0.010446953587234018 17.426198959350589 -0.074495486915111528 -0.11193598434329032 -0.092764720320701585 -0.079635322093963609 0.0018219068297185006 0.0085653360001742857 0.19298314303159717 -0.20800886303186414 0.067901231348514571 0.12496848404407503 -0.040499785915017121 0.014308705460280182
decision_type=10 10 2 2 10 10 10 10 2 10 10 10 8 10 10 10 10 2 8 10 10 8 10 2 2 8 8 2 10 8
left_child=1 2 7 4 5 -2 -6 8 -1 -10 -7 12 13 14 15 -5 17 18 20 -20 -14 22 -15 -16 -19 27 28 -4 29 -18
right_child=3 -3 25 11 6 10 -8 -9 9 -11 -12 -13 16 21 23 -17 26 24 19 -21 -22 -23 -24 -25 -26 -27 -28 -29 -30 -31
leaf_value=-0.0001984659325271007 -7.9389529695707779e-06 -0.00019768732058829917 0.00040599425192281124 0.0006509713581841287 3.2361334115440261e-05 7.1675065024658815e-05 0.00026552513207222909 0.00015148874435039141 -0.00074858902250828888 0.00061734254388626664 8.7388529155507746e-06 -2.2027005826331911e-05 -0.00048878607067410985 -0.00039200050316381247 -0.00017821030527158233 -0.00012095761163714164 3.1595171743183546e-06 3.4548160650180328e-05 0.00032288233449327599 3.2275363562101341e-05 6.398803355656219e-05 7.2558669946677689e-05 0.00022464463724048632 0.00027360232516605436 -5.5927773101194033e-05 0.00014081225598778192 4.636027118111797e-05 0.0015169925800291822 -6.1298011632993256e-06 6.8643150386977516e-05
leaf_weight=8770 766728 16605 614 2711 436054 104408 5058 4504 239 870 180532 691148 2087 3431 1876 589 316244 33686 4905 44984 1486 25054 2042 3183 210636 2281 116141 274 1434637 109913
leaf_count=8770 766728 16605 614 2711 436054 104408 5058 4504 239 870 180532 691148 2087 3431 1876 589 316244 33686 4905 44984 1486 25054 2042 3183 210636 2281 116141 274 1434637 109913
internal_value=1.10888e-10 -8.76763e-05 1.64046e-05 6.65998e-07 1.23453e-05 2.82803e-06 3.50355e-05 -4.86821e-05 -0.000139949 0.000322562 3.18002e-05 -5.13633e-06 -9.05378e-08 8.13197e-05 0.000266832 0.000513199 -1.48227e-06 -2.85646e-05 3.94765e-05 6.08532e-05 -0.000258935 3.0515e-05 -0.000161929 0.000106057 -4.34533e-05 0.000311733 2.59713e-06 0.000750123 -1.34362e-07 2.0049e-05
internal_weight=4.53169e+06 34157 17552 4.49753e+06 1.49278e+06 1.05167e+06 441112 14383 9879 1109 284940 3.00475e+06 2.3136e+06 38886 8359 3300 2.27472e+06 297784 53462 49889 3573 30527 5473 5059 244322 3169 1.97694e+06 888 1.86079e+06 426157
internal_count=4531690 34157 17552 4497533 1492780 1051668 441112 14383 9879 1109 284940 3004753 2313605 38886 8359 3300 2274719 297784 53462 49889 3573 30527 5473 5059 244322 3169 1976935 888 1860794 426157
is_linear=0
shrinkage=0.05


Tree=71
num_leaves=31
num_cat=0
split_feature=21 4 0 22 21 17 6 0 1 4 6 2 3 4 12 2 19 21 15 9 22 11 7 12 1 9 0 2 7 22
split_gain=0.100517 0.137278 0.126196 0.114099 0.0896695 0.104579 0.167853 0.123011 0.131959 0.152469 0.136786 0.140763 0.122844 0.144054 0.120744 0.131059 0.126892 0.116931 0.112374 0.131571 0.121832 0.124128 0.103443 0.107438 0.102359 0.094925 0.0885883 0.085766 0.0892505 0.0853994
threshold=0.69029447436332714 -0.014748615212738512 0.099275790154933943 1.9460360407829287 -0.77262988686561573 18.249352455139164 0.027264193631708625 -0.041819311678409569 -0.097802728414535509 -0.12850172817707059 0.050757190212607391 -0.041215777397155755 0.082698978483676924 0.051643161103129394 0.55555555224418651 -0.13902273029088971 0.53352683782577526 0.35704794526100164 0.023707422427833084 -0.050516609102487557 -0.29299494624137873 0.021978009492158893 0.041154913604259498 0.92105320096015941 -0.06640052422881125 0.0012756819487549367 0.00095493413391523074 -0.058280779048800462 0.050060141831636436 -0.05906050652265548
decision_type=10 10 10 10 8 2 10 10 10 8 8 10 10 8 2 10 10 10 2 8 8 2 8 2 8 10 10 10 10 8
left_child=2 -2 4 -3 -1 6 12 17 9 14 -10 26 -6 -14 15 -9 25 -8 19 20 21 -7 -21 24 -24 -16 -12 -20 29 -29
right_child=1 3 -4 -5 5 18 7 8 10 -11 11 -13 13 -15 16 -17 -18 -19 27 22 -22 -23 23 -25 -26 -27 -28 28 -30 -31
leaf_value=-4.4640525618276042e-05 -7.5930513103145435e-05 6.7622082955902765e-06 0.00010219207061628383 -0.00010251360916428541 -1.3076141306117426e-07 -5.1726488845880658e-05 0.00014813232019773612 0.00013943750492101753 2.4163159117872309e-05 8.4535370660998805e-05 0.00046507202521616615 4.7416106890045271e-05 0.00012940428287508114 6.0284407560736154e-06 -0.00062640936737065167 -0.00034395703633242376 0.00071540062973118369 -5.1398135248808577e-05 8.8962687630780217e-05 -5.3816285457855366e-06 -0.00015816443388930591 -0.0013096271494176623 3.068221745385599e-05 -0.00015592799289310724 -4.9159701173370764e-05 -3.49280638781019e-05 0.00017610988473349773 -5.1048579803298224e-05 -5.7340863195645438e-05 4.1848078275587079e-05
leaf_weight=103341 98558 209560 31258 26960 1856452 322 39803 3051 363645 6029 3698 20257 40596 56709 3171 2593 226 9003 41626 1133772 4626 501 51511 18753 181876 863 9383 29863 39501 144183
leaf_count=103341 98558 209560 31258 26960 1856452 322 39803 3051 363645 6029 3698 20257 40596 56709 3171 2593 226 9003 41626 1133772 4626 501 51511 18753 181876 863 9383 29863 39501 144183
internal_value=1.33933e-10 -2.63532e-05 2.10432e-06 -5.6941e-06 1.35321e-06 2.52334e-06 9.14711e-06 3.62601e-05 2.73872e-05 -0.000113698 3.305e-05 0.000129982 2.73962e-06 5.75021e-05 -0.000234368 -8.26681e-05 -0.000435286 0.000111326 -7.19379e-06 -1.27877e-05 -0.000257976 -0.000818132 -1.18235e-05 -4.07898e-05 -3.15377e-05 -0.000499913 0.000257829 2.33075e-05 1.05093e-05 2.59086e-05
internal_weight=4.53169e+06 335078 4.19661e+06 236520 4.16535e+06 4.06201e+06 2.41548e+06 461722 412916 15933 396983 33338 1.95376e+06 97305 9904 5644 4260 48806 1.64653e+06 1.39136e+06 5449 823 1.38591e+06 252140 233387 4034 13081 255173 213547 174046
internal_count=4531690 335078 4196612 236520 4165354 4062013 2415479 461722 412916 15933 396983 33338 1953757 97305 9904 5644 4260 48806 1646534 1391361 5449 823 1385912 252140 233387 4034 13081 255173 213547 174046
is_linear=0
shrinkage=0.05


Tree=72
num_leaves=31
num_cat=0
split_feature=11 9 1 1 3 16 0 6 17 7 11 0 20 21 9 8 1 1 16 2 6 6 17 1 3 11 0 1 21 12
split_gain=0.0962647 0.107665 0.153264 0.16065 0.143359 0.12695 0.120121 0.115071 0.114149 0.112789 0.126936 0.169521 0.109152 0.103562 0.102837 0.0911345 0.0907966 0.0881593 0.0849885 0.166256 0.108156 0.105694 0.0824251 0.214494 0.208855 0.153598 0.125288 0.157172 0.14077 0.118561
threshold=-0.087445087730884538 0.0065322171431034812 -0.047404540702700608 0.030027025379240516 -0.14925370365381238 0.035335684195160873 0.0069422272499650725 0.080532535910606398 18.405842781066898 0.051842946559190757 -0.0038461521035060282 -0.078878343105316148 0.1001148819923401 1.5807778239250185 -0.030782836489379403 0.09360371902585031 -0.053571423515677445 0.22731164842844012 0.010752683039754631 -0.090347018092870698 0.050757190212607391 0.039282789453864105 16.748744010925297 -0.076923113316297517 -0.11974551528692244 -0.021153419278562065 -0.015624975319951771 -0.044710880145430558 0.0042661542538553485 0.79999998211860668
decision_type=2 10 8 10 8 2 10 10 2 10 2 10 10 8 10 2 10 10 2 8 8 10 2 8 10 2 8 8 8 2
left_child=-1 9 5 4 18 -3 -6 8 17 22 16 -12 -13 -10 -14 -7 -11 -5 -4 20 21 -20 23 25 26 -2 -25 -28 -29 -30
right_child=1 2 3 7 6 15 -8 -9 13 10 11 12 14 -15 -16 -17 -18 -19 19 -21 -22 -23 -24 24 -26 -27 27 28 29 -31
leaf_value=-0.00011787720146232735 5.0089440104625535e-05 6.3965689865134841e-05 -3.7271827458294574e-05 7.8537387532012838e-05 -3.0148856602243714e-05 0.00040287012559459098 2.6047171901086207e-05 0.00027334922175621678 2.4687069955964011e-05 7.4999401944700225e-05 -0.00064624647000355849 -3.7925987856342477e-05 -0.00049501583113817913 -0.00012404904469387595 -0.00013534062739158778 -2.7978943822281474e-05 -5.0630542317794603e-05 0.00042638207065464419 -0.00028731860951576328 -8.0677863082260731e-05 -5.6500046610968846e-05 -0.00099324890256667847 -4.8242829277949024e-06 0.00035182244047596571 1.3416321891752229e-05 -0.00028914212119768491 -0.00025561111991860151 9.0239241347097026e-05 0.00019521825595634248 0.00092146733652328963
leaf_weight=17253 5064 77124 6564 74904 203720 4858 178336 5275 141326 26673 1351 48644 2182 12759 22197 1642 31209 1866 833 4197 782 1463 2991927 6551 636847 9781 2698 11392 1253 1019
leaf_count=17253 5064 77124 6564 74904 203720 4858 178336 5275 141326 26673 1351 48644 2182 12759 22197 1642 31209 1866 833 4197 782 1463 2991927 6551 636847 9781 2698 11392 1253 1019
internal_value=1.17144e-10 4.5064e-07 1.82407e-05 9.82402e-06 -9.64429e-06 8.18527e-05 -3.91769e-06 4.24644e-05 3.71876e-05 -2.90081e-06 -4.82635e-05 -9.14762e-05 -8.12037e-05 1.23703e-05 -0.000167552 0.000294043 7.26215e-06 8.69977e-05 -0.000167728 -0.000285413 -0.000564462 -0.000737371 -1.26452e-06 1.45233e-05 1.87525e-05 -0.000173426 0.000167061 9.30698e-05 0.000161932 0.000521206
internal_weight=4.53169e+06 4.51444e+06 715649 632025 395895 83624 382056 236130 230855 3.79879e+06 132256 74374 73023 154085 24379 6500 57882 76770 13839 7275 3078 2296 3.66653e+06 674605 659760 14845 22913 16362 13664 2272
internal_count=4531690 4514437 715649 632025 395895 83624 382056 236130 230855 3798788 132256 74374 73023 154085 24379 6500 57882 76770 13839 7275 3078 2296 3666532 674605 659760 14845 22913 16362 13664 2272
is_linear=0
shrinkage=0.05


Tree=73
num_leaves=31
num_cat=0
split_feature=22 6 9 9 4 26 24 2 7 1 0 15 9 5 1 2 16 17 1 1 9 9 20 21 11 7 0 2 12 21
split_gain=0.0946016 0.201817 0.154838 0.148063 0.113565 0.122246 0.101259 0.1213 0.103213 0.104802 0.101088 0.224323 0.156306 0.138138 0.11498 0.118228 0.098739 0.0984629 0.122069 0.108519 0.240228 0.186216 0.160796 0.155087 0.11295 0.104965 0.165341 0.197496 0.101477 0.100738
threshold=0.96555867791175853 0.05219556391239167 -0.010932254139333962 0.035232467576861388 0.014308705460280182 16.500000000000004 1.0000000180025095e-35 -0.03421270661056041 0.042603043839335449 -0.074495486915111528 -0.056870233267545693 0.013023450504988434 -0.022581205703318116 -1.0000000180025095e-35 -0.14034512639045713 -0.20076528936624524 0.010937858838588001 17.509826660156254 0.0052657185588032016 -0.093311030417680726 -0.050516609102487557 -0.00058429621276445676 0.98965895175933849 0.20342729985713962 -0.006586110917851328 0.02274944540113211 -0.025579996407032009 -0.1099748946726322 0.54545769095420849 0.016722603701055053
decision_type=8 8 10 8 10 2 2 10 10 10 8 2 10 10 10 10 2 2 10 10 10 10 10 10 2 10 10 10 2 10
left_child=1 10 -2 6 5 -4 7 8 9 -3 11 14 13 -13 15 -1 -6 18 25 21 23 22 24 -21 -19 -12 -27 28 -28 -30
right_child=2 3 4 -5 16 -7 -8 -9 -10 -11 17 12 -14 -15 -16 -17 -18 19 -20 20 -22 -23 -24 -25 -26 26 27 -29 29 -31
leaf_value=0.0001124643142586457 -8.75648152152897e-05 4.1745150872929717e-05 0.00020023099108364506 0.0002600655425271337 4.4379224815958442e-05 -7.7837254516126362e-05 -0.00013380681202954816 2.055367535594271e-05 5.326031543084937e-05 0.00025613297803217348 -1.3435680977438278e-05 0.00019228543217373202 6.5027870881054052e-05 0.00059372092271146426 3.3297055671559237e-05 -0.00036861083572643267 -2.8116203387849409e-05 2.6867351794176332e-05 2.7317254138628713e-05 -0.00073448152557879938 -8.9732362237537184e-06 0.00017464524110694351 0.00053462645549576758 2.2938912150652031e-05 -0.00020114683908178233 9.8246053538022317e-05 -4.5744429887497942e-05 1.5157608866671024e-05 -0.00038658900640720252 2.6727087672602238e-05
leaf_weight=1934 77328 8618 4202 8111 108369 66329 7855 123144 37707 16840 682535 5033 8805 3733 45276 3757 82896 15180 544650 1876 2280824 21684 1216 1056 8456 56716 9331 290133 6158 1938
leaf_count=1934 77328 8618 4202 8111 108369 66329 7855 123144 37707 16840 682535 5033 8805 3733 45276 3757 82896 15180 544650 1876 2280824 21684 1216 1056 8456 56716 9331 290133 6158 1938
internal_value=1.03817e-10 2.05471e-06 -2.54008e-05 5.07783e-05 -7.03884e-06 -6.12683e-05 4.20342e-05 4.94485e-05 0.00010578 0.000183563 -4.15185e-07 5.97838e-05 0.000213838 0.000363285 6.67026e-06 -0.000205134 1.29591e-05 -1.46726e-06 8.11953e-06 -8.01451e-06 -9.55476e-06 6.7572e-05 -2.58554e-05 -0.000461771 -5.47119e-05 -1.86895e-06 1.98033e-05 5.33771e-06 -0.00015814 -0.000287659
internal_weight=4.53169e+06 4.19257e+06 339124 202275 261796 70531 194164 186309 63165 25458 3.99029e+06 68538 17571 8766 50967 5691 191265 3.92175e+06 1.59146e+06 2.33029e+06 2.28376e+06 46536 24852 2932 23636 1.04681e+06 364276 307560 17427 8096
internal_count=4531690 4192566 339124 202275 261796 70531 194164 186309 63165 25458 3990291 68538 17571 8766 50967 5691 191265 3921753 1591461 2330292 2283756 46536 24852 2932 23636 1046811 364276 307560 17427 8096
is_linear=0
shrinkage=0.05


Tree=74
num_leaves=31
num_cat=0
split_feature=16 4 3 22 1 1 9 2 21 2 14 22 1 3 4 16 4 9 21 2 9 19 3 12 7 10 10 4 0 17
split_gain=0.0925173 0.151481 0.152408 0.156813 0.173291 0.147296 0.145047 0.121721 0.191667 0.120264 0.113963 0.113288 0.109856 0.119686 0.116721 0.124586 0.100245 0.138756 0.0997015 0.0958807 0.0950947 0.0913602 0.125011 0.0889766 0.106787 0.087682 0.0876465 0.0869404 0.085366 0.0842288
threshold=0.0094044147990643995 0.0036939183482900266 0.098868623375892653 0.74472743272781383 0.050082808360457427 -0.043839538469910615 -0.017713364213705059 -0.17470269650220868 -0.95333316922187794 0.01582772005349398 0.0069352525752037772 0.055575823411345489 0.025900086387991909 -0.0047064076643437138 -0.10914691165089606 0.020748140290379528 0.087008357048034682 0.0023895029444247489 0.1001790650188923 0.05841223523020745 -0.0022210045717656608 -0.29373635351657862 -0.089907206594943986 0.46341386437416082 0.043375011533498771 0.093877557665109648 0.056488506495952613 -0.25822308659553522 0.099904209375381484 19.213191032409672
decision_type=2 10 8 10 10 10 8 10 10 10 2 8 8 10 8 2 8 8 10 8 10 8 8 2 10 10 10 8 8 2
left_child=1 2 3 4 7 29 -7 8 -1 12 18 28 13 -2 15 -15 -12 23 -11 -6 -10 -9 -23 -18 -25 -5 -4 -22 -8 -3
right_child=9 5 26 25 19 6 11 21 20 10 16 -13 -14 14 -16 -17 17 -19 -20 -21 27 22 -24 24 -26 -27 -28 -29 -30 -31
leaf_value=-0.00039182155747950634 -1.6704995723045538e-05 0.00010643434113361467 0.00016952602964962529 -5.5491359887196332e-05 0.00013125512016264729 -7.0039240892988267e-05 -2.7125406663693777e-06 -2.949806304325448e-05 0.00010758617816322308 -2.011931934643156e-05 -1.6323717508058193e-05 3.202329461332154e-05 5.4861730912637606e-05 6.7137833921885259e-05 1.4020568001320492e-05 0.00036721946476411132 -2.7865076657142671e-05 -1.6775385760430653e-05 5.3403067813448145e-05 2.6110192187443752e-06 0.00074690527144189237 3.5804977024070031e-05 -8.5642291422927457e-06 -9.068887479269966e-05 -0.00021184492889945766 -0.00020827339534064396 -1.9215385376472811e-05 0.0002462268295950997 0.00027539482623142566 9.0218124899072278e-06
leaf_weight=1534 594872 71061 19574 38909 36080 49527 458824 378006 8978 133925 229693 590501 88231 13258 291279 4679 35648 95136 70322 24198 1244 190729 946956 75295 23980 12378 8969 2862 2775 32267
leaf_count=1534 594872 71061 19574 38909 36080 49527 458824 378006 8978 133925 229693 590501 88231 13258 291279 4679 35648 95136 70322 24198 1244 190729 946956 75295 23980 12378 8969 2862 2775 32267
internal_value=1.06495e-10 5.42231e-06 -4.32479e-06 -6.31614e-06 -3.54142e-06 1.89346e-05 1.35807e-05 -6.81688e-06 0.000136768 -9.41286e-06 -2.58834e-05 1.75171e-05 1.60824e-06 -3.58889e-06 2.1644e-05 0.000145432 -3.96899e-05 -6.30187e-05 5.19449e-06 7.96131e-05 0.000198767 -8.20176e-06 -1.12586e-06 -9.56251e-05 -0.000119956 -9.23683e-05 0.00011022 0.000398063 -1.04005e-06 7.6015e-05
internal_weight=4.53169e+06 2.87537e+06 1.67042e+06 1.64187e+06 1.59059e+06 1.20496e+06 1.10163e+06 1.53031e+06 14618 1.65632e+06 663999 1.0521e+06 992319 904088 309216 17937 459752 230059 204247 60278 13084 1.51569e+06 1.13768e+06 134923 99275 51287 28543 4106 461599 103328
internal_count=4531690 2875372 1670417 1641874 1590587 1204955 1101627 1530309 14618 1656318 663999 1052100 992319 904088 309216 17937 459752 230059 204247 60278 13084 1515691 1137685 134923 99275 51287 28543 4106 461599 103328
is_linear=0
shrinkage=0.05


Tree=75
num_leaves=31
num_cat=0
split_feature=21 4 9 0 1 22 22 3 15 12 9 22 8 2 22 10 2 17 14 1 5 4 7 5 4 1 5 6 21 2
split_gain=0.0864859 0.117271 0.105952 0.280565 0.1054 0.0965995 0.0898716 0.0905951 0.078148 0.18157 0.165254 0.159535 0.165143 0.142469 0.134444 0.124241 0.128366 0.118076 0.167839 0.201336 0.20353 0.126129 0.116839 0.115696 0.0865972 0.0862816 0.0889167 0.084806 0.0810991 0.077903
threshold=0.69029447436332714 -0.014748615212738512 0.015204229392111303 0.014721908140927555 -0.043839538469910615 1.9460360407829287 -0.47975589334964747 -0.15452928096055982 0.014432609081268312 0.3116880208253861 -0.033734612166881554 1.0961396694183352 0.05872373282909394 -0.17470269650220868 0.40517270565032965 0.12872208654880526 0.11542863771319391 17.030060768127445 0.021429302170872692 -0.06640052422881125 -0.091317173093557344 -0.11464732885360716 0.027013507671654228 -0.068759318441152559 -0.14778101444244382 -0.021680228412151333 -0.0027280452195554967 0.045355252921581275 0.2903702855110169 0.045454541221261031
decision_type=10 10 10 10 8 10 8 8 2 2 8 8 2 8 10 10 10 2 2 10 10 8 10 8 8 10 8 10 10 10
left_child=2 -2 8 -4 -5 -3 -6 -8 17 10 11 12 -10 23 22 -13 -17 18 19 20 -1 -21 -15 -12 27 26 -23 -24 -14 -19
right_child=1 5 3 4 6 -7 7 -9 9 -11 13 15 28 14 -16 16 -18 29 -20 21 -22 25 24 -25 -26 -27 -28 -29 -30 -31
leaf_value=-0.00039725252478549827 -7.0267098796119787e-05 6.1109389418320023e-06 -2.0015637106213967e-05 0.00029126843430236107 0.00023398702019793196 -9.4436289244178727e-05 -0.00026881554799505243 7.8816599877945155e-05 5.1947526475573995e-05 -6.9590460619480542e-06 0.00046522289848768741 -2.1221337872482595e-05 0.00050741172921447432 -2.197306609938585e-05 8.6922639056678417e-05 -0.0023204655401998261 -4.5005061198025943e-05 -5.7430493549691819e-06 6.3122889562276227e-05 6.4809794161291059e-05 5.5370481352053652e-06 -6.8237414134078014e-05 8.1538909963770653e-05 -2.2168050490158856e-05 2.453989846416057e-05 7.3690375776724395e-06 2.2241165892790711e-05 0.0003140635620830052 9.7772597992877667e-05 -3.1882328830742337e-05
leaf_weight=6275 98558 209560 93238 7025 9388 26960 1928 65962 4851 502065 3376 3199 6056 133579 77481 123 124 1868184 135092 81345 6269 83525 24064 1904 146828 551943 40233 4684 1510 336361
leaf_count=6275 98558 209560 93238 7025 9388 26960 1928 65962 4851 502065 3376 3199 6056 133579 77481 123 124 1868184 135092 81345 6269 83525 24064 1904 146828 551943 40233 4684 1510 336361
internal_value=1.1479e-10 -2.44448e-05 1.95192e-06 3.97515e-05 0.000105853 -5.3504e-06 8.89936e-05 6.89404e-05 2.82131e-07 1.31708e-05 3.7955e-05 0.000196161 0.000279689 3.15511e-05 2.80278e-05 -0.000104808 -0.00118292 -3.48945e-06 1.17208e-05 2.6977e-06 -0.00019597 5.98981e-06 1.32672e-05 0.000289496 4.00781e-05 -1.09139e-06 -3.88234e-05 0.000119434 0.000425681 -9.73129e-06
internal_weight=4.53169e+06 335078 4.19661e+06 177541 84303 236520 77278 67890 4.01907e+06 909844 407779 15863 12417 391916 386636 3446 247 3.10923e+06 904682 769590 12544 757046 309155 5280 175576 675701 123758 28748 7566 2.20454e+06
internal_count=4531690 335078 4196612 177541 84303 236520 77278 67890 4019071 909844 407779 15863 12417 391916 386636 3446 247 3109227 904682 769590 12544 757046 309155 5280 175576 675701 123758 28748 7566 2204545
is_linear=0
shrinkage=0.05


Tree=76
num_leaves=31
num_cat=0
split_feature=11 16 1 3 4 18 2 11 19 0 1 22 15 1 9 12 1 19 16 9 11 1 5 6 0 17 5 7 6 9
split_gain=0.084643 0.0897625 0.133743 0.109119 0.125485 0.108702 0.0976509 0.0967229 0.0926844 0.170736 0.113544 0.176569 0.121731 0.137756 0.0825194 0.151991 0.124785 0.0867046 0.0908256 0.0868641 0.142669 0.0814954 0.104283 0.0791722 0.0779858 0.104493 0.124312 0.115382 0.0798201 0.0778605
threshold=-0.087445087730884538 0.0076570210512727508 0.059415346011519439 0.098868623375892653 0.051643161103129394 17.92543983459473 0.07156959176063539 0.013356676790863277 -0.29788862168788904 0.02945403661578894 -0.06640052422881125 0.82019633054733287 0.0097357346676290053 -0.11685997247695921 0.021217011846601967 0.52941310405731212 -0.029552343301475045 0.1683129966259003 0.043107921257615096 -0.015129635110497473 0.019417477771639827 -0.024956957437098023 0.0075578310061246165 0.089455850422382369 -0.049688475206494324 18.466685295104984 0.20643068104982379 0.029029535129666332 0.050102436915040023 -0.030782836489379403
decision_type=2 2 10 10 8 2 8 2 10 10 8 10 2 10 10 2 8 8 2 8 2 8 8 8 10 2 10 8 10 10
left_child=-1 2 3 8 -5 14 -4 -7 9 -2 11 12 -10 29 17 -16 -17 -3 19 20 -19 -22 -23 -8 25 26 -12 -28 -26 -14
right_child=1 5 6 4 -6 7 23 -9 10 -11 24 -13 13 -15 15 16 -18 18 -20 -21 21 22 -24 -25 28 -27 27 -29 -30 -31
leaf_value=-0.00011053300534581847 -2.0323679625549779e-05 4.1465091485292903e-08 9.7070252016884768e-05 0.0001388104397724855 2.0483404000208935e-05 -1.6981380271652423e-05 1.3945436351291938e-05 -0.0001102061079966321 2.3566287929234296e-05 0.00023516416699837143 0.00016864562323290052 -0.0001879666497711948 0.00043980443924245612 8.8793058052556403e-05 -2.4111337255565583e-05 0.00040278990360571415 9.1074015307936494e-05 0.00013778381191376885 -0.00015623771226132407 -2.6383090604252265e-05 -0.0003759826271426782 0.00016762673719527253 -0.00017941591548606826 0.00031244748346431132 7.8436203446395656e-07 1.062292864037238e-06 0.0016680163867965011 0.00028944458708224374 9.1039873453837626e-05 0.00016431033952176189
leaf_weight=17253 523026 1359191 65745 29924 89176 69371 108017 46455 47118 6621 9845 6681 5051 31253 35312 3581 30978 20350 12714 455948 1993 3967 4762 2267 1500916 13445 272 343 24902 5213
leaf_count=17253 523026 1359191 65745 29924 89176 69371 108017 46455 47118 6621 9845 6681 5051 31253 35312 3581 30978 20350 12714 455948 1993 3967 4762 2267 1500916 13445 272 343 24902 5213
internal_value=9.80855e-11 4.22551e-07 6.83745e-06 3.61423e-06 5.02141e-05 -7.32637e-06 4.88381e-05 -5.43722e-05 1.0621e-06 -1.71294e-05 6.91917e-06 5.98862e-05 7.85704e-05 0.000140993 -4.5012e-06 4.88426e-05 0.000123385 -6.50625e-06 -2.43149e-05 -2.08706e-05 6.00172e-05 -8.75804e-05 -2.1697e-05 2.00842e-05 3.66138e-06 9.32697e-05 0.000211779 0.000900872 2.25743e-06 0.000299913
internal_weight=4.53169e+06 4.51444e+06 2.46982e+06 2.29379e+06 119100 2.04462e+06 176029 115826 2.17469e+06 529647 1.64504e+06 95316 88635 41517 1.9288e+06 69871 34559 1.85892e+06 499734 487020 31072 10722 8729 110284 1.54972e+06 23905 10460 615 1.52582e+06 10264
internal_count=4531690 4514437 2469815 2293786 119100 2044622 176029 115826 2174686 529647 1645039 95316 88635 41517 1928796 69871 34559 1858925 499734 487020 31072 10722 8729 110284 1549723 23905 10460 615 1525818 10264
is_linear=0
shrinkage=0.05


Tree=77
num_leaves=31
num_cat=0
split_feature=0 21 12 16 0 21 8 15 9 3 6 18 15 18 12 17 26 7 3 11 1 20 9 9 4 1 3 1 11 21
split_gain=0.0837134 0.131596 0.117176 0.100151 0.086997 0.0838434 0.0871477 0.0835803 0.0882179 0.0842741 0.0834915 0.1072 0.0824483 0.102529 0.0904651 0.0789023 0.0772454 0.077552 0.105096 0.101348 0.101981 0.101206 0.194403 0.101142 0.100759 0.193634 0.155344 0.133133 0.246932 0.32602
threshold=-0.092667624354362474 0.17006811499595645 0.026316395029425625 1.0000000180025095e-35 -0.05132468789815902 -0.20800886303186414 0.12496848404407503 0.014875983353704216 -0.026656384579837319 0.22090748697519305 0.05219556391239167 18.551877975463871 0.06771868467330934 17.480617523193363 1.0000000180025095e-35 21.166240692138675 16.500000000000004 0.043792326003313072 -0.22374769300222394 0.023934877477586273 0.18132900446653369 -0.053113853558897965 -0.025043228641152378 0.088488519191741957 1.0000000180025095e-35 -0.04300285875797271 0.098868623375892653 -0.025964004918932911 -0.0053144751582294694 0.059335738420486457
decision_type=10 10 2 2 10 8 2 2 10 10 10 2 2 2 2 2 2 8 8 2 10 10 10 10 8 10 8 8 2 10
left_child=1 2 7 4 -2 6 -4 -1 9 -9 -6 -12 15 -14 -15 -3 -5 18 -18 20 -19 -21 -23 -24 26 -26 27 28 29 -20
right_child=3 12 5 16 10 -7 -8 8 -10 -11 11 -13 13 14 -16 -17 17 19 24 21 -22 22 23 -25 25 -27 -28 -29 -30 -31
leaf_value=-0.00012752147219512422 0.00015857447285016801 -0.0001847905583675706 0.00037254739111877212 0.00020399529386044639 1.3772073230000973e-05 0.00013205664067934047 0.0014445178610106022 0.00033922781324137501 -0.00031313963040098221 -0.00029166044312273518 0.00012706167245338099 -0.00032476943854114365 -1.7212197865144564e-05 -0.00075808745658088655 -0.0025266347082925603 0.00029413910733837203 0.00014345137380905216 -1.2871641681403226e-05 2.7569729654536152e-05 1.6483264032231247e-05 0.00019928736086774904 -0.00038312922109069096 -7.7625810672339455e-05 0.001222232267415772 6.9113161855104054e-05 3.8690786432109202e-06 0.00010154093094981514 -1.0658378410792496e-06 -7.5449791886975415e-05 -6.491199563357743e-05
leaf_weight=9654 11512 15108 614 4549 414211 2281 274 3185 910 634 25863 1382 259 219 108 911 12741 280290 254119 26046 5780 5540 65043 149 122812 1536043 31848 1351273 195860 152472
leaf_count=9654 11512 15108 614 4549 414211 2281 274 3185 910 634 25863 1382 259 219 108 911 12741 280290 254119 26046 5780 5540 65043 149 122812 1536043 31848 1351273 195860 152472
internal_value=1.30112e-10 -7.7979e-05 1.74784e-05 5.92368e-07 2.28876e-05 0.000292654 0.000704566 -4.3167e-05 0.000129029 0.000234444 1.93489e-05 0.000104132 -0.000178875 -0.000760916 -0.00134812 -0.000157537 -1.90458e-06 -2.13647e-06 1.04914e-07 -2.35473e-05 -8.58432e-06 -6.77765e-05 -9.88036e-05 -7.46362e-05 -3.96268e-07 8.69941e-06 -7.99529e-06 -9.78091e-06 -2.93284e-05 -7.11108e-06
internal_weight=4.53169e+06 34157 17552 4.49753e+06 452968 3169 888 14383 4729 3819 441456 27245 16605 586 327 16019 4.04456e+06 4.04002e+06 3.65717e+06 382848 286070 96778 70732 65192 3.64443e+06 1.65886e+06 1.98557e+06 1.95372e+06 602451 406591
internal_count=4531690 34157 17552 4497533 452968 3169 888 14383 4729 3819 441456 27245 16605 586 327 16019 4044565 4040016 3657168 382848 286070 96778 70732 65192 3644427 1658855 1985572 1953724 602451 406591
is_linear=0
shrinkage=0.05


Tree=78
num_leaves=31
num_cat=0
split_feature=17 0 7 22 21 1 2 4 1 3 4 22 9 1 0 19 3 3 22 2 0 8 22 7 0 5 2 11 6 26
split_gain=0.0797588 0.136388 0.124611 0.111657 0.0957054 0.124833 0.15716 0.0896771 0.228953 0.213405 0.157581 0.120458 0.116253 0.205823 0.224108 0.235115 0.193001 0.137579 0.119318 0.103133 0.114006 0.113463 0.0975334 0.0970626 0.184693 0.214225 0.094707 0.0958891 0.0919402 0.091596
threshold=19.645284652709964 0.099904209375381484 0.038543045520782478 1.2846517562866213 1.1963025927543642 0.053935520350933082 0.057142902165651328 1.0000000180025095e-35 -0.054794544354081147 0.060337685048580177 -0.09602652862668036 0.72706919908523571 -0.020582988858222958 -0.041375620290637009 -0.0375000312924385 0.69009360671043407 -0.11193598434329032 -0.016949136741459366 -0.28759202361106867 -0.20076528936624524 -0.092667624354362474 0.061096055433154113 -0.022151911631226536 0.031178317964076999 -0.06036866828799247 0.21410465985536578 -0.0066666549537330857 0.0781681463122368 0.053019672632217414 16.500000000000004
decision_type=2 10 8 10 10 10 8 10 8 10 8 10 8 10 10 10 10 10 8 8 8 2 8 8 10 10 10 2 8 2
left_child=1 4 -2 -4 5 7 -7 9 26 11 -11 12 13 14 17 18 -15 -1 -16 21 -21 -14 -19 24 25 -10 27 -9 29 -22
right_child=2 -3 3 -5 -6 6 -8 8 23 10 -12 -13 19 16 15 -17 -18 22 -20 20 28 -23 -24 -25 -26 -27 -28 -29 -30 -31
leaf_value=3.7192397334458784e-05 1.1076046604791398e-06 0.00011155126961086204 -3.2461639720833238e-05 -0.00013473624682659697 -6.4406220553568457e-05 8.3914322152309816e-05 6.0607597654123705e-06 0.00010228125660436499 0.00016769742461677936 0.00019010564846649283 3.303891012158084e-05 -9.1253017130596084e-05 -6.1966476046302891e-05 0.00040878327540490599 -0.0004223281111610698 0.00052762174068217015 9.0788810758771695e-05 -0.0001224806234053684 -0.00010503785520681699 -0.00029985425399789477 0.00024695926872401276 0.00039089065953817876 0.00077324813309714922 -1.9156901227468471e-05 1.1004420724912096e-05 0.0014225038555332409 -2.3874637863840288e-05 0.0010640426174317187 7.865975453761546e-05 -1.2186687284049164e-05
leaf_weight=21195 351072 28477 191000 31020 53943 103070 174683 81773 1129 20486 72414 44418 2370 5921 5571 1047 24567 418 6330 3406 3415 3320 1110 333275 1043443 486 17147 259 28568 1876357
leaf_count=21195 351072 28477 191000 31020 53943 103070 174683 81773 1129 20486 72414 44418 2370 5921 5571 1047 24567 418 6330 3406 3415 3320 1110 333275 1043443 486 17147 259 28568 1876357
internal_value=1.20427e-10 2.52401e-06 -1.74335e-05 -4.67517e-05 1.73399e-06 2.65445e-06 3.49513e-05 1.61536e-07 9.61847e-06 -6.42654e-06 6.76764e-05 -9.82111e-06 -7.99759e-06 5.71666e-05 -2.43656e-05 -0.000190382 0.000152557 7.0238e-05 -0.000253588 -1.0246e-05 -1.08787e-05 0.000202289 0.000528293 4.33873e-06 1.18316e-05 0.000545951 8.29925e-05 0.000105331 -1.03628e-05 -1.17158e-05
internal_weight=4.53169e+06 3.9586e+06 573092 222020 3.93012e+06 3.87618e+06 277753 3.59842e+06 1.47751e+06 2.12091e+06 92900 2.02801e+06 1.9836e+06 66159 35671 12948 30488 22723 11901 1.91744e+06 1.91175e+06 5690 1528 1.37833e+06 1.04506e+06 1615 99179 82032 1.90834e+06 1.87977e+06
internal_count=4531690 3958598 573092 222020 3930121 3876178 277753 3598425 1477512 2120913 92900 2028013 1983595 66159 35671 12948 30488 22723 11901 1917436 1911746 5690 1528 1378333 1045058 1615 99179 82032 1908340 1879772
is_linear=0
shrinkage=0.05


Tree=79
num_leaves=31
num_cat=0
split_feature=17 1 22 21 7 21 9 0 3 0 0 1 4 3 11 8 9 1 1 21 0 5 7 0 10 9 1 9 19 3
split_gain=0.0768866 0.149043 0.124723 0.107312 0.106045 0.107525 0.103993 0.0986349 0.0940593 0.122984 0.0938598 0.117701 0.138545 0.11417 0.0960277 0.0893173 0.0861268 0.130686 0.0849076 0.082532 0.149146 0.222464 0.201957 0.124362 0.117191 0.109926 0.101325 0.101595 0.0940261 0.0865018
threshold=18.606255531311039 0.066110543906688704 0.24768906831741336 -0.52974632382392872 0.040836764499545104 1.9338862299919131 -0.070489887148141847 0.099275790154933943 -0.2058937922120094 -0.09991819784045218 -0.0049586992245167485 -0.010344872251152991 -0.016848084516823288 -0.095231000334024415 0.024482865817844871 0.057050615549087531 -0.070489887148141847 -0.093311030417680726 -0.054794544354081147 0.57565873861312877 -0.05132468789815902 0.199615053832531 0.029407767578959468 0.025664668530225757 0.040832672268152244 0.013565443456172945 -0.12620857357978818 -0.016034971922636029 -0.31948365271091456 0.017623054794967178
decision_type=2 8 10 10 8 8 8 10 8 10 8 10 8 8 2 2 8 8 10 10 10 10 8 10 10 8 10 10 10 8
left_child=1 3 -3 10 5 6 -2 -4 15 -10 -1 12 13 18 -14 -5 -6 -18 -12 20 21 26 -23 -22 -21 -25 -11 28 -28 -26
right_child=4 2 7 8 16 -7 -8 -9 9 19 11 -13 14 -15 -16 -17 17 -19 -20 24 23 22 -24 25 29 -27 27 -29 -30 -31
leaf_value=7.9693997965863357e-06 0.00033875450993962387 0.00013982676537099614 9.4735972321114227e-07 2.1603771948618322e-05 -0.00023984957264291428 -0.00018216307186123091 -7.6490719717645256e-07 0.00017662092368550737 -0.00030484012923051433 -0.00016703696357370156 -0.00039140738649721344 4.541990719513749e-06 -3.6859884422616693e-05 -8.9773942495737565e-05 0.00024783534008520074 0.00021728211232210746 5.642482992650465e-05 -3.9131966327427644e-05 -0.00015030259205003112 2.5650720521870673e-05 3.2835340922057519e-06 0.0014307266310428256 0.0003228150794557921 3.5452313134133225e-05 -0.00010322479936833006 0.00017188107283258927 -7.9482027051925867e-05 4.9381880009429599e-05 0.00033330109821846769 -1.228627093891078e-05
leaf_weight=134759 2259 35233 60116 13733 4911 8166 1096745 9214 3198 3811 6098 72712 59542 47929 3116 10135 39958 342177 9105 62515 2225759 540 1720 125650 56060 16730 1721 22120 6946 49012
leaf_count=134759 2259 35233 60116 13733 4911 8166 1096745 9214 3198 3811 6098 72712 59542 47929 3116 10135 39958 342177 9105 62515 2225759 540 1720 125650 56060 16730 1721 22120 6946 49012
internal_value=1.62468e-10 4.56805e-06 6.32261e-05 2.47678e-06 -9.28554e-06 -1.40994e-06 -6.67183e-08 2.42967e-05 5.90114e-06 4.98561e-06 -2.42354e-05 -4.60985e-05 -7.53707e-05 -0.000127647 -2.26982e-05 0.0001047 -3.18141e-05 -2.91399e-05 -0.00024703 5.37087e-06 7.73494e-06 0.000107539 0.000588053 6.18153e-06 -2.85551e-05 5.14841e-05 7.61353e-05 0.000106241 0.000251335 -6.0806e-05
internal_weight=4.53169e+06 3.03747e+06 104563 2.93291e+06 1.49422e+06 1.10717e+06 1.099e+06 69330 2.59965e+06 2.57578e+06 333261 198502 125790 63132 62658 23868 387046 382135 15203 2.57258e+06 2.405e+06 36858 2260 2.36814e+06 167587 142380 34598 30787 8667 105072
internal_count=4531690 3037474 104563 2932911 1494216 1107170 1099004 69330 2599650 2575782 333261 198502 125790 63132 62658 23868 387046 382135 15203 2572584 2404997 36858 2260 2368139 167587 142380 34598 30787 8667 105072
is_linear=0
shrinkage=0.05


Tree=80
num_leaves=31
num_cat=0
split_feature=0 14 2 12 20 24 5 6 20 18 17 1 0 9 3 4 9 12 0 26 7 0 5 6 17 21 8 6 2 1
split_gain=0.0746367 0.114526 0.0916075 0.120644 0.0900069 0.085489 0.111163 0.0828443 0.167871 0.086553 0.0817361 0.12821 0.147742 0.12298 0.108853 0.0925409 0.0832018 0.0766277 0.107373 0.0753653 0.0764068 0.0969978 0.220527 0.145168 0.12111 0.104564 0.103496 0.0987037 0.171406 0.13323
threshold=0.10007363557815553 0.069366119801998152 -0.20076528936624524 0.17391289770603183 0.087439935654401793 1.0000000180025095e-35 -0.12390338629484175 0.089455850422382369 -0.22417712211608884 18.914665222167972 19.016667366027836 -0.14034512639045713 -0.078878343105316148 -0.022581205703318116 0.072727236896753325 -0.16309588402509687 0.088488519191741957 0.67605677247047435 -0.09991819784045218 16.500000000000004 0.053968738764524467 -0.070615086704492555 1.0000000180025095e-35 0.056679228320717819 16.424320220947269 0.1001790650188923 0.11624796316027643 0.053019672632217414 -0.0170281957834959 -0.058675890788435929
decision_type=10 2 8 2 10 2 8 10 10 2 2 10 10 8 10 8 10 2 10 2 8 8 10 10 2 10 2 8 10 10
left_child=1 19 3 -3 -2 7 -7 10 17 -10 11 12 15 14 -12 -4 -15 18 -9 -1 21 22 24 25 -21 -24 -25 -23 29 -29
right_child=4 2 5 -5 -6 6 -8 8 9 -11 13 -13 -14 16 -16 -17 -18 -19 -20 20 -22 27 23 26 -26 -27 -28 28 -30 -31
leaf_value=0.00019621449999936052 0.00022624738782445173 0.00034808057855944001 -0.00096019177626532166 -0.00047208388724292826 3.0365077303415474e-05 0.00021633339242251753 -0.00026773101004742036 0.001582806864440167 0.00010915669697684523 -0.0011120096066675248 -1.1783705324125957e-05 2.6706624308565024e-05 0.00017738531852857001 -5.2340902623047286e-05 -0.00042919202391031156 -0.00011478169868320448 -0.00047140720799764674 0.0020821239234837629 7.5038750774920866e-05 -0.00042473063750316946 -3.4784275066055088e-05 -3.0639203659512382e-07 0.00061364232370249836 0.00010492752643269582 1.6969425725650184e-05 0.00021325260301677067 -0.0011135726201690786 1.6517291523370959e-05 5.3133100923164246e-06 0.00019138312737128176
leaf_weight=4923 7537 2693 936 537 26416 1380 8408 196 1659 158 2369 36498 808 48653 4584 495 1213 121 295 1825 148302 4061736 3243 5473 10338 3282 179 18055 101920 27458
leaf_count=4923 7537 2693 936 537 26416 1380 8408 196 1659 158 2369 36498 808 48653 4584 495 1213 121 295 1825 148302 4061736 3243 5473 10338 3282 179 18055 101920 27458
internal_value=1.74053e-10 -5.57351e-07 -5.07137e-05 0.000211621 7.38531e-05 -5.85779e-05 -0.000199468 -4.45021e-05 0.0002438 2.41507e-06 -5.18331e-05 4.17261e-06 -0.000363003 -9.00151e-05 -0.000286996 -0.000668039 -6.2544e-05 0.000959288 0.000678911 7.1183e-07 4.92137e-07 1.7279e-06 0.000101252 0.000251658 -4.9335e-05 0.000412314 6.61472e-05 1.15236e-06 4.13403e-05 0.000122016
internal_weight=4.53169e+06 4.49774e+06 111003 3230 33953 107773 9788 97985 2429 1817 95556 38737 2239 56819 6953 1431 49866 612 491 4.38673e+06 4.38181e+06 4.23351e+06 24340 12177 12163 6525 5652 4.20917e+06 147433 45513
internal_count=4531690 4497737 111003 3230 33953 107773 9788 97985 2429 1817 95556 38737 2239 56819 6953 1431 49866 612 491 4386734 4381811 4233509 24340 12177 12163 6525 5652 4209169 147433 45513
is_linear=0
shrinkage=0.05


Tree=81
num_leaves=31
num_cat=0
split_feature=17 1 4 3 0 21 6 9 0 11 18 0 16 4 11 2 9 1 19 14 9 22 2 3 6 1 1 1 9 11
split_gain=0.0741636 0.164488 0.165238 0.142048 0.206927 0.206042 0.146354 0.144364 0.137442 0.132089 0.0976363 0.0944902 0.0887316 0.12841 0.117972 0.116347 0.125036 0.142338 0.118784 0.251036 0.133864 0.100245 0.174907 0.0982534 0.0962386 0.0958189 0.0940433 0.0906742 0.11014 0.203795
threshold=17.283935546875004 -0.089357152581214891 -0.099020261317491517 -0.14925370365381238 -0.0018827053718268869 0.020891034044325355 0.042856464162468917 -0.0031728970352560277 0.013219056185334923 -0.023917761631309983 14.887102603912355 0.099275790154933943 0.010391410905867817 -0.0076042413711547843 0.005722523434087635 0.10712231695652009 0.017286891117691997 -0.038312651216983788 -0.41606508195400232 0.028336375951766971 0.008764750789850952 0.78169116377830516 -0.20076528936624524 0.098868623375892653 0.057816576212644584 0.11359426751732828 0.069901522248983397 -0.10901400819420813 -0.012859788257628678 -0.019189798273146149
decision_type=2 8 10 8 10 8 10 10 8 2 2 8 2 10 2 10 10 8 8 2 10 8 10 8 8 10 10 8 10 2
left_child=1 2 9 4 6 -6 -3 -7 -5 -1 -11 -10 13 21 25 16 17 18 19 -16 -20 22 -2 26 -19 -14 -24 -15 29 -29
right_child=12 3 -4 8 5 7 -8 -9 11 10 -12 -13 14 27 15 -17 -18 24 20 -21 -22 -23 23 -25 -26 -27 -28 28 -30 -31
leaf_value=-3.2347778149886839e-05 0.00027160508952177195 0.00018674972768694472 0.00012564129520766524 2.7464572008788065e-06 -0.00010137873231407097 0.00088057240646019865 0.00062044740209295343 0.00010972880746472104 4.3407464430748348e-05 -0.00040392287044816101 -8.3429794657341168e-05 0.00033563042842996621 -5.6076648838959282e-06 0.00015034777293162441 -5.2566204065227509e-05 -9.1139323845746399e-05 9.7208019253194696e-05 -2.4606027460095725e-05 -0.00018943206710553577 0.00071914890484944957 0.00014113057630987656 -7.8620368976925676e-05 -1.3913215252660335e-05 0.00011160874257812613 0.00010752356999631268 0.00010589927281703189 9.6632716645781894e-05 9.2688699359932383e-05 1.783293519172631e-05 -7.2754400201141027e-05
leaf_weight=7786 5582 11817 5334 1115591 11695 950 2328 1682 200597 7455 3489 2804 674824 12050 9518 77254 20217 291561 31651 1184 3390 52263 852900 16535 14464 19831 19682 23991 950228 83037
leaf_count=7786 5582 11817 5334 1115591 11695 950 2328 1682 200597 7455 3489 2804 674824 12050 9518 77254 20217 291561 31651 1184 3390 52263 852900 16535 14464 19831 19682 23991 950228 83037
internal_value=1.73836e-10 9.70946e-06 -0.000119859 1.20235e-05 0.000122516 -1.14201e-05 0.000258167 0.000388188 9.63828e-06 -0.000189777 -0.000301765 4.74376e-05 -4.21371e-06 2.09693e-06 -1.53371e-05 -3.5304e-05 -2.37079e-05 -3.06575e-05 -0.000112922 3.28706e-05 -0.000157449 -1.13116e-05 -7.37973e-06 -9.13153e-06 -1.83607e-05 -2.42422e-06 -1.14196e-05 1.39713e-05 1.24168e-05 -3.56688e-05
internal_weight=4.53169e+06 1.37153e+06 24064 1.34746e+06 28472 14327 14145 2632 1.31899e+06 18730 10944 203401 3.16016e+06 2.01627e+06 1.14389e+06 449239 371985 351768 45743 10702 35041 946962 894699 889117 306025 694655 872582 1.06931e+06 1.05726e+06 107028
internal_count=4531690 1371528 24064 1347464 28472 14327 14145 2632 1318992 18730 10944 203401 3160162 2016268 1143894 449239 371985 351768 45743 10702 35041 946962 894699 889117 306025 694655 872582 1069306 1057256 107028
is_linear=0
shrinkage=0.05


Tree=82
num_leaves=31
num_cat=0
split_feature=9 1 3 11 16 7 16 2 6 1 6 17 1 3 11 10 0 1 11 16 2 19 5 5 21 1 9 1 3 4
split_gain=0.0696422 0.120483 0.136745 0.12955 0.108314 0.0989536 0.0931952 0.153227 0.141446 0.0992043 0.0924545 0.0866114 0.168203 0.180379 0.122128 0.107056 0.0969331 0.109579 0.0911332 0.088212 0.120164 0.104518 0.0867268 0.0835658 0.0824238 0.132773 0.0816521 0.0795735 0.0741777 0.0912663
threshold=0.0062499642372131356 -0.054794544354081147 -0.13633378595113751 -0.0061538801528513423 0.033734926953911788 0.041154913604259498 0.010752683039754631 -0.11456041038036345 0.050102436915040023 -0.017361158505082127 0.074586093425750746 16.748744010925297 -0.076923113316297517 -0.095231000334024415 -0.021153419278562065 0.038191612809896476 -1.0000000180025095e-35 -0.028512511402368542 0.0095238387584686297 0.023936136625707153 0.023668616078794006 -0.25533305108547205 0.055298624560236938 -0.097203873097896562 1.4052377939224245 0.10211143642663957 0.035232467576861388 -0.035586196929216378 -0.0047064076643437138 -0.04215764440596103
decision_type=10 8 8 2 2 8 2 8 8 10 10 2 8 10 2 8 10 10 2 2 10 10 8 10 8 10 10 10 10 8
left_child=11 4 6 24 -2 -6 -3 8 27 -9 -5 12 14 15 -1 16 -14 -18 -15 -13 28 -22 -23 -16 25 -4 -12 -8 -21 -30
right_child=1 2 3 10 5 -7 7 9 -10 -11 26 19 13 18 23 -17 17 -19 -20 20 21 22 -24 -25 -26 -27 -28 -29 29 -31
leaf_value=4.5884584059482429e-05 5.6370206165082643e-05 -7.9414212252790805e-06 -1.5432887707830059e-05 2.7582147747837579e-05 0.00043306522886616284 3.5689117534623429e-05 -0.00037066726842109496 8.8758494415255406e-05 -1.0838923169831697e-05 -0.00023047560074552348 7.8723690388119176e-05 -4.1099670885662141e-06 0.00014112795138809296 -3.3431297018226101e-07 -0.0003732339527645889 0.00022999860246101212 -0.00027837328026005491 4.5729313513450954e-05 4.5590351864768281e-05 -3.8055094315276049e-05 -1.8403410011111574e-06 -3.1957811114235469e-05 -0.00018251242779940063 -7.9898366997135359e-05 -0.00016230058642859526 0.00017735201878370414 0.00042927025607655155 -0.0010228694807109676 0.00021216086437355188 1.1511824557156414e-05
leaf_weight=5201 64039 12501 262994 370307 3836 2648 781 3939 922 6365 4445 2911741 17410 469924 5907 13786 3491 10301 140269 84483 21145 13768 31340 4123 9045 9244 2652 1171 6684 37228
leaf_count=5201 64039 12501 262994 370307 3836 2648 781 3939 922 6365 4445 2911741 17410 469924 5907 13786 3491 10301 140269 84483 21145 13768 31340 4123 9045 9244 2652 1171 6684 37228
internal_value=1.98947e-10 1.38644e-05 7.4521e-06 1.18651e-05 7.60898e-05 0.000270811 -0.000105742 -0.00019851 -0.000521276 -0.000108442 3.10085e-05 -2.77092e-06 1.35277e-05 1.73464e-05 -0.000150727 0.000113965 6.26928e-05 -3.6321e-05 1.02227e-05 -6.28846e-06 -3.88763e-05 -9.35651e-05 -0.000136561 -0.000252673 -1.38199e-05 -8.88614e-06 0.000209758 -0.000762245 -1.06559e-05 4.20575e-05
internal_weight=4.53169e+06 754889 684366 658687 70523 6484 25679 13178 2874 10304 377404 3.7768e+06 670412 655181 15231 44988 31202 13792 610193 3.10639e+06 194648 66253 45108 10030 281283 272238 7097 1952 128395 43912
internal_count=4531690 754889 684366 658687 70523 6484 25679 13178 2874 10304 377404 3776801 670412 655181 15231 44988 31202 13792 610193 3106389 194648 66253 45108 10030 281283 272238 7097 1952 128395 43912
is_linear=0
shrinkage=0.05


Tree=83
num_leaves=31
num_cat=0
split_feature=21 10 3 1 2 16 9 22 17 6 9 22 19 0 10 4 1 3 7 15 1 6 21 12 12 2 12 1 4 2
split_gain=0.0662616 0.101009 0.116951 0.0922864 0.205525 0.117696 0.118225 0.0741134 0.0911199 0.0792128 0.0697138 0.069202 0.0686832 0.210741 0.136719 0.129272 0.150105 0.0884876 0.133496 0.0877244 0.114762 0.0985827 0.13013 0.0960627 0.0929203 0.0885714 0.0872794 0.110841 0.110698 0.0805446
threshold=0.69029447436332714 0.047922046855092056 0.025280942209064964 0.067901231348514571 0.079191699624061598 0.027450969442725185 0.052961762994527824 2.2795250415802006 16.676783561706547 0.028399324044585231 -0.0051663846243172875 0.21233371645212176 -0.34320400655269617 0.023410797119140628 0.14843215048313144 -0.077922075986862169 -0.14034512639045713 -0.10084034875035285 0.035962183028459556 0.0052493512630462655 -0.12620857357978818 0.028796562924981121 -0.21587509661912915 0.42857147753238684 0.84615346789360057 -0.1197223626077175 0.91666665673255932 -0.097802728414535509 -0.20574288815259931 -0.20076528936624524
decision_type=10 10 8 10 8 2 8 10 2 10 10 10 10 10 10 10 8 10 10 2 8 10 10 2 2 10 2 10 10 10
left_child=3 -2 -3 12 11 -6 -7 10 -9 -10 -4 -5 13 14 -1 -15 -17 18 19 20 -14 24 23 -23 -21 -25 28 -28 29 -20
right_child=1 2 7 4 5 6 -8 8 9 -11 -12 -13 17 15 -16 16 -18 -19 26 21 -22 22 -24 25 -26 -27 27 -29 -30 -31
leaf_value=-1.6775158091943444e-05 2.9464532240875943e-05 -8.4774438316079882e-05 -6.5206816430627123e-05 0.00014744067352629909 1.2669425415440861e-05 -0.00017276710940405775 0.00032415947062856821 0.00076683613175516398 0.00019444275709421823 -0.00018900199264283726 1.3812130578836263e-05 5.471833715995243e-05 -0.00027762889109146579 -4.0251106098747455e-05 0.0010982646761997124 0.0017946499912391625 0.00021935797581525195 5.3735566720327779e-07 0.00033441791804701817 3.437961041080116e-05 2.3296241338797862e-05 0.00012566249049765626 0.00018412749168657152 -0.00042429597652586434 0.00046381732956332741 -2.1673625291794997e-05 -0.00087506726105485459 -0.00012449140635894512 -2.8442644610587872e-05 5.6946751386707892e-05
leaf_weight=830006 75594 83897 35830 36381 110738 14712 1302 279 1522 11657 126299 45032 3307 6112 274 152 13174 2805932 2944 75614 74997 9069 35852 1774 1280 5928 527 7199 90929 23377
leaf_count=830006 75594 83897 35830 36381 110738 14712 1302 279 1522 11657 126299 45032 3307 6112 274 152 13174 2805932 2944 75614 74997 9069 35852 1774 1280 5928 527 7199 90929 23377
internal_value=1.80723e-10 -2.13965e-05 -3.62136e-05 1.7086e-06 3.4164e-05 -5.65307e-06 -0.000132347 -1.30105e-05 -0.000125755 -0.000144708 -3.6511e-06 9.61544e-05 1.46842e-08 -1.25958e-05 -1.64059e-05 0.00015014 0.00023746 3.42861e-06 2.78057e-05 5.2363e-05 1.05839e-05 7.76218e-05 0.000130352 1.53906e-05 4.15341e-05 -0.000114453 -1.30304e-05 -0.000175796 -2.30384e-06 8.79934e-05
internal_weight=4.53169e+06 335078 259484 4.19661e+06 208165 126752 16014 175587 13458 13179 162129 81413 3.98845e+06 849718 830280 19438 13326 3.13873e+06 332797 207821 78304 129517 52623 16771 76894 7702 124976 7726 117250 26321
internal_count=4531690 335078 259484 4196612 208165 126752 16014 175587 13458 13179 162129 81413 3988447 849718 830280 19438 13326 3138729 332797 207821 78304 129517 52623 16771 76894 7702 124976 7726 117250 26321
is_linear=0
shrinkage=0.05


Tree=84
num_leaves=31
num_cat=0
split_feature=4 2 9 19 1 11 21 9 1 22 14 3 9 1 22 2 4 6 16 9 19 3 11 7 1 9 22 13 3 3
split_gain=0.0660497 0.221166 0.202751 0.17078 0.168058 0.217771 0.309591 0.224079 0.222806 0.201298 0.252802 0.183812 0.282867 0.154497 0.19346 0.145818 0.144758 0.172063 0.135294 0.129509 0.164178 0.122033 0.118126 0.117293 0.117162 0.117715 0.16124 0.115809 0.149864 0.111513
threshold=1.0000000180025095e-35 -0.026217266917228695 -0.010446953587234018 0.60267546772956859 -0.016129069030284878 -0.0086096636950969679 0.21459203958511355 0.01310927886515856 -0.045596361160278313 -0.4927679300308227 0.0097565022297203558 -0.069057218730449663 -0.017713364213705059 0.0024713905295357112 0.055575823411345489 -0.085757907480001436 -0.17878409475088117 0.039677999913692481 0.031009035184979442 -0.028509363532066342 -0.23898401111364362 -0.11193598434329032 -0.023917761631309983 0.04150314815342427 -0.10301557183265685 -0.043291673064231866 0.12830352038145068 -1.0000000180025095e-35 0.055434707552194602 -0.021943602710962292
decision_type=10 8 8 8 8 2 10 8 10 8 2 10 10 10 8 10 8 10 2 10 10 10 2 8 8 8 10 2 10 8
left_child=3 24 13 4 5 6 19 8 9 10 -7 12 -6 14 -3 -12 -11 -18 -9 20 -1 23 -14 -19 -2 26 -26 28 -13 -22
right_child=1 2 -4 -5 11 7 -8 18 -10 16 15 27 22 -15 -16 -17 17 21 -20 -21 29 -23 -24 -25 25 -27 -28 -29 -30 -31
leaf_value=-0.00011816311313085191 0.00015297793903427874 -8.7955402131165315e-05 5.3688322347716995e-06 -5.5310869486690997e-05 0.00027186060729820642 -0.00011104257564358857 -7.8051567998159834e-05 7.5818621610119713e-05 -2.6934118224132083e-05 -0.00018894477205847268 -0.00051076350257439466 -2.8748424941167032e-05 -9.2470957628851245e-05 -7.6518360273785822e-05 7.585099995667687e-05 -0.00020026060928481955 -7.9045859564814142e-05 0.00036249791765528475 0.00046911899517732664 1.7600433631743476e-05 0.00027521058438297307 1.7158452978291515e-06 4.5524469338626374e-05 -9.9118913228875586e-05 -0.00059055630427805826 3.6837301808131722e-05 7.0108883461121127e-05 1.4251291316709706e-05 7.3130732355955176e-05 0.00088760401272819096
leaf_weight=2438 21921 29613 1503128 161450 13400 35749 95665 11669 285406 15883 7532 392550 16705 143767 46058 7596 39727 5967 2690 426726 4525 12030 216264 1788 1773 359566 1926 627538 39751 889
leaf_count=2438 21921 29613 1503128 161450 13400 35749 95665 11669 285406 15883 7532 392550 16705 143767 46058 7596 39727 5967 2690 426726 4525 12030 216264 1788 1773 359566 1926 627538 39751 889
internal_value=2.10972e-10 6.47352e-06 -1.1854e-06 -5.6287e-06 -2.08338e-06 -1.80098e-05 3.37782e-06 -4.46287e-05 -5.14011e-05 -0.000106702 -0.000183552 9.57645e-06 4.84788e-05 -4.60811e-05 1.17469e-05 -0.000354879 -5.48414e-05 -1.90484e-05 0.000149527 2.13033e-05 0.00022251 0.000101421 3.56292e-05 0.000256068 4.07244e-05 3.39501e-05 -0.000246634 5.33204e-07 -1.93803e-05 0.000375913
internal_weight=4.53169e+06 2.10775e+06 1.72257e+06 2.42394e+06 2.26249e+06 956280 530243 426037 411678 126272 50877 1.30621e+06 246369 219438 75671 15128 75395 59512 14359 434578 7852 19785 232969 7755 385186 363265 3699 1.05984e+06 432301 5414
internal_count=4531690 2107752 1722566 2423938 2262488 956280 530243 426037 411678 126272 50877 1306208 246369 219438 75671 15128 75395 59512 14359 434578 7852 19785 232969 7755 385186 363265 3699 1059839 432301 5414
is_linear=0
shrinkage=0.05


Tree=85
num_leaves=31
num_cat=0
split_feature=0 21 12 16 3 9 8 5 11 20 20 19 0 7 0 4 1 11 9 2 3 17 5 3 12 15 16 17 1 2
split_gain=0.0650833 0.102709 0.0988007 0.0830056 0.0780517 0.0920814 0.112403 0.116207 0.126908 0.0900704 0.0802208 0.0768582 0.102126 0.075745 0.0741236 0.073161 0.104077 0.316015 0.200578 0.174261 0.151872 0.146251 0.111786 0.0984342 0.073119 0.0727848 0.0939273 0.0702946 0.0688236 0.0815395
threshold=-0.092667624354362474 0.17006811499595645 0.026316395029425625 1.0000000180025095e-35 0.29122690856456762 -0.028509363532066342 0.067771773785352721 -0.060367448255419724 -3.1089181229404512e-10 -0.55176091194152821 -0.52273780107498158 -0.16526337713003156 -0.09991819784045218 0.035160291939973838 -0.05132468789815902 -0.1832652539014816 -0.085813309997320161 -0.008130065165460108 -0.0082872784696519358 -0.15959851443767545 -0.1820033714175224 18.119669914245609 -0.23890721797943112 -0.22374769300222394 0.33333186805248266 0.06771868467330934 0.0026666763005778198 21.166240692138675 -0.12620857357978818 -0.1099748946726322
decision_type=10 10 2 2 10 8 2 8 2 10 8 8 10 8 10 8 8 2 8 10 10 2 10 8 2 2 2 2 10 10
left_child=1 2 4 14 5 6 7 -1 13 -8 -7 12 -4 -9 -2 16 17 19 20 22 -18 23 24 -19 -5 27 -27 -3 -21 -30
right_child=3 25 11 15 -6 10 9 8 -10 -11 -12 -13 -14 -15 -16 -17 18 21 -20 28 -22 -23 -24 -25 -26 26 -28 -29 29 -31
leaf_value=-0.00041349811523697685 0.00014606568209458315 -0.00016357012646461957 0.0011671430104209729 0.00058561238484389373 -0.00048464920737092439 -0.0012388025993376769 -0.00067512247187894326 0.00026465486319781679 0.00052436712692590813 0.00039162804588948583 -0.00015006039859702153 8.1560637309499443e-05 0.00020828835418143155 -0.00027163498831095291 1.7553286908110171e-05 -3.2133322620751159e-06 0.00035245495464408279 -4.1283849777268068e-05 1.5758691590707541e-05 -0.00030849934524471634 9.6799416999711677e-05 -0.00010764450215027422 8.4159425969668425e-05 -0.00064092109972109881 -1.4303583000128129e-05 -0.00041031473764114489 -0.002068271789623675 0.00028847730520840188 0.00010781662198670604 -0.00016959714643765013
leaf_weight=1580 11512 15108 463 2474 923 175 211 1003 1196 2990 4393 2013 693 1912 441456 3861893 7515 857 119449 2404 25585 4335 5235 3400 639 483 103 911 6097 4682
leaf_count=1580 11512 15108 463 2474 923 175 211 1003 1196 2990 4393 2013 693 1912 441456 3861893 7515 857 119449 2404 25585 4335 5235 3400 639 483 103 911 6097 4682
internal_value=2.05822e-10 -6.87566e-05 1.55754e-05 5.22402e-07 -4.01122e-05 -9.59501e-06 8.41377e-05 -4.91914e-05 9.08909e-05 0.000321122 -0.000192032 0.000268255 0.000593005 -8.70796e-05 2.08197e-05 -1.75078e-06 2.9169e-05 -5.5761e-05 4.59399e-05 4.65445e-05 0.000154852 -0.000312108 0.000225284 -0.000520243 0.000462504 -0.000157894 -0.000704757 -0.000137846 -6.66489e-05 -1.26862e-05
internal_weight=4.53169e+06 34157 17552 4.49753e+06 14383 13460 8892 5691 4111 3201 4568 3169 1156 2915 452968 4.04456e+06 182672 30123 152549 21531 33100 8592 8348 4257 3113 16605 586 16019 13183 10779
internal_count=4531690 34157 17552 4497533 14383 13460 8892 5691 4111 3201 4568 3169 1156 2915 452968 4044565 182672 30123 152549 21531 33100 8592 8348 4257 3113 16605 586 16019 13183 10779
is_linear=0
shrinkage=0.05


Tree=86
num_leaves=31
num_cat=0
split_feature=0 14 15 10 17 20 18 1 22 2 12 24 5 6 20 0 15 17 9 1 4 9 3 17 12 0 26 7 0 5
split_gain=0.0643835 0.0975548 0.0794092 0.134184 0.130581 0.131705 0.105519 0.102115 0.0848986 0.0743877 0.105997 0.0722961 0.102238 0.0710127 0.144357 0.0826534 0.115246 0.0736292 0.11863 0.0843225 0.171666 0.114333 0.0838062 0.0704855 0.0695393 0.0903714 0.0693989 0.0687943 0.0903555 0.187517
threshold=0.10007363557815553 0.069366119801998152 0.0026908346917480235 0.14843215048313144 20.381655693054203 0.091564606875181212 17.547187805175785 0.22731164842844012 0.72706919908523571 -0.20076528936624524 0.25000043213367468 1.0000000180025095e-35 -0.12390338629484175 0.089455850422382369 -0.22417712211608884 -0.092667624354362474 0.034615380689501769 19.323066711425785 -0.022581205703318116 -0.14034512639045713 -0.19383326917886731 -0.0053619041573256246 0.15634591877460483 21.166240692138675 0.67605677247047435 -0.09991819784045218 16.500000000000004 0.053968738764524467 -0.070615086704492555 1.0000000180025095e-35
decision_type=10 2 2 10 2 10 2 10 10 8 2 2 8 10 10 10 2 2 8 10 8 10 10 2 2 10 2 8 10 10
left_child=1 26 3 -2 5 -5 -7 -4 -6 10 -3 13 -13 17 24 16 -16 19 22 20 21 -11 -19 -14 25 -15 -1 28 29 -28
right_child=2 9 7 4 8 6 -8 -9 -10 11 -12 12 23 14 15 -17 -18 18 -20 -21 -22 -23 -24 -25 -26 -27 27 -29 -30 -31
leaf_value=0.00018825826672779015 6.0956248581008666e-05 0.00029498872908150875 -3.0103795752587243e-05 0.0015883216956088101 0.00093663047980795534 0.00026157408517518173 0.0011715128522199326 -0.00071284593534085147 -0.00024174610662721675 -0.0011153733979946295 -0.00058803144309733371 0.00021529872784629544 -0.00029002267708610563 0.0014516881369834361 -0.00012140980934027194 0.00021365234670407392 -0.001891572207484084 -9.703813071612697e-05 -6.1863960708666348e-05 1.1816467647732501e-05 7.6306656539276799e-05 -8.8896180603211406e-05 -0.00047211100794915511 0.00026074559172371711 0.0019590064560823703 6.8435837390613927e-05 -4.1188681697291219e-05 -3.3030087074847774e-05 1.0600093041487253e-06 0.00023636462443761067
leaf_weight=4923 26349 2845 3762 307 183 1398 412 640 902 729 385 1380 7781 196 394 1304 119 2756 41421 45482 1495 432 3241 627 121 295 12163 148302 4209169 12177
leaf_count=4923 26349 2845 3762 307 183 1398 412 640 902 729 385 1380 7781 196 394 1304 119 2756 41421 45482 1495 432 3241 627 121 295 12163 148302 4209169 12177
internal_value=1.64336e-10 -5.17652e-07 6.8593e-05 9.81057e-05 0.000403691 0.000632191 0.000469231 -0.000129506 -4.23174e-05 -4.68089e-05 0.000189588 -5.38955e-05 -0.000183459 -4.09513e-05 0.000225971 2.12914e-06 -0.000534914 -4.77386e-05 -9.19599e-05 -4.17772e-06 -0.000277968 -0.000733834 -0.000299786 -0.000248925 0.000889459 0.000622438 6.53723e-07 4.42905e-07 1.61549e-06 9.76718e-05
internal_weight=4.53169e+06 4.49774e+06 33953 29551 3202 2117 1810 4402 1085 111003 3230 107773 9788 97985 2429 1817 513 95556 47418 48138 2656 1161 5997 8408 612 491 4.38673e+06 4.38181e+06 4.23351e+06 24340
internal_count=4531690 4497737 33953 29551 3202 2117 1810 4402 1085 111003 3230 107773 9788 97985 2429 1817 513 95556 47418 48138 2656 1161 5997 8408 612 491 4386734 4381811 4233509 24340
is_linear=0
shrinkage=0.05


Tree=87
num_leaves=31
num_cat=0
split_feature=17 1 4 10 1 7 0 3 0 0 21 9 22 16 4 11 2 9 1 19 14 9 15 1 2 18 3 10 8 4
split_gain=0.0633889 0.131425 0.138275 0.126266 0.144605 0.124417 0.106825 0.104589 0.0818509 0.0838143 0.0808269 0.0799965 0.108125 0.077147 0.113415 0.104324 0.0983605 0.107718 0.117293 0.130069 0.197343 0.124828 0.090149 0.0890008 0.0969468 0.0867989 0.092018 0.0850826 0.08265 0.082379
threshold=17.283935546875004 -0.089357152581214891 -0.099020261317491517 0.022556377574801448 -0.032395897433161729 0.019892958924174312 -0.022748211398720738 -0.049287363886833184 0.099275790154933943 -0.028968580067157742 0.3490722924470902 -0.00068656046641990532 -0.23665383458137509 0.010391410905867817 -0.0076042413711547843 0.005722523434087635 0.10712231695652009 0.019025732763111595 -0.057305440306663506 -0.41606508195400232 0.029629602096974853 0.010638295672833921 0.039785791188478477 0.072142437100410475 0.0016207103035412731 15.525860309600832 -0.11193598434329032 0.098605554550886168 0.09360371902585031 0.078246191143989577
decision_type=2 8 10 8 10 8 8 8 8 10 8 10 10 2 10 2 8 10 8 8 2 10 2 10 10 2 10 10 2 8
left_child=1 2 6 4 -3 -5 -1 -6 9 10 -7 12 -8 14 25 23 17 18 19 20 -17 22 -21 24 29 -2 -27 -28 -22 -15
right_child=13 3 -4 5 7 8 11 -9 -10 -11 -12 -13 -14 15 -16 16 -18 -19 -20 21 28 -23 -24 -25 -26 26 27 -29 -30 -31
leaf_value=-8.4267607350760164e-05 -3.2725279942288767e-05 -9.5555943714054442e-05 0.00011773822587945533 -2.8292217290171246e-08 5.1733165367214477e-05 0.00013610407506173372 -0.0008506742273333023 -8.6531999666974957e-06 0.00030702267995902897 3.2561763668375914e-05 -4.9157871105350671e-05 -0.00017174652785053817 -0.00024727429718496969 -2.7944709353661137e-06 1.3148247284300967e-05 -3.9210415485635858e-05 -8.4321257416629565e-05 0.00010243864086447109 -2.0048152464669242e-05 -0.00026569081587641717 0.00060293285015284475 0.0002399610167709366 0.00017915481680716067 6.2199542982136648e-05 -3.0353433452322326e-05 4.5518551861901229e-05 -4.7505435670096374e-06 -0.00012523361019314334 0.0021265081751603381 5.473132194433562e-05
leaf_weight=12282 302173 42065 5334 304665 84706 36102 1375 467132 2880 402880 7034 3458 1615 301886 1069306 6376 77406 16519 329006 16436 670 1501 1223 49911 264463 93837 535888 15064 102 78395
leaf_count=12282 302173 42065 5334 304665 84706 36102 1375 467132 2880 402880 7034 3458 1615 301886 1069306 6376 77406 16519 329006 16436 670 1501 1223 49911 264463 93837 535888 15064 102 78395
internal_value=1.91535e-10 8.97652e-06 -0.000106841 1.10449e-05 -6.19577e-06 2.46328e-05 -0.0001708 6.1606e-07 4.13703e-05 3.96542e-05 0.000105894 -0.000335586 -0.000524949 -3.89559e-06 1.9887e-06 -1.42674e-05 -3.30439e-05 -2.23691e-05 -2.81719e-05 -0.000129762 5.22525e-05 -0.000197665 -0.000234874 -2.12448e-06 -7.10403e-06 -1.06126e-05 -2.49753e-07 -8.04498e-06 0.000806725 9.06459e-06
internal_weight=4.53169e+06 1.37153e+06 24064 1.34746e+06 593903 753561 18730 551838 448896 446016 43136 6448 2990 3.16016e+06 2.01627e+06 1.14389e+06 449239 371833 355314 26308 7148 19160 17659 694655 644744 946962 644789 550952 772 380281
internal_count=4531690 1371528 24064 1347464 593903 753561 18730 551838 448896 446016 43136 6448 2990 3160162 2016268 1143894 449239 371833 355314 26308 7148 19160 17659 694655 644744 946962 644789 550952 772 380281
is_linear=0
shrinkage=0.05


Tree=88
num_leaves=31
num_cat=0
split_feature=17 1 21 0 2 4 3 0 9 0 5 20 22 11 5 3 0 4 0 5 7 7 1 11 3 4 2 19 9 20
split_gain=0.0603993 0.122892 0.091214 0.0924873 0.111882 0.126674 0.0924398 0.091515 0.091065 0.111032 0.129394 0.104185 0.0852937 0.216156 0.105328 0.087758 0.0841789 0.0952415 0.0942327 0.174624 0.115762 0.105646 0.0799721 0.10626 0.0799133 0.13109 0.0796339 0.11229 0.0790817 0.0830986
threshold=18.249352455139164 0.066110543906688704 -0.47055724263191218 -0.0020894651534035798 -0.098872505128383623 -0.080444086343049989 -0.17342533171176908 0.026244039647281173 -0.010446953587234018 0.004484311444684864 0.046104557812213905 -0.29910030961036677 -0.15972872078418729 0.046736149117350585 -0.076271150261163698 -0.14459017664194104 -0.092667624354362474 -0.084507055580615983 -0.05132468789815902 0.199615053832531 0.028014278039336208 0.033198844641447074 -0.11685997247695921 -0.042516017332673066 0.098868623375892653 0.051643161103129394 0.07156959176063539 1.1499826312065127 -0.028509363532066342 0.079336196184158339
decision_type=2 8 10 8 8 8 10 10 8 8 8 10 8 2 10 10 10 8 8 10 8 8 8 2 10 8 8 10 10 10
left_child=1 2 3 -1 5 -5 -4 -6 9 12 -11 -12 13 14 -2 -15 17 -8 19 21 -21 -18 -10 26 -20 -26 -24 -28 29 -13
right_child=8 -3 6 4 7 -7 16 -9 22 10 11 28 -14 15 -16 -17 18 -19 24 20 -22 -23 23 -25 25 -27 27 -29 -30 -31
leaf_value=5.4295888763325726e-06 3.3563863121026315e-05 6.9591489868505425e-05 8.1676286039615559e-05 -0.00031519693094746263 -3.9049386653006065e-05 7.4198838040671325e-06 -0.00034729174493627619 0.00018332366420785605 9.3331131927936069e-05 -8.4615979440725727e-06 5.333786368027596e-05 -0.00016005410499602885 5.2879638955101332e-06 4.8190802678645655e-05 -9.9589786327817609e-05 -0.0016667780458182971 6.04239975131736e-06 0.00019830764998545058 3.128740203536703e-06 0.0014780367731573813 0.00037554866354362501 0.00022682542976205412 -7.685785421507789e-05 1.3540568876217117e-07 0.00014611746411624354 5.2991862805976319e-06 0.0001181409140342318 -0.0002616650235388942 -0.00012836066234848357 -0.00051037841475139135
leaf_weight=193897 22540 71505 40835 7642 179638 5055 3280 4748 21820 38898 6818 3898 177307 100 43538 292 18036 1057 2007483 339 798 7744 74358 1473619 26135 44952 11487 2342 38536 2993
leaf_count=193897 22540 71505 40835 7642 179638 5055 3280 4748 21820 38898 6818 3898 177307 100 43538 292 18036 1057 2007483 339 798 7744 74358 1473619 26135 44952 11487 2342 38536 2993
internal_value=2.03581e-10 4.94627e-06 3.12756e-06 -1.90877e-05 -4.32086e-05 -0.000186764 7.1662e-06 -3.33222e-05 -6.73656e-06 -3.04238e-05 -7.75059e-05 -0.00012891 -1.28206e-05 -6.1124e-05 -5.41697e-05 -0.00123028 5.72404e-06 -0.000214305 6.17737e-06 9.91287e-05 0.000705269 7.23692e-05 -1.72694e-06 -3.05506e-06 4.97363e-06 5.70721e-05 -5.63677e-05 5.38049e-05 -0.000156264 -0.000312264
internal_weight=4.53169e+06 2.61314e+06 2.54164e+06 390980 197083 12697 2.15066e+06 184386 1.91855e+06 334920 91143 52245 243777 66470 66078 392 2.10982e+06 4337 2.10549e+06 26917 1137 25780 1.58363e+06 1.56181e+06 2.07857e+06 71087 88187 13829 45427 6891
internal_count=4531690 2613144 2541639 390980 197083 12697 2150659 184386 1918546 334920 91143 52245 243777 66470 66078 392 2109824 4337 2105487 26917 1137 25780 1583626 1561806 2078570 71087 88187 13829 45427 6891
is_linear=0
shrinkage=0.05


Tree=89
num_leaves=31
num_cat=0
split_feature=4 2 16 22 22 9 5 3 11 20 10 9 22 14 20 1 9 22 7 5 19 0 2 0 9 1 4 12 4 10
split_gain=0.0592638 0.196989 0.182033 0.174645 0.15052 0.125913 0.118907 0.15204 0.115187 0.111737 0.130763 0.109272 0.109142 0.113134 0.111076 0.106611 0.117537 0.118764 0.103699 0.0999498 0.0984949 0.122393 0.119216 0.103062 0.0966983 0.0931012 0.0900514 0.0840123 0.0830273 0.0951358
threshold=1.0000000180025095e-35 -0.026217266917228695 0.019270221702754501 -0.083932377398014055 0.72706919908523571 -0.016034971922636029 -0.091317173093557344 0.052060721442103393 0.016782572492957119 -0.041854178532958024 0.099619369953870787 0.020036761648952964 0.46156169474124914 0.10969864577054979 -0.39012475311756128 -0.064651079475879655 -0.043291673064231866 0.12830352038145068 0.066309504210948958 0.068042028695344939 -0.24695894122123715 -0.09991819784045218 0.10013147443532945 -0.010752666275948284 -0.0089418622665107233 0.067901231348514571 0.43131123483181005 0.74999573826789867 0.27328872680664068 0.066957134753465666
decision_type=10 8 2 8 10 10 8 8 2 10 10 10 8 2 10 10 8 10 10 10 10 10 8 10 8 10 10 2 10 10
left_child=4 15 3 5 6 -3 7 25 12 24 19 20 -5 14 -14 -2 17 -17 -13 -11 -4 -22 23 -23 -10 -1 -12 -8 -7 -30
right_child=1 2 11 8 -6 28 27 -9 9 10 26 18 13 -15 -16 16 -18 -19 -20 -21 21 22 -24 -25 -26 -27 -28 -29 29 -31
leaf_value=4.4469843130857605e-06 9.3338193483041309e-05 -0.00016840656116347906 -2.9730030807599998e-06 1.3370260755461833e-05 -6.6690057448754236e-05 -2.050895485650815e-05 -1.7220126067554387e-05 0.00010520026317315342 -1.6219870014061311e-05 -6.9811503543318686e-06 6.5502625693604347e-05 2.5549825993838169e-05 -1.3020731411425545e-05 -0.00030111834532441361 7.4811786538264274e-05 -0.00071940437595649118 2.83971200438447e-05 2.3208625054070431e-05 0.00049606298897295531 -6.8407224936215214e-05 -0.0017336039791741446 -0.00014477127694823035 -0.00016349235606646396 -2.487363450857426e-05 0.0001006789527850402 0.00010678964613078281 -0.00013413936637788354 1.241400684705871e-05 4.0811251201279754e-05 0.00041306715378473151
leaf_weight=772645 71957 14215 57386 426444 95992 398912 1191367 41819 30628 160780 59132 29182 44098 2204 195906 1059 311076 1094 1219 112605 111 23414 32309 76422 41878 22879 6244 299236 7227 2250
leaf_count=772645 71957 14215 57386 426444 95992 398912 1191367 41819 30628 160780 59132 29182 44098 2204 195906 1059 311076 1094 1219 112605 111 23414 32309 76422 41878 22879 6244 299236 7227 2250
internal_value=1.88172e-10 6.13195e-06 -1.09623e-06 5.12392e-06 -5.33173e-06 -2.2126e-05 -2.80161e-06 1.22754e-05 1.57876e-05 -5.03394e-06 -1.70912e-05 -4.35692e-05 2.85943e-05 5.53984e-05 5.86736e-05 3.84566e-05 2.58485e-05 -0.000342226 4.44319e-05 -3.22822e-05 -5.76765e-05 -8.14122e-05 -8.00113e-05 -5.29938e-05 5.1299e-05 7.39046e-06 4.64332e-05 -1.12711e-05 -1.70339e-05 0.000129225
internal_weight=4.53169e+06 2.10775e+06 1.72257e+06 1.50252e+06 2.42394e+06 422604 2.32795e+06 837343 1.07992e+06 411267 338761 220043 668652 242208 240004 385186 313229 2153 30401 273385 189642 132256 132145 99836 72506 795524 65376 1.4906e+06 408389 9477
internal_count=4531690 2107752 1722566 1502523 2423938 422604 2327946 837343 1079919 411267 338761 220043 668652 242208 240004 385186 313229 2153 30401 273385 189642 132256 132145 99836 72506 795524 65376 1490603 408389 9477
is_linear=0
shrinkage=0.05


Tree=90
num_leaves=31
num_cat=0
split_feature=17 1 5 1 9 2 0 11 9 0 3 0 4 9 1 22 19 19 3 15 6 7 1 7 9 5 3 12 11 2
split_gain=0.0606053 0.180386 0.116405 0.160777 0.109771 0.116217 0.0880033 0.086865 0.0859709 0.0832252 0.0811814 0.0798528 0.078906 0.139098 0.183814 0.2105 0.118714 0.0961382 0.107173 0.134446 0.141957 0.116377 0.138157 0.114232 0.0969279 0.115046 0.152234 0.14586 0.107989 0.0957611
threshold=16.599454879760746 -0.089357152581214891 -0.089856199920177446 -0.044710880145430558 -0.0092986519448459131 -0.13176196068525312 0.010309300385415556 -0.0097983516752719862 0.0083565623499453085 -0.024576700292527672 -0.14459017664194104 -0.03088445961475372 -0.0085646840743720514 -0.010446953587234018 -0.011059194337576626 -0.053939050063490861 0.57289394736289989 -0.27679407596588129 -0.091701794415712343 0.004828166216611863 0.028993853367865089 0.034051440656185157 -0.033627999946475022 0.019171531312167648 -1.0000000180025095e-35 -0.0085953078232705576 -0.053009269759058945 0.11110404506325723 -0.017813199199736115 -0.040499785915017121
decision_type=2 8 8 10 10 10 8 2 10 8 8 10 10 8 10 8 10 8 10 2 8 10 10 8 10 10 10 2 2 8
left_child=1 9 3 7 10 8 11 -3 -6 -1 -5 -4 16 14 15 -14 17 -2 19 -19 -21 22 23 24 25 -20 27 -27 -29 -15
right_child=12 2 6 4 5 -7 -8 -9 -10 -11 -12 -13 13 29 -16 -17 -18 18 21 20 -22 -23 -24 -25 -26 26 -28 28 -30 -31
leaf_value=-9.0653404904434242e-05 -2.6077609711429166e-05 2.8357386345787152e-05 0.00013290094463899333 0.0005462015564348954 -9.4459587182929176e-05 6.9527126457197456e-05 5.7785694072766556e-05 -0.00020921530449985991 -0.001126337760296984 -0.00039552721363809719 0.00017240245098319403 -5.3339747794850367e-06 -6.7918713403467766e-05 4.1035311390751457e-05 -5.9187867996032364e-05 7.6336819318892471e-05 -5.2569574667352303e-05 -2.1668187685087191e-05 -0.00015540519396948973 1.0364971568144009e-05 9.7168978014890389e-05 3.1755379778945566e-05 -5.1250643136191352e-06 -3.2202774564856171e-05 -5.7218146467191396e-05 -0.00023337458411642082 -0.00024304691823336333 -0.0017600677947854739 -0.00037321863864207513 5.2848753630880327e-06
leaf_weight=6313 443190 7635 10714 1721 485 100525 72221 7755 345 3468 9296 417804 39998 212731 178352 68762 149744 90834 14765 97319 91273 161659 652105 101687 19883 447 2366 520 193 1567580
leaf_count=6313 443190 7635 10714 1721 485 100525 72221 7755 345 3468 9296 417804 39998 212731 178352 68762 149744 90834 14765 97319 91273 161659 652105 101687 19883 447 2366 520 193 1567580
internal_value=1.56683e-10 1.4281e-05 1.75971e-05 6.01967e-05 8.0954e-05 6.46598e-05 6.72778e-06 -9.1361e-05 -0.000524212 -0.00019878 0.000230839 -1.87746e-06 -2.34103e-06 4.34847e-06 -2.79467e-05 2.32847e-05 -9.91504e-06 -6.10455e-06 1.0743e-06 2.83061e-05 5.23759e-05 -6.90504e-06 -1.47966e-05 -5.98899e-05 -0.000133639 -0.000216704 -0.000473276 -0.000942249 -0.00138571 9.55675e-06
internal_weight=4.53169e+06 638282 628501 127762 112372 101355 500739 15390 830 9781 11017 428518 3.89341e+06 2.06742e+06 287112 108760 1.82598e+06 1.67624e+06 1.23305e+06 279426 188592 953625 791966 139861 38174 18291 3526 1160 713 1.78031e+06
internal_count=4531690 638282 628501 127762 112372 101355 500739 15390 830 9781 11017 428518 3893408 2067423 287112 108760 1825985 1676241 1233051 279426 188592 953625 791966 139861 38174 18291 3526 1160 713 1780311
is_linear=0
shrinkage=0.05


Tree=91
num_leaves=31
num_cat=0
split_feature=18 7 1 2 0 11 22 16 15 19 21 10 9 15 9 17 1 10 7 1 4 9 21 3 0 20 9 22 11 20
split_gain=0.0578593 0.092461 0.0739527 0.169215 0.0863004 0.0836585 0.0803084 0.0757455 0.0730104 0.088753 0.0715012 0.0716746 0.0705421 0.0668887 0.179863 0.0749711 0.0941214 0.105306 0.199541 0.153719 0.109289 0.126598 0.105545 0.0814674 0.0716588 0.0690835 0.108165 0.121116 0.186723 0.0717009
threshold=17.92543983459473 0.040533130988478668 0.067901231348514571 0.069852933287620558 0.10043858364224435 0.016782572492957119 0.35154403746128088 0.019270221702754501 0.00082472193753346812 0.3784159123897553 0.85781168937683117 0.047249482944607742 0.052961762994527824 0.031075609847903255 -0.030782836489379403 17.834502220153812 -0.16245489567518231 0.042146714404225356 0.017236231826245788 -0.082776699215173707 -0.15346424281597135 -0.0067873599473386994 0.33321909606456762 0.096592638641595854 -0.038498314097523682 1.6570470929145815 -0.050516609102487557 -0.083932377398014055 0.016455659642815593 -0.77526551485061634
decision_type=2 10 10 8 8 2 10 2 2 8 8 8 10 2 10 2 8 10 8 10 8 10 8 10 10 8 10 8 2 10
left_child=2 -2 10 6 5 -5 -4 -7 -6 -10 13 -12 -3 15 -15 16 -1 19 -19 20 21 -18 24 -21 -20 26 27 28 -17 -29
right_child=1 12 3 4 8 7 -8 -9 9 -11 11 -13 -14 14 -16 25 17 18 22 23 -22 -23 -24 -25 -26 -27 -28 29 -30 -31
leaf_value=-0.0002873232792873564 -1.0247231428178728e-06 -7.9615949727930566e-05 0.00013704843641501496 3.6599431209600863e-05 0.00024439108777267471 -1.3854811866390467e-05 3.9043177240552074e-05 -0.00012050461839537452 -0.0008019392249998266 4.6573088955352012e-05 2.8653725174230616e-05 -6.6314702999332686e-05 0.00015387957748137161 0.0002260692580075796 1.7775567635750773e-05 -7.3247956067645027e-05 -0.00088816088992270555 -7.5592088170204323e-05 0.00012148932699850475 1.1527732092209114e-06 -7.1181675817264071e-05 -0.00023027374589187381 -1.2242219299799673e-05 7.1623320451403831e-05 4.9961995449848275e-05 0.00054330636122954716 -7.4151261588763121e-06 -0.00091918905040798697 -0.00097233312109525939 -2.1264205216031331e-05
leaf_weight=2729 139928 73352 39790 71963 6333 100302 44037 19961 357 2214 26867 76256 3383 11268 129060 1221 949 36647 44557 1624444 9039 3181 55650 42073 163528 567 1795854 232 1095 4853
leaf_count=2729 139928 73352 39790 71963 6333 100302 44037 19961 357 2214 26867 76256 3383 11268 129060 1221 949 36647 44557 1624444 9039 3181 55650 42073 163528 567 1795854 232 1095 4853
internal_value=1.07653e-10 -2.52129e-05 1.26609e-06 2.58823e-05 1.00774e-06 -6.04156e-06 8.55642e-05 -3.15572e-05 0.000153177 -7.15143e-05 -4.7447e-07 -4.15722e-05 -6.932e-05 6.04781e-07 3.45025e-05 -6.51442e-07 6.05896e-06 6.46346e-06 3.37302e-05 1.58728e-06 -0.000168562 -0.000381623 4.89211e-05 2.93192e-06 6.52786e-05 -8.02765e-06 -8.20131e-06 -0.000198943 -0.00049857 -6.24041e-05
internal_weight=4.53169e+06 216663 4.31503e+06 284957 201130 192226 83827 120263 8904 2571 4.03007e+06 103123 76735 3.92695e+06 140328 3.78662e+06 1.9828e+06 1.98007e+06 300382 1.67969e+06 13169 4130 263735 1.66652e+06 208085 1.80382e+06 1.80326e+06 7401 2316 5085
internal_count=4531690 216663 4315027 284957 201130 192226 83827 120263 8904 2571 4030070 103123 76735 3926947 140328 3786619 1982797 1980068 300382 1679686 13169 4130 263735 1666517 208085 1803822 1803255 7401 2316 5085
is_linear=0
shrinkage=0.05


Tree=92
num_leaves=31
num_cat=0
split_feature=26 22 6 1 9 14 22 24 2 7 11 4 7 1 14 12 17 16 7 11 3 0 21 9 22 5 1 20 1 3
split_gain=0.0576968 0.0657179 0.108215 0.119171 0.0901303 0.104765 0.0775701 0.0774945 0.0719558 0.0732162 0.0673576 0.105942 0.160806 0.0665726 0.0660468 0.108939 0.0791122 0.0659428 0.0789546 0.0910287 0.0779199 0.104469 0.0997387 0.089141 0.124905 0.078088 0.0687133 0.0699024 0.0677055 0.0663341
threshold=16.500000000000004 1.2846517562866213 0.054760754108428962 0.10211143642663957 -0.070489887148141847 0.0087416963651776331 0.80103725194931041 1.0000000180025095e-35 -0.054050108417868607 0.042603043839335449 -2.2922874709507821e-10 -0.06653460860252379 0.055321441963315017 -0.076923113316297517 0.10969864577054979 0.99999997019767772 20.381655693054203 0.0042689682450145492 0.043375011533498771 0.02617804799228907 0.0532655417919159 -0.0018827053718268869 -0.083965219557285295 -0.070489887148141847 -0.31398035585880274 -0.050513455644249909 -0.064651079475879655 -0.053113853558897965 -0.11685997247695921 -0.22374769300222394
decision_type=2 8 10 10 8 2 10 2 10 10 2 10 10 8 2 2 2 2 8 2 8 10 10 10 10 10 10 10 10 8
left_child=-1 2 17 6 5 -3 7 8 9 -4 -9 -12 -13 -7 -6 -16 -17 20 29 -20 23 22 -22 24 -2 -24 27 -21 -26 -19
right_child=1 4 3 -5 14 13 -8 10 -10 -11 11 12 -14 -15 15 16 -18 18 19 26 21 -23 25 -25 28 -27 -28 -29 -30 -31
leaf_value=0.00016739154821366644 -6.6273311871851715e-05 -0.00059620385392274969 0.00020098312150993607 0.00013487995003237291 -1.8600928892099349e-05 -0.00038025244990536207 -5.2048122948229729e-05 -0.00018308776594507575 2.1361609074737112e-05 5.4367462993532601e-05 -0.00061396911575537817 0.0018356385940702415 -0.00059001949083592215 0.00016318199436553353 -0.00036561822392818823 0.00025488504901262317 -0.00037057363229312792 0.00013617562774868774 -1.8553898076527763e-05 -0.00017484567152491746 4.0052784657356798e-05 1.344136283992147e-05 0.00045711639448431195 2.1760520960144187e-06 0.00050052818610463927 0.00014140465694176664 -8.9285775040706076e-05 -0.00088271248045202811 6.209025353679602e-05 -3.1267067683209269e-06
leaf_weight=5141 2956 1492 12939 27370 181480 954 28979 5617 83333 24904 154 196 104 1374 3519 1708 717 8574 170715 955 38600 151320 2147 1188284 2766 22247 38703 549 1292 2522601
leaf_count=5141 2956 1492 12939 27370 181480 954 28979 5617 83333 24904 154 196 104 1374 3519 1708 717 8574 170715 955 38600 151320 2147 1188284 2766 22247 38703 549 1292 2522601
internal_value=6.99523e-11 -1.90081e-07 1.07528e-06 3.86404e-05 -2.88743e-05 -0.000269275 2.17789e-05 3.85924e-05 4.73266e-05 0.000104501 -0.000135719 0.000449458 0.000995577 -5.95817e-05 -2.39731e-05 -0.000187965 6.98791e-05 -5.85927e-07 -5.10395e-06 -3.44951e-05 8.20292e-06 3.59653e-05 9.00696e-05 3.22517e-06 0.000180937 0.000169209 -0.000102178 -0.000433651 0.000360986 -2.65479e-06
internal_weight=4.53169e+06 4.52655e+06 4.3353e+06 183596 191244 3820 156226 127247 121176 37843 6071 454 300 2328 187424 5944 2425 4.15171e+06 2.7421e+06 210922 1.40961e+06 214314 62994 1.1953e+06 7014 24394 40207 1504 4058 2.53118e+06
internal_count=4531690 4526549 4335305 183596 191244 3820 156226 127247 121176 37843 6071 454 300 2328 187424 5944 2425 4151709 2742097 210922 1409612 214314 62994 1195298 7014 24394 40207 1504 4058 2531175
is_linear=0
shrinkage=0.05


Tree=93
num_leaves=31
num_cat=0
split_feature=17 1 10 7 1 0 3 4 16 2 9 22 9 2 1 9 22 9 1 22 4 0 6 3 1 0 19 2 6 3
split_gain=0.0542597 0.132653 0.105537 0.103956 0.087324 0.0858502 0.0771839 0.0755195 0.128289 0.121668 0.116297 0.108364 0.109792 0.0954435 0.0926372 0.0941326 0.129693 0.147725 0.118923 0.0938485 0.0874319 0.0856129 0.100048 0.0857932 0.0855933 0.147436 0.126168 0.112456 0.0936937 0.0932625
threshold=16.731014251708988 -0.093311030417680726 0.022048844955861572 0.015615943353623154 -0.031791072338819497 0.099275790154933943 -0.047429924830794327 -0.0085646840743720514 0.016326542943716053 -0.0052453025709837666 0.0054844846017658719 0.72706919908523571 -0.023693971335887905 -0.20076528936624524 -0.06640052422881125 -0.016569321975111958 0.12830352038145068 -0.050516609102487557 -0.0041819103062152854 0.96555867791175853 -0.27988977730274195 -0.092667624354362474 0.05385918356478215 0.066928848624229445 -0.018204640597105023 -0.034738156944513314 0.73398348689079296 -0.046651778742671006 0.060620905831456191 -0.11193598434329032
decision_type=2 8 8 8 8 8 8 10 2 10 10 10 8 10 8 10 8 10 8 10 8 8 8 8 10 10 10 8 10 8
left_child=1 -1 4 -4 -3 -5 -6 11 14 -10 -11 12 24 20 19 16 17 -16 -18 -9 -14 -15 23 -23 25 28 27 -27 -2 -26
right_child=7 2 3 5 6 -7 -8 8 9 10 -12 -13 13 21 15 -17 18 -19 -20 -21 -22 22 -24 -25 29 26 -28 -29 -30 -31
leaf_value=-0.00016297539371974332 0.0001392350630388858 -9.6054052144236112e-05 -1.3377674807208646e-05 4.568433822003304e-05 5.6804987066160029e-05 0.00046893806242706294 -8.5279662653007503e-06 8.6553915944809863e-05 1.9728409375717178e-05 -6.3876106565345384e-05 5.7883742477830081e-06 -6.6980071271377647e-05 0.00046097156240202698 -0.00021950495320215016 -0.00074761879397303979 1.0804881637674602e-05 0.00011350427536126629 -0.00011301086715690853 -4.4293276754964843e-05 -0.00011431216859364072 6.6208228329270896e-05 -1.4442242488915491e-05 6.3277870460004665e-05 4.1866578133099088e-05 0.00040478091387738201 -0.00025825511132037055 0.00039807082027724927 5.6793813753731178e-05 -0.00019078090654879798 9.9499880950433645e-05
leaf_weight=10654 19997 24401 92434 292660 53786 1202 283381 61357 122293 178100 90273 79791 1925 4879 951 1475868 16151 24998 45787 6423 5163 1492604 45556 70856 3253 8256 1144 4311 2409 10827
leaf_count=10654 19997 24401 92434 292660 53786 1202 283381 61357 122293 178100 90273 79791 1925 4879 951 1475868 16151 24998 45787 6423 5163 1492604 45556 70856 3253 8256 1144 4311 2409 10827
internal_value=6.40513e-11 1.22026e-05 1.46983e-05 3.287e-05 -4.71615e-06 4.74172e-05 1.8943e-06 -2.453e-06 4.12924e-06 -2.16071e-05 -4.0443e-05 -1.00548e-05 -7.33689e-06 -9.59215e-06 1.02917e-05 7.81127e-06 -4.24594e-05 -0.000136296 -3.1447e-06 6.75179e-05 0.00017347 -1.03962e-05 -9.76203e-06 -1.18903e-05 6.54898e-05 2.47221e-05 -0.000104414 -0.000150184 0.000103746 0.000170055
internal_weight=4.53169e+06 758518 747864 386296 361568 293862 337167 3.77317e+06 2.0222e+06 390666 268373 1.75097e+06 1.67118e+06 1.62098e+06 1.63154e+06 1.56376e+06 87887 25949 61938 67780 7088 1.6139e+06 1.60902e+06 1.56346e+06 50197 36117 13711 12567 22406 14080
internal_count=4531690 758518 747864 386296 361568 293862 337167 3773172 2022201 390666 268373 1750971 1671180 1620983 1631535 1563755 87887 25949 61938 67780 7088 1613895 1609016 1563460 50197 36117 13711 12567 22406 14080
is_linear=0
shrinkage=0.05


Tree=94
num_leaves=31
num_cat=0
split_feature=16 1 2 1 3 11 2 11 12 2 1 7 0 5 22 1 7 3 9 9 3 4 9 9 15 19 22 11 9 2
split_gain=0.0524571 0.104074 0.0876958 0.125047 0.0911366 0.0866875 0.0848034 0.0927859 0.0812187 0.0797323 0.0790815 0.119303 0.128728 0.151343 0.177261 0.196752 0.205263 0.124736 0.100326 0.0816295 0.115736 0.0966195 0.119864 0.0781629 0.161335 0.0874412 0.0850215 0.0772807 0.161492 0.137166
threshold=0.0066225703340023765 0.02941177133470774 0.01582772005349398 0.02481471095234156 -0.0047064076643437138 0.015452540945261719 -0.011526556219905613 -0.002462294301949441 0.047057688236236579 -0.0016359905712306497 -0.010344872251152991 0.020095233805477623 -0.026645354926586148 -0.025201572105288502 0.35154403746128088 -0.042194105684757226 0.015490043442696335 -0.061187746003270142 -0.0020871362648904319 0.0047961699310690173 -0.14459017664194104 -0.097515538334846483 -0.0071679067332297555 -0.033734612166881554 0.032723484560847289 -0.19970482587814328 0.27005322277545935 0.0014512362540699544 0.013565443456172945 -0.1197223626077175
decision_type=2 10 10 8 10 2 8 2 2 8 8 8 10 10 10 10 10 10 10 8 8 10 10 10 2 8 8 2 10 8
left_child=1 -1 3 4 10 -3 7 -6 -4 -7 11 12 13 -2 15 16 17 -15 -18 21 -21 22 -12 24 25 -9 -27 -13 29 -29
right_child=2 5 8 -5 6 9 -8 23 -10 -11 19 27 -14 14 -16 -17 18 -19 -20 20 -22 -23 -24 -25 -26 26 -28 28 -30 -31
leaf_value=3.7405021585456453e-07 -6.896194016418021e-05 5.8871616396036656e-05 -0.0012391982829499761 4.9796523826418801e-05 6.7951791979137518e-05 0.00010612144715474735 -5.7622695001037952e-06 9.5510044594993834e-06 -1.7225284772979132e-05 2.7059626407921478e-06 0.00021916867296803129 4.5615154406111203e-06 -4.2650013293343971e-05 -0.0027034501947964082 -8.647573021329436e-05 -0.00017937795484879038 -0.00095170933373087347 -0.0010601710065986543 -0.00023447781706110635 -0.00028789704465223272 -2.0887042614790384e-05 4.8265699699624703e-06 4.2875342990064416e-05 1.011179066112521e-05 0.00051600077581107279 -0.00097213668848367618 -0.00011118669127698084 -0.00018823260556083713 0.0001771156087751067 -3.4373168630108986e-05
leaf_weight=1809546 12112 148148 135 127304 119407 20230 221747 624 904932 236727 12444 308045 122016 210 3499 1874 1109 260 871 4397 52559 144254 42809 101351 512 929 415 16716 7976 108532
leaf_count=1809546 12112 148148 135 127304 119407 20230 221747 624 904932 236727 12444 308045 122016 210 3499 1874 1109 260 871 4397 52559 144254 42809 101351 512 929 415 16716 7976 108532
internal_value=6.55468e-11 5.50251e-06 -5.25923e-06 2.52866e-06 -2.15537e-06 2.84106e-05 1.61385e-05 3.78929e-05 -1.74089e-05 1.08482e-05 -1.18501e-05 -2.20254e-05 -6.18967e-05 -0.000179691 -0.000351098 -0.000565163 -0.000860055 -0.00179858 -0.000636478 1.12893e-05 -4.15049e-05 2.63614e-05 8.25831e-05 3.32448e-06 -0.000273947 -0.00047962 -0.000706573 -9.19913e-06 -4.10167e-05 -5.49091e-05
internal_weight=4.53169e+06 2.21465e+06 2.31704e+06 1.41197e+06 1.28467e+06 405105 444985 223238 905067 256957 839683 583220 141951 19935 7823 4324 2450 470 1980 256463 56956 199507 55253 103831 2480 1968 1344 441269 133224 125248
internal_count=4531690 2214651 2317039 1411972 1284668 405105 444985 223238 905067 256957 839683 583220 141951 19935 7823 4324 2450 470 1980 256463 56956 199507 55253 103831 2480 1968 1344 441269 133224 125248
is_linear=0
shrinkage=0.05


Tree=95
num_leaves=31
num_cat=0
split_feature=26 7 9 18 7 6 22 0 5 5 2 2 1 12 21 11 9 1 6 21 9 1 20 1 17 21 0 1 3 4
split_gain=0.0518423 0.0639866 0.127392 0.114819 0.0890188 0.0764132 0.122582 0.0734186 0.215132 0.131872 0.107993 0.0867615 0.128532 0.0884515 0.0865316 0.0790817 0.0744949 0.0826325 0.0689257 0.0644612 0.0630061 0.0607993 0.0601948 0.0648426 0.0703239 0.0576635 0.0924543 0.0905517 0.10949 0.0964423
threshold=16.500000000000004 0.050060141831636436 0.052961762994527824 18.551877975463871 0.066309504210948958 0.048780431970953948 0.80103725194931041 0.017806361429393295 -0.16764830052852628 -0.1605580076575279 -0.03488368168473243 -0.055084710940718644 -0.061585966497659676 0.56914871931076061 0.41843496263027197 -0.011805990710854529 -0.0060848039574921122 -0.041375620290637009 0.040987810119986541 -0.5645327866077422 0.0066815293394029149 -0.12620857357978818 1.2247066497802737 0.130274772644043 17.589130401611332 -0.45736086368560785 -0.0016834866837598381 -0.0041819103062152854 -0.093439836055040346 -0.019884697161614891
decision_type=2 8 10 2 10 8 10 10 10 10 10 10 10 2 10 2 10 10 8 10 10 10 10 10 2 8 10 10 10 10
left_child=-1 5 3 -3 18 25 7 9 16 11 14 12 15 19 -10 21 17 -9 -4 -14 -21 -7 23 -8 -25 26 -2 28 29 -28
right_child=1 2 4 -5 -6 6 22 8 10 -11 -12 -13 13 -15 -16 -17 -18 -19 -20 20 -22 -23 -24 24 -26 -27 27 -29 -30 -31
leaf_value=0.00015867166758595569 4.225539579069694e-06 -2.1692569745198731e-05 0.00045253429389898695 -0.00016336464416068377 0.0006367835206888444 2.0780571968080714e-05 -3.1101758658334342e-05 -0.00060985338293501339 0.00023029720420131034 9.7667404749684586e-06 0.00010410649823972348 -1.9632844402208248e-05 9.9711628135715569e-05 0.00012740162892363273 0.00064899445203426631 -0.00014465686325366785 -2.1038340312871461e-05 -4.1801004644147407e-05 1.6588443955880502e-05 0.00085147613304661571 0.00027764097801380672 0.00055308177880980839 -0.0001492434670530937 0.00088819903248804621 6.5817575947270978e-05 1.8209836836262343e-06 -0.00020357700954132078 6.7912677861404367e-06 -4.3042016256326369e-05 9.2365187064305846e-05
leaf_weight=5141 265295 224657 1177 15273 981 1079 62353 1256 10221 102247 33647 3750 525 1419 1403 2128 10957 1305 3937 1917 639 1066 8249 263 16999 3510412 19347 76055 144783 3209
leaf_count=5141 265295 224657 1177 15273 981 1079 62353 1256 10221 102247 33647 3750 525 1419 1403 2128 10957 1305 3937 1917 639 1066 8249 263 16999 3510412 19347 76055 144783 3209
internal_value=-1.42789e-11 -1.8026e-07 -2.49767e-05 -3.07115e-05 0.000200743 1.24493e-06 2.74387e-05 5.17995e-05 9.72367e-05 2.85244e-05 0.000149502 0.000181663 0.000267699 0.000454161 0.000280885 7.12697e-05 -7.77954e-05 -0.000320522 0.000116991 0.000604565 0.000708182 0.000285453 -2.06817e-05 -7.35952e-06 7.83979e-05 -4.58851e-07 -1.61917e-05 -3.84461e-05 -5.90063e-05 -0.000161472
internal_weight=4.53169e+06 4.52655e+06 246025 239930 6095 4.28052e+06 261423 173559 58789 114770 45271 12523 8773 4500 11624 4273 13518 2561 5114 3081 2556 2145 87864 79615 17262 4.0191e+06 508689 243394 167339 22556
internal_count=4531690 4526549 246025 239930 6095 4280524 261423 173559 58789 114770 45271 12523 8773 4500 11624 4273 13518 2561 5114 3081 2556 2145 87864 79615 17262 4019101 508689 243394 167339 22556
is_linear=0
shrinkage=0.05


Tree=96
num_leaves=31
num_cat=0
split_feature=17 1 5 1 9 2 9 11 0 0 18 3 21 14 4 2 16 22 12 9 9 19 1 19 23 14 22 19 10 19
split_gain=0.0508107 0.15342 0.0996926 0.136964 0.0949716 0.0985699 0.0804874 0.0794965 0.0742483 0.0719705 0.0708862 0.0678039 0.06848 0.0660514 0.0652627 0.12605 0.147181 0.142613 0.122862 0.12986 0.121078 0.119319 0.110899 0.107905 0.102689 0.101416 0.115508 0.104959 0.0997294 0.102032
threshold=16.558480262756351 -0.089357152581214891 -0.089856199920177446 -0.044710880145430558 -0.0092986519448459131 -0.13176196068525312 0.0083565623499453085 -0.014598526526242493 0.099275790154933943 -0.024576700292527672 13.268697738647463 -0.14459017664194104 0.020891034044325355 0.0095419762656092661 -0.0035971236648038025 -0.028611317276954647 0.02344633731991053 -0.083932377398014055 0.4545466154813767 -0.0089418622665107233 -0.01433086348697543 -0.37793862819671625 -0.10301557183265685 0.57289394736289989 1.0000000180025095e-35 0.10969864577054979 0.46156169474124914 1.1499826312065127 0.10020921006798746 -0.004051423864439129
decision_type=2 8 8 10 10 10 10 2 10 8 2 8 10 2 10 8 2 8 2 8 10 10 8 10 2 2 10 8 8 10
left_child=1 9 3 7 11 6 -6 -3 13 10 -1 12 -5 -4 23 22 17 20 21 -20 -17 -19 -16 -2 -18 26 -23 -28 29 -21
right_child=14 2 8 4 5 -7 -8 -9 -10 -11 -12 -13 -14 -15 15 16 24 18 19 28 -22 25 -24 -25 -26 -27 27 -29 -30 -31
leaf_value=-0.00035309716162126842 -5.1207173558480421e-06 5.562081598955285e-05 -1.0604871927544714e-05 0.00034581559040898599 -5.9018314945201913e-05 6.5980205739400751e-05 -0.0010800695190200632 -0.00018455671509144678 0.00055806583740973265 -0.00037801642322751088 2.4892879067125954e-05 0.00016572219204122996 0.0011341742159630219 2.7139194505099576e-05 0.00013981826618369411 -0.00015306057682878312 -6.2609690699799258e-05 -1.7892707453156008e-05 -5.2105986112346717e-05 3.5043696394537227e-05 -1.705021811116265e-05 2.2466103141526269e-05 2.4114818494646375e-05 -4.8306181594322893e-05 0.00010796551784720021 -0.00027996114799131469 8.957561839279309e-05 -9.8465536084857292e-05 8.3246650881729626e-05 -1.2565009837585339e-05
leaf_weight=1753 1762844 5769 269524 1262 452 94724 336 8551 608 3251 4235 8760 352 203372 22092 17106 128853 93881 106669 163043 376241 198950 330787 157575 9471 2377 146846 7815 40887 363304
leaf_count=1753 1762844 5769 269524 1262 452 94724 336 8551 608 3251 4235 8760 352 203372 22092 17106 128853 93881 106669 163043 376241 198950 330787 157575 9471 2377 146846 7815 40887 363304
internal_value=2.83693e-11 1.35146e-05 1.6661e-05 5.73251e-05 7.69526e-05 6.13451e-05 -0.000495208 -8.78009e-05 6.33776e-06 -0.000188658 -8.5805e-05 0.000220629 0.000518346 5.62723e-06 -2.07408e-06 4.22761e-06 -1.55577e-06 2.94596e-06 1.20156e-05 -1.49223e-06 -2.29655e-05 3.22502e-05 3.13588e-05 -8.66421e-06 -5.09298e-05 4.54739e-05 4.76623e-05 8.00733e-05 8.02581e-06 2.18246e-06
internal_weight=4.53169e+06 602949 593710 120206 105886 95512 788 14320 473504 9239 5988 10374 1614 472896 3.92874e+06 2.00832e+06 1.65544e+06 1.51712e+06 1.12377e+06 673903 393347 449869 352879 1.92042e+06 138324 355988 353611 154661 567234 526347
internal_count=4531690 602949 593710 120206 105886 95512 788 14320 473504 9239 5988 10374 1614 472896 3928741 2008322 1655443 1517119 1123772 673903 393347 449869 352879 1920419 138324 355988 353611 154661 567234 526347
is_linear=0
shrinkage=0.05


Tree=97
num_leaves=31
num_cat=0
split_feature=17 1 7 22 22 12 9 6 1 1 19 16 8 9 0 21 3 8 1 3 11 8 15 0 8 17 7 9 11 21
split_gain=0.049932 0.114975 0.0994626 0.0971719 0.072212 0.111303 0.11245 0.103343 0.101299 0.097219 0.0962277 0.0904816 0.0847343 0.0741195 0.0978181 0.0704419 0.0736477 0.0970407 0.0911719 0.069431 0.110087 0.082945 0.0686256 0.0684209 0.0687638 0.121132 0.147188 0.0681563 0.117407 0.199308
threshold=18.889607429504398 0.066110543906688704 0.038543045520782478 0.26258590817451483 0.96555867791175853 0.5263139307498933 0.088488519191741957 0.055688779801130302 -0.082776699215173707 0.10211143642663957 1.2538242936134341 0.017128307372331623 0.0152339362539351 -0.050516609102487557 -0.021097043529152867 -0.70340415835380543 -0.22374769300222394 0.05872373282909394 -0.16245489567518231 -0.10296888276934622 -0.045982947573065751 0.052313175052404411 0.0051815828774124393 0.099275790154933943 0.024110474623739723 16.400952339172367 0.045625362545251853 -0.020582988858222958 -0.013436538632959126 0.17006811499595645
decision_type=2 10 8 10 10 2 10 8 8 10 10 2 2 10 10 10 8 2 8 10 2 2 2 10 2 2 10 10 2 10
left_child=1 15 19 -3 7 10 -7 8 -4 -9 -6 12 -8 14 -10 -1 17 -17 22 21 -21 -2 -18 -5 25 -25 -27 28 29 -20
right_child=2 3 4 23 5 6 11 9 13 -11 -12 -13 -14 -15 -16 16 18 -19 27 20 -22 -23 -24 24 -26 26 -28 -29 -30 -31
leaf_value=-3.3283467267483102e-05 6.8692212450577745e-06 0.0001110052221063507 5.7962865289285222e-05 2.4762963728291727e-06 1.3832818830840325e-05 -0.00015544460240441229 0.00031987514915451611 4.5566730947968462e-06 -4.9165393369321465e-05 0.00014951924330149329 -0.00030988869005137208 0.00010363977796599091 0.0021553671887345814 -4.5097631381393638e-05 -0.0010075979808474402 8.6708827068787484e-06 -0.00053860526412716106 0.0002355238874977481 0.00029885280602026752 -0.00010886488230120991 8.826872729578035e-07 0.00013297731423250517 -9.7273401737322217e-05 0.00093250009582522488 0.00017612275657620763 -0.00050103976484861435 0.00066230188062633456 1.2693533277389139e-06 1.2738981110000826e-05 -1.1527645136211559e-05
leaf_weight=141330 33730 42390 25630 80162 31507 34949 146 70964 623 13817 2475 1613 110 214197 464 11799 1266 7850 10808 23601 717253 21255 2892 231 10891 1444 334 2956520 61521 9918
leaf_count=141330 33730 42390 25630 80162 31507 34949 146 70964 623 13817 2475 1613 110 214197 464 11799 1266 7850 10808 23601 717253 21255 2892 231 10891 1444 334 2956520 61521 9918
internal_value=2.76845e-11 3.13618e-06 -8.78335e-06 4.82578e-05 -2.92428e-05 -7.50086e-05 -0.000135236 -1.9294e-05 -3.60019e-05 2.81831e-05 -9.75311e-06 0.000242536 0.00111388 -4.71888e-05 -0.000458835 1.22855e-06 2.8212e-06 9.93086e-05 2.19812e-06 1.40977e-06 -2.61363e-06 5.56191e-05 -0.000231744 1.96753e-05 0.000126544 -0.000142185 -0.000282255 2.51831e-06 4.74137e-05 0.000150333
internal_weight=4.53169e+06 3.33936e+06 1.19233e+06 135452 396495 70800 36818 325695 240914 84781 33982 1869 256 215284 1087 3.2039e+06 3.06257e+06 19649 3.04292e+06 795839 740854 54985 4158 93062 12900 2009 1778 3.03877e+06 82247 20726
internal_count=4531690 3339356 1192334 135452 396495 70800 36818 325695 240914 84781 33982 1869 256 215284 1087 3203904 3062574 19649 3042925 795839 740854 54985 4158 93062 12900 2009 1778 3038767 82247 20726
is_linear=0
shrinkage=0.05


Tree=98
num_leaves=31
num_cat=0
split_feature=21 20 0 1 2 11 16 22 17 1 0 6 15 19 6 21 3 0 20 9 1 4 4 1 19 23 21 17 0 1
split_gain=0.0476418 0.0877834 0.0767965 0.0723712 0.149663 0.103358 0.110668 0.0759088 0.0634271 0.070019 0.0600825 0.0572663 0.0556683 0.0579544 0.0537873 0.0533906 0.092752 0.0705267 0.154023 0.106343 0.0813733 0.0876483 0.0784913 0.109385 0.0695878 0.0655544 0.0614891 0.0750211 0.100449 0.104261
threshold=1.5807778239250185 0.24117291718721393 0.036269465461373336 0.067901231348514571 0.081354402005672469 0.013647611718624832 0.018480475060641769 0.27767921984195715 19.345208168029789 0.22731164842844012 0.10043858364224435 0.0089410794898867624 0.00060296832816675316 0.3784159123897553 0.067120403051376357 0.58920878171920787 0.0041666792239993819 0.030150788836181167 -0.18962255120277402 0.015822964720427993 -0.076923113316297517 -0.18800001591444013 -0.07662381604313849 -0.14034512639045713 1.7062138915061953 1.0000000180025095e-35 -0.77262988686561573 16.599454879760746 -0.03088445961475372 -0.089357152581214891
decision_type=10 10 10 10 8 2 2 10 2 10 8 10 2 8 10 8 10 10 10 10 10 10 10 10 10 2 10 2 10 10
left_child=3 -2 -3 15 7 -6 10 -5 9 -8 -7 -4 -12 -14 -9 17 24 25 22 20 21 -20 -19 -24 -17 26 -1 28 -28 -30
right_child=1 2 11 4 5 6 8 14 -10 -11 12 -13 13 -15 -16 16 -18 18 19 -21 -22 -23 23 -25 -26 -27 27 -29 29 -31
leaf_value=-3.980946093670719e-05 0.00010432961998194321 -0.00019538557537091924 0.00050936380345420625 0.00012081017703463042 4.8668148644368409e-05 -1.3570164087418549e-05 -4.227101206172475e-05 2.4583165799876254e-05 -0.00016853418844232581 0.00056819654066754142 0.00024194806230981225 -4.5053431739613418e-05 -0.00070010381310073549 4.263017084277177e-05 0.00018091074443828226 -6.3726634090297257e-05 1.2885346416344393e-06 8.4344569143635081e-06 -0.00069070878311173383 0.00011627831636961111 4.5601589887868545e-06 -7.7931509546013574e-05 0.0015182356957940909 0.00019998678260966911 0.00022001328740355942 -0.00032788429855536876 0.00014112756659824757 -3.357918358480642e-06 -0.0002827590624493835 1.4426109425952783e-05
leaf_weight=100710 6902 11437 477 43528 66259 101564 9193 67090 18829 494 4430 18198 316 1531 5993 108120 163294 6655 854 22307 167449 1839 158 15529 2204 1536 15688 3009553 2966 556587
leaf_count=100710 6902 11437 477 43528 66259 101564 9193 67090 18829 494 4430 18198 316 1531 5993 108120 163294 6655 854 22307 167449 1839 158 15529 2204 1536 15688 3009553 2966 556587
internal_value=5.42209e-11 -5.64929e-05 -9.33574e-05 4.6529e-07 2.34112e-05 -2.56116e-06 -2.74548e-05 6.85387e-05 -0.00011505 -1.10841e-05 -4.29151e-06 -3.08659e-05 0.000145818 -8.4753e-05 3.74047e-05 -1.289e-06 -2.26397e-05 2.0823e-07 2.80593e-05 1.36326e-05 1.74257e-07 -0.000272439 0.000152322 0.00021336 -5.80563e-05 -1.41426e-06 -1.27811e-06 -1.95613e-07 1.6349e-05 1.28503e-05
internal_weight=4.53169e+06 37014 30112 4.49468e+06 319227 202616 136357 116611 28516 9687 107841 18675 6277 1847 73083 4.17545e+06 273618 3.90183e+06 214791 192449 170142 2693 22342 15687 110324 3.68704e+06 3.6855e+06 3.58479e+06 575241 559553
internal_count=4531690 37014 30112 4494676 319227 202616 136357 116611 28516 9687 107841 18675 6277 1847 73083 4175449 273618 3901831 214791 192449 170142 2693 22342 15687 110324 3687040 3685504 3584794 575241 559553
is_linear=0
shrinkage=0.05


Tree=99
num_leaves=31
num_cat=0
split_feature=26 7 9 17 20 9 7 7 4 1 3 22 1 3 8 1 3 2 9 9 11 3 22 6 7 0 21 22 4 16
split_gain=0.0471576 0.0585344 0.100276 0.0929061 0.0824682 0.108078 0.0804891 0.0635191 0.0634391 0.16204 0.12041 0.125818 0.0936811 0.0965227 0.0997793 0.0921858 0.176817 0.211307 0.16023 0.150417 0.177748 0.196403 0.166028 0.260035 0.15076 0.149951 0.119723 0.119399 0.118432 0.115796
threshold=16.500000000000004 0.051842946559190757 0.052961762994527824 20.275196075439457 0.79504084587097179 -0.0060848039574921122 0.066309504210948958 0.066309504210948958 1.0000000180025095e-35 -0.060094999149441712 0.098868623375892653 0.72706919908523571 0.076780728995800032 -0.2058937922120094 0.046052614226937301 -0.020352172665297982 -0.015553373377770184 0.0034779938869178299 -0.01712719444185495 0.003071357612498105 0.00073300660005770635 -0.086732503026723848 -0.26230446994304651 0.025406857952475551 0.025571625679731372 -0.0097675509750843031 0.14395184069871905 -0.7853085696697234 -0.15346424281597135 0.0020279457094147806
decision_type=2 8 10 2 10 10 10 10 8 10 10 8 10 8 2 10 10 8 10 10 2 10 10 10 10 10 10 10 10 2
left_child=-1 8 3 -3 -5 7 -4 -6 10 -10 11 12 13 14 -2 16 17 19 28 20 21 -15 23 -22 26 -18 -23 -25 -17 -24
right_child=1 2 6 4 5 -7 -8 -9 9 -11 -12 -13 -14 15 -16 18 25 -19 -20 -21 22 24 29 27 -26 -27 -28 -29 -30 -31
leaf_value=0.00015133287474630483 -2.4756718066179279e-05 -1.4334108970914247e-05 9.5978341866097031e-05 -8.3505938951796842e-05 -0.0006726301853906886 -0.00014912326707291245 0.00059949317615981415 -0.0018535504784586302 7.6976754930584655e-05 4.7234714022258241e-06 7.7977356300943328e-05 -6.6102216998087141e-05 8.8727674252959257e-05 1.2186091049079243e-05 0.0001548528272156917 0.00027462126071284987 7.5459788447778891e-05 0.00011879772912070838 -1.1870534529631298e-06 7.3534715251845133e-06 -7.2914910898692182e-05 -6.0051795856569759e-05 0.00013267998612278252 -0.00041194533831226957 -4.1310662163906846e-07 -2.6138573220009609e-05 -0.0001567898918966524 -0.00019503101462788901 5.7876386970921411e-05 -6.5908911193682742e-05
leaf_weight=5141 13092 162568 4142 40249 423 1095 981 156 80914 1892637 43450 84005 27043 148638 18887 7855 81284 22856 1309499 152690 49020 100292 9415 8977 66959 65648 46959 21639 31875 33301
leaf_count=5141 13092 162568 4142 40249 423 1095 981 156 80914 1892637 43450 84005 27043 148638 18887 7855 81284 22856 1309499 152690 49020 100292 9415 8977 66959 65648 46959 21639 31875 33301
internal_value=6.70923e-11 -1.71842e-07 -2.59747e-05 -3.14488e-05 -9.7814e-05 -0.000441577 0.000192494 -0.000993453 1.08106e-06 7.68584e-06 -4.48136e-06 -6.03919e-06 -3.76219e-06 -4.90492e-06 8.13233e-05 -6.1834e-06 -1.95435e-05 -3.05755e-05 1.81425e-06 -3.59278e-05 -4.95482e-05 -3.19746e-05 -0.000101664 -0.000144321 -6.26172e-05 3.00666e-05 -9.09029e-05 -0.000258644 0.000100735 -2.2136e-05
internal_weight=4.53169e+06 4.52655e+06 209614 204491 41923 1674 5123 579 4.31694e+06 1.97355e+06 2.34338e+06 2.29993e+06 2.21593e+06 2.18889e+06 31979 2.15691e+06 807678 660746 1.34923e+06 637890 485200 362848 122352 79636 214210 146932 147251 30616 39730 42716
internal_count=4531690 4526549 209614 204491 41923 1674 5123 579 4316935 1973551 2343384 2299934 2215929 2188886 31979 2156907 807678 660746 1349229 637890 485200 362848 122352 79636 214210 146932 147251 30616 39730 42716
is_linear=0
shrinkage=0.05


end of trees

feature_importances:
mom_3d=307
ret_1d=269
gap_1d=264
amount_shock_20d=215
mom_10d=198
log_amount=179
amount_shock_5d=177
mom_5d=155
mom_20d=127
volatility_5d=113
intraday_ret=113
lower_shadow=100
volatility_20d=94
close_position=93
true_range_1d=86
delta_log_volume=83
delta_log_amount=82
range_1d=72
mom_20d_skip1=56
upper_shadow=53
limit_down=45
body_ratio=37
limit_up=37
log_volume=28
history_available_count_20d=15
body_direction=2

parameters:
[boosting: gbdt]
[objective: regression]
[metric: l2]
[tree_learner: serial]
[device_type: cpu]
[data_sample_strategy: bagging]
[data: ]
[valid: ]
[num_iterations: 400]
[learning_rate: 0.05]
[num_leaves: 31]
[num_threads: 8]
[seed: 42]
[deterministic: 1]
[force_col_wise: 1]
[force_row_wise: 0]
[histogram_pool_size: -1]
[max_depth: -1]
[min_data_in_leaf: 100]
[min_sum_hessian_in_leaf: 0.001]
[bagging_fraction: 1]
[pos_bagging_fraction: 1]
[neg_bagging_fraction: 1]
[bagging_freq: 1]
[bagging_seed: 42]
[bagging_by_query: 0]
[feature_fraction: 1]
[feature_fraction_bynode: 1]
[feature_fraction_seed: 42]
[extra_trees: 0]
[extra_seed: 12879]
[early_stopping_round: 0]
[early_stopping_min_delta: 0]
[first_metric_only: 0]
[max_delta_step: 0]
[lambda_l1: 0]
[lambda_l2: 1]
[linear_lambda: 0]
[min_gain_to_split: 0]
[drop_rate: 0.1]
[max_drop: 50]
[skip_drop: 0.5]
[xgboost_dart_mode: 0]
[uniform_drop: 0]
[drop_seed: 17869]
[top_rate: 0.2]
[other_rate: 0.1]
[min_data_per_group: 100]
[max_cat_threshold: 32]
[cat_l2: 10]
[cat_smooth: 10]
[max_cat_to_onehot: 4]
[top_k: 20]
[monotone_constraints: ]
[monotone_constraints_method: basic]
[monotone_penalty: 0]
[feature_contri: ]
[forcedsplits_filename: ]
[refit_decay_rate: 0.9]
[cegb_tradeoff: 1]
[cegb_penalty_split: 0]
[cegb_penalty_feature_lazy: ]
[cegb_penalty_feature_coupled: ]
[path_smooth: 0]
[interaction_constraints: ]
[verbosity: -1]
[saved_feature_importance_type: 0]
[use_quantized_grad: 0]
[num_grad_quant_bins: 4]
[quant_train_renew_leaf: 0]
[stochastic_rounding: 1]
[linear_tree: 0]
[max_bin: 255]
[max_bin_by_feature: ]
[min_data_in_bin: 3]
[bin_construct_sample_cnt: 200000]
[data_random_seed: 42]
[is_enable_sparse: 1]
[enable_bundle: 1]
[use_missing: 1]
[zero_as_missing: 0]
[feature_pre_filter: 0]
[pre_partition: 0]
[two_round: 0]
[header: 0]
[label_column: ]
[weight_column: ]
[group_column: ]
[ignore_column: ]
[categorical_feature: ]
[forcedbins_filename: ]
[precise_float_parser: 0]
[parser_config_file: ]
[objective_seed: 16083]
[num_class: 1]
[is_unbalance: 0]
[scale_pos_weight: 1]
[sigmoid: 1]
[boost_from_average: 1]
[reg_sqrt: 0]
[alpha: 0.9]
[fair_c: 1]
[poisson_max_delta_step: 0.7]
[tweedie_variance_power: 1.5]
[lambdarank_truncation_level: 30]
[lambdarank_norm: 1]
[label_gain: ]
[lambdarank_position_bias_regularization: 0]
[eval_at: ]
[multi_error_top_k: 1]
[auc_mu_weights: ]
[num_machines: 1]
[local_listen_port: 12400]
[time_out: 120]
[machine_list_filename: ]
[machines: ]
[gpu_platform_id: -1]
[gpu_device_id: -1]
[gpu_device_id_list: ]
[gpu_use_dp: 0]
[num_gpu: 1]

end of parameters

pandas_categorical:null
